{"type":"FeatureCollection","features":[{"type":"Feature","properties":{"name":"Alborz","iso":"IRN"},"geometry":{"type":"MultiPolygon","coordinates":[[[[51.11609,35.73298],[51.15252,35.68614],[51.11609,35.61849],[51.08486,35.5838],[51.02242,35.58553],[50.89579,35.59941],[50.8317,35.5709],[50.78237,35.63892],[50.77233,35.58849],[50.72602,35.56655],[50.69141,35.5451],[50.70085,35.61547],[50.67535,35.67428],[50.61625,35.68162],[50.5695,35.66952],[50.61853,35.61188],[50.61983,35.572],[50.58385,35.59038],[50.51123,35.6469],[50.33361,35.64843],[50.28556,35.66606],[50.23557,35.74353],[50.23402,35.79343],[50.27996,35.84556],[50.38473,35.88041],[50.4553,35.9136],[50.53656,35.94724],[50.56704,36.05731],[50.60054,36.11001],[50.63346,36.16143],[50.59668,36.19988],[50.5023,36.21592],[50.45324,36.26398],[50.40451,36.30208],[50.43819,36.33359],[50.55453,36.3484],[50.68418,36.32373],[50.81261,36.31922],[50.88329,36.30223],[50.98876,36.28662],[51.03613,36.26859],[51.08488,36.22072],[51.14381,36.20316],[51.22545,36.19641],[51.3196,36.17001],[51.35575,36.14133],[51.35899,36.07148],[51.429,36.06371],[51.37975,36.00358],[51.35894,35.96022],[51.38808,35.91338],[51.29649,35.92552],[51.20456,35.95154],[51.08833,35.86481],[51.07446,35.78849],[51.11609,35.73298]]]]}},{"type":"Feature","properties":{"name":"Ardebil","iso":"IRN"},"geometry":{"type":"MultiPolygon","coordinates":[[[[48.50534,38.02509],[48.44833,37.88258],[48.55032,37.67484],[48.70372,37.4819],[48.87595,37.34655],[48.86621,37.22166],[48.76473,37.21672],[48.64579,37.17192],[48.50476,37.23146],[48.14017,37.4966],[47.93454,37.8635],[47.65461,38.27392],[47.20824,38.28216],[47.40154,38.51287],[47.52706,38.63377],[47.54135,38.92563],[47.47887,39.14326],[47.37345,39.44059],[47.64137,39.55538],[47.92903,39.66267],[48.01918,39.67067],[48.07598,39.62325],[48.12493,39.57732],[48.17564,39.52137],[48.26691,39.44474],[48.33465,39.3967],[48.30756,39.35238],[48.19673,39.3151],[48.1315,39.2591],[48.19208,39.17384],[48.298,39.11155],[48.36458,39.03049],[48.30088,38.96853],[48.18826,38.95251],[48.09832,38.94028],[48.05492,38.90395],[48.01194,38.89718],[48.03662,38.82577],[48.10613,38.78043],[48.15928,38.75594],[48.22112,38.73223],[48.25251,38.71259],[48.25377,38.66956],[48.29733,38.63732],[48.3465,38.59404],[48.423,38.60952],[48.46047,38.58432],[48.49346,38.55071],[48.53517,38.50732],[48.58004,38.46402],[48.60741,38.37989],[48.76603,38.28747],[48.54736,38.10197],[48.50534,38.02509]]]]}},{"type":"Feature","properties":{"name":"Bushehr","iso":"IRN"},"geometry":{"type":"MultiPolygon","coordinates":[[[[52.67042,27.4607],[52.67264,27.46014],[52.67403,27.45903],[52.67458,27.4582],[52.67458,27.45681],[52.67403,27.45625],[52.67375,27.45709],[52.6732,27.4582],[52.67264,27.4582],[52.67209,27.45875],[52.67042,27.45958],[52.66986,27.46014],[52.67042,27.4607]]],[[[52.18068,28.18204],[52.62347,27.34903],[52.62403,27.40125],[52.66542,27.45598],[52.57403,27.51181],[52.51403,27.58708],[52.43708,27.64486],[52.26736,27.67875],[52.16514,27.73264],[52.08625,27.80347],[51.94625,27.83542],[51.76097,27.82792],[51.59069,27.85375],[51.48903,27.8993],[51.4307,27.93958],[51.36875,28.01403],[51.31236,28.09236],[51.26069,28.14264],[51.26375,28.25264],[51.20403,28.32514],[51.14325,28.41045],[51.09153,28.53514],[51.06208,28.71708],[51.01875,28.82208],[50.94736,28.84153],[50.89819,28.82097],[50.83042,28.8982],[50.8382,28.99014],[50.90264,28.9407],[50.91958,29.00764],[50.89153,29.09181],[50.81792,29.1357],[50.7668,29.15986],[50.75514,29.13097],[50.66542,29.12486],[50.65125,29.20375],[50.68819,29.27986],[50.68292,29.29542],[50.65736,29.42375],[50.62792,29.46125],[50.59819,29.50792],[50.57319,29.49681],[50.50597,29.56597],[50.43736,29.64458],[50.3568,29.70625],[50.29625,29.77542],[50.24319,29.8507],[50.1743,29.91625],[50.15153,30.01819],[50.10736,30.14181],[50.5899,30.1543],[52.18068,28.18204]]],[[[51.47486,27.82597],[51.4743,27.82292],[51.47292,27.82042],[51.47153,27.81959],[51.47069,27.82014],[51.47014,27.8207],[51.46931,27.8207],[51.46931,27.82125],[51.47069,27.82181],[51.47208,27.8232],[51.47208,27.82403],[51.47236,27.82486],[51.47292,27.82542],[51.47347,27.82597],[51.47403,27.82708],[51.47486,27.82708],[51.47486,27.82597]]],[[[51.56709,27.83736],[51.56597,27.83375],[51.56542,27.8332],[51.56486,27.83264],[51.56486,27.83375],[51.56403,27.83486],[51.56208,27.83431],[51.56125,27.83375],[51.56125,27.83431],[51.56181,27.83486],[51.56292,27.8357],[51.56375,27.8357],[51.56458,27.83653],[51.56597,27.83708],[51.56653,27.83819],[51.56708,27.83819],[51.56709,27.83736]]],[[[51.43014,27.89403],[51.43153,27.89236],[51.43375,27.89125],[51.43514,27.88986],[51.43653,27.88875],[51.43764,27.88764],[51.43903,27.88653],[51.44014,27.88541],[51.44125,27.8843],[51.44264,27.88319],[51.44375,27.88208],[51.44486,27.8807],[51.44597,27.87903],[51.44708,27.87764],[51.44819,27.87625],[51.44931,27.87486],[51.45042,27.8732],[51.45153,27.8718],[51.45264,27.87042],[51.45375,27.86903],[51.45486,27.86764],[51.45597,27.86653],[51.45709,27.86514],[51.4582,27.86403],[51.45931,27.85986],[51.46042,27.85819],[51.46181,27.85625],[51.46069,27.85431],[51.45958,27.85264],[51.45847,27.85097],[51.45736,27.84931],[51.45847,27.84847],[51.45986,27.85042],[51.46014,27.84819],[51.45903,27.84681],[51.45709,27.84569],[51.45403,27.84514],[51.44931,27.84569],[51.44792,27.84847],[51.4468,27.85042],[51.44569,27.85181],[51.44458,27.8532],[51.44347,27.85486],[51.44236,27.85764],[51.44181,27.85986],[51.44042,27.86097],[51.4393,27.86208],[51.43792,27.86319],[51.43681,27.86542],[51.4357,27.8682],[51.43458,27.87097],[51.43347,27.87375],[51.43236,27.87653],[51.43125,27.87958],[51.43014,27.88236],[51.42903,27.8857],[51.42764,27.8882],[51.42653,27.89069],[51.42764,27.89403],[51.42986,27.89431],[51.43014,27.89403]]],[[[51.4118,27.91458],[51.41236,27.91403],[51.41319,27.91347],[51.41375,27.91291],[51.41462,27.91236],[51.41514,27.9118],[51.4157,27.91125],[51.41625,27.91069],[51.41681,27.90958],[51.41736,27.90847],[51.41792,27.90764],[51.41875,27.90708],[51.41958,27.90653],[51.42042,27.90597],[51.42097,27.90542],[51.42153,27.90486],[51.42236,27.90431],[51.42292,27.90375],[51.42347,27.90264],[51.42292,27.90097],[51.42175,27.90038],[51.42042,27.90042],[51.41736,27.90042],[51.41681,27.90097],[51.41625,27.90292],[51.41542,27.90347],[51.41486,27.90403],[51.41431,27.90486],[51.41375,27.90542],[51.41292,27.90597],[51.41236,27.90653],[51.4118,27.90736],[51.41125,27.90847],[51.41069,27.90986],[51.41014,27.9132],[51.40931,27.91375],[51.40847,27.91458],[51.40958,27.91542],[51.41097,27.91486],[51.4118,27.91458]]],[[[51.00153,28.81792],[51.00236,28.81792],[51.00236,28.81736],[51.00319,28.81653],[51.00403,28.81625],[51.00486,28.81681],[51.00542,28.81681],[51.00681,28.81681],[51.00764,28.81681],[51.00819,28.81681],[51.00875,28.81736],[51.0093,28.81764],[51.00875,28.81625],[51.00736,28.81542],[51.00597,28.81458],[51.00458,28.81458],[51.00375,28.81403],[51.00236,28.81403],[51.0018,28.81403],[51.00069,28.81458],[51.00042,28.8157],[50.99986,28.81625],[50.99931,28.81736],[50.99847,28.81736],[50.99903,28.81681],[50.99903,28.81625],[50.99958,28.8157],[50.99903,28.8157],[50.99903,28.81403],[50.99847,28.81542],[50.99792,28.81625],[50.99847,28.81708],[50.99875,28.8182],[50.99931,28.8182],[51.00042,28.81875],[51.00097,28.81875],[51.00097,28.8182],[51.00153,28.81792]]],[[[50.89736,28.94236],[50.89542,28.94292],[50.89431,28.94208],[50.89347,28.94208],[50.8932,28.94208],[50.89375,28.9432],[50.89708,28.94403],[50.89792,28.94292],[50.89736,28.94236]]],[[[50.87819,28.96736],[50.87819,28.96542],[50.87708,28.96486],[50.87625,28.96542],[50.87542,28.96625],[50.87597,28.96764],[50.87847,28.96819],[50.87847,28.96764],[50.87819,28.96736]]],[[[50.88153,28.96709],[50.88097,28.96653],[50.87986,28.96598],[50.87931,28.96542],[50.87931,28.96681],[50.87931,28.96819],[50.88181,28.96875],[50.88181,28.96764],[50.88153,28.96709]]],[[[50.89431,28.96736],[50.89347,28.96653],[50.89236,28.96709],[50.8918,28.96764],[50.8918,28.96847],[50.89403,28.96903],[50.89459,28.96819],[50.89431,28.96736]]],[[[50.89903,28.96875],[50.89847,28.96764],[50.89764,28.96764],[50.89681,28.96903],[50.89625,28.96958],[50.89681,28.97097],[50.89736,28.97097],[50.89792,28.97042],[50.89875,28.97069],[50.89931,28.97125],[50.89931,28.96931],[50.89903,28.96875]]],[[[50.87486,28.97069],[50.87542,28.96958],[50.87431,28.96903],[50.87153,28.96819],[50.87097,28.96736],[50.86875,28.96736],[50.86709,28.96681],[50.86542,28.96736],[50.86486,28.96819],[50.86431,28.96903],[50.86458,28.97125],[50.86514,28.97181],[50.8682,28.97236],[50.87125,28.97181],[50.87264,28.97236],[50.87431,28.97181],[50.87486,28.97069]]],[[[50.87708,28.98264],[50.87653,28.98181],[50.87597,28.98125],[50.87514,28.9807],[50.8732,28.9807],[50.87069,28.98042],[50.86958,28.98125],[50.86903,28.98196],[50.86903,28.98264],[50.86958,28.98319],[50.87014,28.98375],[50.87208,28.98458],[50.87347,28.98514],[50.87625,28.9857],[50.8768,28.9857],[50.87708,28.98264]]],[[[50.84097,29.00014],[50.84042,28.99903],[50.84097,28.99847],[50.84153,28.99792],[50.84208,28.99708],[50.84292,28.99625],[50.84403,28.9957],[50.84458,28.99514],[50.84569,28.99375],[50.84486,28.99431],[50.84431,28.99375],[50.84347,28.99181],[50.84208,28.99125],[50.84014,28.99181],[50.83875,28.99264],[50.8382,28.99431],[50.83764,28.99542],[50.83653,28.99597],[50.83597,28.99681],[50.83514,28.99736],[50.83431,28.99819],[50.83486,28.99875],[50.83569,28.99931],[50.83625,29.00042],[50.83847,29.00097],[50.83931,29.00097],[50.84069,29.00014],[50.84097,29.00014]]],[[[50.76347,29.07458],[50.76486,29.07458],[50.76625,29.07403],[50.76764,29.07348],[50.76847,29.07458],[50.76903,29.07486],[50.77042,29.07431],[50.76847,29.07375],[50.77097,29.07375],[50.77181,29.07431],[50.77236,29.07486],[50.77264,29.07514],[50.77347,29.07625],[50.77375,29.07514],[50.77292,29.07458],[50.77181,29.07403],[50.77097,29.07348],[50.76847,29.07292],[50.76653,29.07236],[50.76431,29.07292],[50.76209,29.07375],[50.76125,29.07431],[50.76014,29.07542],[50.75986,29.0757],[50.75792,29.07625],[50.75681,29.07681],[50.75653,29.07764],[50.75708,29.07819],[50.75736,29.07708],[50.75792,29.07764],[50.75958,29.07764],[50.76042,29.07708],[50.76097,29.07597],[50.76209,29.07514],[50.76292,29.07542],[50.76347,29.07537],[50.76347,29.07486],[50.76347,29.07458]]],[[[50.77708,29.08014],[50.77625,29.07958],[50.77458,29.07958],[50.7757,29.08042],[50.77625,29.08097],[50.77736,29.08153],[50.77764,29.08153],[50.77708,29.08042],[50.77708,29.08014]]],[[[50.76403,29.07708],[50.76347,29.07764],[50.7632,29.07819],[50.7632,29.07764],[50.7632,29.07625],[50.76209,29.07625],[50.76125,29.07681],[50.76069,29.07736],[50.75986,29.07792],[50.7593,29.07819],[50.75792,29.07931],[50.75625,29.07875],[50.75597,29.07875],[50.75514,29.07875],[50.75431,29.07875],[50.75375,29.07875],[50.75319,29.07931],[50.75403,29.07931],[50.75458,29.07958],[50.75903,29.07958],[50.76014,29.07958],[50.76125,29.07958],[50.76209,29.07958],[50.76125,29.08042],[50.76042,29.07986],[50.75958,29.08069],[50.75708,29.07986],[50.75542,29.07986],[50.75458,29.08042],[50.75208,29.08125],[50.75208,29.08236],[50.75125,29.08125],[50.75069,29.08125],[50.75014,29.08181],[50.74958,29.08097],[50.74764,29.08153],[50.74681,29.08208],[50.74625,29.08264],[50.74514,29.08319],[50.74625,29.08431],[50.74681,29.08431],[50.7482,29.08375],[50.74931,29.08292],[50.74903,29.08347],[50.75042,29.08403],[50.75069,29.08403],[50.75125,29.08292],[50.7518,29.08236],[50.7518,29.08292],[50.7518,29.08347],[50.7518,29.08458],[50.75236,29.08514],[50.75292,29.0857],[50.75153,29.08625],[50.75292,29.08681],[50.75514,29.08625],[50.75681,29.0857],[50.75847,29.08486],[50.75986,29.08403],[50.76097,29.08319],[50.76181,29.08264],[50.76375,29.08208],[50.76569,29.08125],[50.76653,29.08069],[50.76736,29.08069],[50.76903,29.07986],[50.7707,29.07931],[50.7707,29.07708],[50.76903,29.07625],[50.76847,29.07708],[50.76792,29.07625],[50.76597,29.07681],[50.76486,29.07681],[50.76542,29.07597],[50.76486,29.0757],[50.76458,29.07625],[50.76403,29.07708]]],[[[50.74181,29.08792],[50.74264,29.08736],[50.74209,29.0857],[50.73931,29.08514],[50.73875,29.08458],[50.73792,29.08458],[50.73653,29.08458],[50.73514,29.08458],[50.73375,29.08458],[50.73292,29.08403],[50.73208,29.08292],[50.73097,29.08292],[50.73014,29.08375],[50.72958,29.08431],[50.73014,29.08625],[50.73069,29.08708],[50.7318,29.08764],[50.73292,29.0882],[50.73847,29.08875],[50.74153,29.0882],[50.74181,29.08792]]],[[[50.76847,29.08958],[50.76764,29.08903],[50.76708,29.09014],[50.76764,29.09236],[50.76875,29.09292],[50.76931,29.09292],[50.76847,29.08958]]],[[[50.77347,29.09653],[50.77486,29.09597],[50.77514,29.09458],[50.77458,29.09403],[50.77319,29.09403],[50.77264,29.09403],[50.77153,29.09458],[50.7707,29.09458],[50.76931,29.09542],[50.76931,29.09625],[50.76986,29.09681],[50.7707,29.09681],[50.77125,29.09736],[50.77181,29.09736],[50.77319,29.09681],[50.77347,29.09653]]],[[[50.74625,29.10153],[50.74681,29.10097],[50.74653,29.10014],[50.74569,29.09931],[50.74653,29.10042],[50.74597,29.10097],[50.74542,29.10125],[50.74486,29.10208],[50.74486,29.1032],[50.74569,29.10264],[50.74625,29.10153]]],[[[50.74792,29.10681],[50.74958,29.10625],[50.75069,29.10569],[50.75069,29.10514],[50.74986,29.10458],[50.74875,29.10403],[50.74792,29.10347],[50.74736,29.10347],[50.74625,29.10264],[50.74569,29.1032],[50.74486,29.10403],[50.74458,29.10458],[50.74264,29.10486],[50.74014,29.10431],[50.7407,29.10653],[50.74153,29.10819],[50.74292,29.10819],[50.74514,29.10819],[50.74625,29.10819],[50.74708,29.10764],[50.74764,29.10653],[50.74792,29.10681]]],[[[50.74597,29.10875],[50.74514,29.10986],[50.74403,29.11042],[50.7432,29.11097],[50.74375,29.1118],[50.74486,29.1118],[50.74569,29.11125],[50.74625,29.11042],[50.74708,29.10986],[50.7482,29.10903],[50.75097,29.10819],[50.75153,29.10764],[50.75236,29.10764],[50.75292,29.10708],[50.75514,29.10819],[50.75625,29.10764],[50.75514,29.10653],[50.75347,29.10597],[50.75153,29.10653],[50.74986,29.10708],[50.7482,29.10792],[50.74764,29.10708],[50.74708,29.10764],[50.74625,29.10847],[50.74597,29.10875]]],[[[50.7557,29.11125],[50.75403,29.1107],[50.75347,29.11153],[50.75375,29.11236],[50.75458,29.1132],[50.75597,29.11319],[50.75625,29.11153],[50.7557,29.11125]]],[[[50.75681,29.11708],[50.75486,29.1168],[50.75625,29.11625],[50.75625,29.11486],[50.7557,29.11431],[50.75458,29.11375],[50.75403,29.11459],[50.75347,29.11431],[50.75208,29.11486],[50.75375,29.11486],[50.75292,29.11542],[50.75292,29.11653],[50.75375,29.11708],[50.75431,29.11764],[50.75486,29.11764],[50.75625,29.1182],[50.75681,29.11792],[50.75681,29.11708]]],[[[50.73125,29.06847],[50.7332,29.0682],[50.73459,29.0682],[50.73764,29.0682],[50.73792,29.0682],[50.73736,29.06597],[50.7357,29.06597],[50.73403,29.06597],[50.73292,29.06653],[50.73153,29.06653],[50.73153,29.06681],[50.73041,29.06736],[50.72903,29.06847],[50.72986,29.06903],[50.73125,29.06847]]],[[[50.72236,29.07903],[50.72292,29.07847],[50.72319,29.07764],[50.72319,29.07708],[50.72319,29.07625],[50.72264,29.07431],[50.72347,29.07375],[50.72403,29.07348],[50.72458,29.07236],[50.72514,29.07125],[50.72625,29.07014],[50.72681,29.06931],[50.72569,29.06875],[50.72486,29.06931],[50.72375,29.07014],[50.72319,29.07069],[50.72375,29.07125],[50.72319,29.07236],[50.72208,29.07292],[50.72208,29.07264],[50.72125,29.07181],[50.72042,29.07264],[50.71986,29.07375],[50.71875,29.07458],[50.71875,29.07542],[50.71875,29.07597],[50.71819,29.07625],[50.71708,29.07597],[50.71847,29.07792],[50.71931,29.07736],[50.72042,29.07625],[50.72181,29.07681],[50.7207,29.07792],[50.72097,29.07875],[50.72181,29.07986],[50.72208,29.07931],[50.72236,29.07903]]],[[[50.72097,29.07986],[50.72042,29.07875],[50.71958,29.07792],[50.71875,29.07847],[50.71875,29.07958],[50.71875,29.08097],[50.72042,29.08097],[50.7207,29.08097],[50.72125,29.08014],[50.72097,29.07986]]],[[[50.28486,29.23264],[50.28542,29.23208],[50.28597,29.23042],[50.28653,29.22958],[50.28708,29.22847],[50.28764,29.22792],[50.28847,29.22736],[50.28903,29.22514],[50.28847,29.22403],[50.28708,29.22431],[50.28597,29.22514],[50.28542,29.22625],[50.28486,29.22819],[50.28403,29.22958],[50.2832,29.23014],[50.28264,29.23181],[50.28264,29.23375],[50.28431,29.23375],[50.28486,29.23264]]],[[[50.87847,28.99653],[50.87931,28.99542],[50.88042,28.99486],[50.88097,28.99486],[50.88236,28.99514],[50.8843,28.99375],[50.88403,28.99208],[50.88292,28.99181],[50.88181,28.99125],[50.88097,28.99069],[50.87986,28.99014],[50.87875,28.98958],[50.87764,28.98903],[50.87653,28.98847],[50.87569,28.98792],[50.87431,28.98736],[50.87236,28.98681],[50.86986,28.98625],[50.86847,28.9857],[50.86709,28.98514],[50.86653,28.98375],[50.86542,28.98319],[50.86486,28.98236],[50.86347,28.98236],[50.86264,28.98181],[50.86181,28.98125],[50.86125,28.9807],[50.86042,28.98014],[50.85959,28.9807],[50.85708,28.9807],[50.85708,28.98153],[50.85653,28.98236],[50.85653,28.98486],[50.85708,28.98903],[50.85764,28.99153],[50.8582,28.99292],[50.85875,28.99403],[50.85986,28.99542],[50.86042,28.99597],[50.86181,28.99597],[50.86347,28.99597],[50.86764,28.99597],[50.86986,28.99653],[50.87597,28.99653],[50.87764,28.99653],[50.87847,28.99653]]],[[[50.91042,28.99403],[50.91042,28.99264],[50.91042,28.99181],[50.90986,28.99097],[50.91042,28.99014],[50.90986,28.98847],[50.90931,28.98736],[50.90875,28.98903],[50.90792,28.98986],[50.90736,28.99097],[50.90736,28.99264],[50.90792,28.99403],[50.90875,28.99458],[50.90931,28.99514],[50.91014,28.9957],[50.91069,28.99486],[50.91042,28.99403]]],[[[50.88125,28.99819],[50.88264,28.99764],[50.88264,28.99708],[50.8807,28.99764],[50.87958,28.99819],[50.87958,28.99903],[50.8807,28.99847],[50.88125,28.99819]]],[[[50.8732,29.07375],[50.87569,29.07264],[50.88042,29.07154],[50.88319,29.07042],[50.88514,29.06958],[50.88625,29.06847],[50.88764,29.06736],[50.88903,29.06625],[50.88847,29.06403],[50.8882,29.05986],[50.88764,29.05403],[50.88653,29.05236],[50.88709,29.04653],[50.8882,29.04458],[50.8893,29.04292],[50.89042,29.04042],[50.89042,29.03042],[50.89153,29.02764],[50.89264,29.02569],[50.89375,29.02403],[50.89486,29.02181],[50.89597,29.02014],[50.89708,29.01681],[50.89347,29.01542],[50.89208,29.01292],[50.89097,29.01097],[50.8893,29.00958],[50.8882,29.00625],[50.88681,29.00514],[50.88486,29.00403],[50.8843,29.00125],[50.88125,29.00097],[50.87736,29.00208],[50.87514,29.0032],[50.87264,29.00403],[50.87069,29.00514],[50.86875,29.00625],[50.86764,29.00903],[50.86709,29.01264],[50.86597,29.01625],[50.86709,29.02208],[50.8682,29.03125],[50.86958,29.03292],[50.87069,29.03403],[50.87069,29.03931],[50.86958,29.05069],[50.86847,29.05958],[50.86736,29.06181],[50.86597,29.06319],[50.86542,29.06486],[50.86653,29.06875],[50.86792,29.07153],[50.86986,29.07292],[50.87208,29.07458],[50.8732,29.07375]]],[[[50.79458,29.15403],[50.79375,29.15348],[50.79292,29.15181],[50.79292,29.15208],[50.79347,29.15459],[50.79403,29.15653],[50.79458,29.15514],[50.79458,29.15403]]],[[[50.29542,29.27403],[50.29875,29.27347],[50.30403,29.27153],[50.30736,29.26931],[50.31153,29.26708],[50.32125,29.26569],[50.32431,29.26569],[50.3293,29.26403],[50.33403,29.26181],[50.33625,29.25986],[50.33403,29.25542],[50.33181,29.25181],[50.33125,29.24764],[50.32764,29.24486],[50.32653,29.23903],[50.32903,29.23514],[50.33181,29.23403],[50.33458,29.23125],[50.33792,29.23375],[50.33792,29.23847],[50.34042,29.23208],[50.33958,29.22347],[50.33233,29.23042],[50.32847,29.22708],[50.32903,29.22069],[50.33375,29.22181],[50.33264,29.21875],[50.33708,29.21597],[50.33597,29.21236],[50.33236,29.21236],[50.32819,29.21458],[50.32459,29.21153],[50.31681,29.20792],[50.31097,29.20792],[50.30819,29.21264],[50.30431,29.21569],[50.30236,29.22014],[50.30236,29.22542],[50.29903,29.22653],[50.29736,29.2257],[50.29986,29.22931],[50.29903,29.23348],[50.29709,29.23847],[50.2943,29.24625],[50.29486,29.25014],[50.29292,29.25736],[50.28986,29.26125],[50.28569,29.26431],[50.2832,29.26792],[50.28597,29.27236],[50.29153,29.27403],[50.29542,29.27403]]],[[[50.67903,29.25375],[50.67847,29.2532],[50.67764,29.25264],[50.67625,29.25208],[50.67569,29.25264],[50.67514,29.25375],[50.67597,29.25458],[50.67708,29.25542],[50.6782,29.25514],[50.67903,29.25375]]],[[[50.32764,29.26625],[50.32597,29.26625],[50.32597,29.26708],[50.32597,29.26764],[50.32875,29.26764],[50.32764,29.26625]]],[[[50.67931,29.29625],[50.67486,29.29542],[50.67569,29.29625],[50.67653,29.29681],[50.67708,29.29736],[50.67792,29.29792],[50.67903,29.29847],[50.67959,29.29736],[50.67931,29.29625]]],[[[50.35625,29.34125],[50.3568,29.33986],[50.35764,29.33708],[50.35764,29.33653],[50.35708,29.3357],[50.35653,29.33514],[50.35597,29.33403],[50.35542,29.33292],[50.35458,29.33208],[50.35403,29.33125],[50.35319,29.33069],[50.35264,29.32958],[50.35209,29.32903],[50.35153,29.32764],[50.35097,29.3268],[50.35042,29.32486],[50.3493,29.32292],[50.34875,29.32181],[50.34819,29.31986],[50.34764,29.31764],[50.34708,29.3157],[50.34653,29.31486],[50.34597,29.31431],[50.34542,29.31319],[50.34486,29.31153],[50.34431,29.31097],[50.34375,29.30986],[50.34319,29.30875],[50.34264,29.30681],[50.34208,29.30514],[50.34153,29.30431],[50.34097,29.3032],[50.34042,29.30209],[50.33986,29.30153],[50.33903,29.30069],[50.33847,29.30014],[50.33736,29.29958],[50.33486,29.29903],[50.33403,29.30014],[50.33403,29.30069],[50.33375,29.3032],[50.33431,29.30514],[50.33486,29.3057],[50.33542,29.30653],[50.33597,29.30708],[50.33653,29.30875],[50.33708,29.3093],[50.33764,29.31014],[50.33736,29.31097],[50.33792,29.31181],[50.33958,29.31486],[50.34014,29.31542],[50.34069,29.31597],[50.34125,29.31764],[50.34125,29.31903],[50.34181,29.31986],[50.34236,29.32069],[50.34319,29.32153],[50.34403,29.32347],[50.34486,29.32653],[50.34542,29.32708],[50.34597,29.3282],[50.34653,29.32958],[50.34597,29.33069],[50.34597,29.3332],[50.34653,29.33458],[50.34708,29.33542],[50.34764,29.33625],[50.34819,29.33764],[50.34875,29.33819],[50.34986,29.33875],[50.35042,29.33931],[50.35097,29.33986],[50.35153,29.34041],[50.35292,29.34125],[50.35403,29.34181],[50.35514,29.34181],[50.35597,29.34125],[50.35625,29.34125]]],[[[50.61292,29.46569],[50.61347,29.46486],[50.61347,29.46403],[50.61292,29.46347],[50.61236,29.46403],[50.61153,29.46486],[50.61153,29.46542],[50.61097,29.46597],[50.61208,29.46653],[50.61264,29.46597],[50.61292,29.46569]]],[[[50.60458,29.49486],[50.60403,29.49431],[50.60264,29.49431],[50.60264,29.49514],[50.6032,29.4957],[50.60542,29.4957],[50.60458,29.49486]]]]}},{"type":"Feature","properties":{"name":"Chahar Mahall and Bakhtiari","iso":"IRN"},"geometry":{"type":"MultiPolygon","coordinates":[[[[51.14743,32.18388],[51.20707,32.1456],[51.26613,32.11705],[51.30327,32.06857],[51.32105,31.95115],[51.30114,31.892],[51.23389,31.86165],[51.22441,31.82224],[51.27164,31.79339],[51.30739,31.76435],[51.25161,31.73416],[51.21825,31.71408],[51.21194,31.60586],[51.22742,31.51753],[51.2647,31.44909],[51.31495,31.34136],[51.33195,31.20367],[51.27637,31.17356],[51.20865,31.16297],[51.16481,31.12309],[51.1092,31.0929],[51.04028,31.11172],[50.99523,31.10128],[50.90305,31.12947],[50.8327,31.17754],[50.74905,31.26457],[50.66603,31.33173],[50.61802,31.37983],[50.56049,31.38832],[50.49199,31.38661],[50.37568,31.42274],[50.28103,31.47886],[50.27893,31.51809],[50.29973,31.55799],[50.35482,31.59883],[50.3635,31.64807],[50.32687,31.6862],[50.30045,31.74415],[50.24131,31.77169],[50.19168,31.82879],[50.15401,31.87643],[50.10334,31.94312],[50.08559,32.03038],[50.05902,32.0783],[49.99989,32.09573],[49.95152,32.12328],[49.89725,32.22876],[49.79552,32.34221],[49.76774,32.39986],[49.73612,32.50639],[49.8157,32.53895],[49.90573,32.59144],[49.96349,32.60341],[50.04586,32.59661],[50.09124,32.61784],[50.16239,32.60067],[50.2365,32.53447],[50.29456,32.53632],[50.36357,32.54826],[50.42214,32.5402],[50.5004,32.59153],[50.55724,32.61277],[50.66153,32.61555],[50.73103,32.61729],[50.77532,32.65772],[50.82116,32.66864],[50.86947,32.63038],[50.86143,32.56134],[50.9082,32.55252],[50.9213,32.5233],[50.93494,32.48427],[50.96066,32.43567],[50.91775,32.37592],[50.93202,32.32716],[51.07461,32.25131],[51.13539,32.19349],[51.14743,32.18388]]]]}},{"type":"Feature","properties":{"name":"East Azarbaijan","iso":"IRN"},"geometry":{"type":"MultiPolygon","coordinates":[[[[46.38165,36.97453],[46.33083,36.89619],[46.21234,36.91539],[46.08799,36.97153],[45.99935,37.04922],[45.92529,37.11877],[45.78965,37.09933],[45.67299,37.13755],[45.51281,37.2206],[45.35135,37.31427],[45.35214,37.49308],[45.28938,37.59358],[45.2203,37.73278],[45.1998,38.07079],[45.1142,38.20734],[45.08967,38.28022],[45.21567,38.44279],[45.3629,38.62629],[45.33143,38.76543],[45.35955,38.87873],[45.4694,38.96424],[45.5687,38.96656],[45.61716,38.93843],[45.72015,38.92643],[45.85664,38.8975],[45.92099,38.86977],[46.01271,38.84658],[46.05679,38.8807],[46.13767,38.83451],[46.25092,38.86579],[46.31973,38.89276],[46.42587,38.87765],[46.51213,38.88424],[46.62703,38.93727],[46.72251,39.00799],[46.81772,39.10167],[46.92473,39.15631],[47.02148,39.16724],[47.11808,39.28297],[47.27655,39.35503],[47.42612,39.3521],[47.49612,39.11452],[47.52538,38.96289],[47.5911,38.76277],[47.57868,38.61676],[47.47127,38.54486],[47.25,38.37374],[47.24666,38.24282],[47.47647,38.23221],[47.75789,38.03125],[47.97387,37.84524],[48.02186,37.51777],[48.31298,37.28703],[48.366,37.16653],[48.22082,37.18642],[48.00495,37.18252],[47.81477,37.17965],[47.6875,37.18061],[47.53316,37.13234],[47.39907,37.04797],[47.3282,36.9584],[47.19328,36.85383],[47.15506,36.76426],[46.97054,36.72363],[46.8144,36.75201],[46.83507,36.86766],[46.78194,36.94801],[46.74472,37.01066],[46.63259,37.06788],[46.51372,37.02169],[46.40373,36.99484],[46.38165,36.97453]]]]}},{"type":"Feature","properties":{"name":"Esfahan","iso":"IRN"},"geometry":{"type":"MultiPolygon","coordinates":[[[[51.22968,31.71423],[51.25972,31.80306],[51.3121,31.90196],[51.25411,32.12668],[51.07461,32.25131],[50.96066,32.43567],[50.9082,32.55252],[50.82116,32.66864],[50.66153,32.61555],[50.42214,32.5402],[50.2365,32.53447],[50.04586,32.59661],[49.8157,32.53895],[49.79836,32.61673],[49.5348,32.67471],[49.45107,32.83826],[49.60131,32.90365],[49.61569,33.05189],[49.80155,33.12809],[49.90347,33.23029],[49.95665,33.41873],[50.05888,33.55945],[50.39845,33.66849],[50.65586,33.72499],[50.8769,33.80914],[50.94344,33.94749],[51.03302,34.10585],[51.01536,34.35316],[51.29572,34.47121],[51.75454,34.51123],[52.11096,34.44734],[52.5744,34.41517],[52.88442,34.3298],[53.37036,34.31673],[53.96162,34.34351],[54.42313,34.35747],[54.96898,34.37076],[55.3628,34.36178],[55.38728,34.06482],[55.34209,33.56307],[55.04529,33.41425],[54.93585,33.16261],[54.6591,32.90012],[54.15968,32.78654],[53.67537,32.61271],[53.25429,32.66935],[52.95516,32.53798],[52.89318,32.31995],[52.85958,31.98398],[52.83365,31.69648],[52.57512,31.5171],[52.29963,31.54555],[52.16867,31.69302],[52.05457,31.68241],[51.91994,31.61244],[51.76349,31.52258],[51.6502,31.502],[51.8834,31.36557],[51.8341,31.13842],[51.72821,30.89121],[51.65248,30.77232],[51.42167,30.91867],[51.32138,31.18387],[51.22787,31.50769],[51.22968,31.71423]]]]}},{"type":"Feature","properties":{"name":"Fars","iso":"IRN"},"geometry":{"type":"MultiPolygon","coordinates":[[[[52.9134,27.41733],[52.6247,27.61711],[52.51284,27.75801],[52.37219,28.03229],[52.28129,28.13647],[52.19086,28.21617],[52.04831,28.5645],[51.88142,28.93234],[51.52641,29.4308],[51.26121,29.60727],[51.16239,29.80371],[50.82816,29.85123],[50.70024,29.95811],[50.60147,30.14487],[50.83843,30.16725],[51.06405,30.24009],[51.17368,30.45119],[51.14714,30.61954],[51.28308,30.63111],[51.51212,30.52443],[51.64117,30.77225],[51.72703,30.93068],[51.85299,31.25688],[51.67417,31.47262],[51.80875,31.53276],[52.01029,31.64264],[52.16796,31.71276],[52.35745,31.52605],[52.87076,31.5975],[53.33447,31.37046],[53.60345,30.84448],[53.88916,30.408],[54.05824,30.00203],[54.43011,29.78341],[54.57301,29.46708],[54.92285,29.39622],[55.08545,29.00047],[55.14828,28.743],[55.43692,28.47333],[55.40697,28.05421],[55.55413,27.85883],[55.49926,27.79878],[55.26022,27.74011],[55.09311,27.51524],[54.82956,27.50912],[54.58549,27.51091],[54.40821,27.50242],[53.99383,27.39204],[53.97001,27.18385],[53.58225,27.18525],[53.3491,27.22488],[53.04374,27.27232],[52.9134,27.41733]]]]}},{"type":"Feature","properties":{"name":"Gilan","iso":"IRN"},"geometry":{"type":"MultiPolygon","coordinates":[[[[50.01936,36.64008],[49.91353,36.596],[49.85518,36.56363],[49.78313,36.56128],[49.69782,36.57889],[49.64849,36.59769],[49.57613,36.59546],[49.52725,36.60427],[49.45296,36.63307],[49.38861,36.69304],[49.33591,36.75341],[49.32086,36.79421],[49.25811,36.8134],[49.2313,36.84385],[49.22755,36.89573],[49.18257,36.99876],[49.08712,37.08929],[48.97855,37.15695],[48.93639,37.18537],[48.86621,37.22166],[48.85552,37.26908],[48.85936,37.30746],[48.87595,37.34655],[48.82681,37.39199],[48.75247,37.43623],[48.70372,37.4819],[48.66747,37.52803],[48.61685,37.5839],[48.55032,37.67484],[48.51369,37.75839],[48.49195,37.83209],[48.44833,37.88258],[48.45102,37.93561],[48.49735,37.97707],[48.50534,38.02509],[48.52794,38.07309],[48.56507,38.12132],[48.65148,38.2087],[48.73853,38.26773],[48.76615,38.29706],[48.68633,38.31451],[48.67327,38.3526],[48.59424,38.38918],[48.61136,38.41172],[48.63203,38.40241],[48.66087,38.39771],[48.69692,38.40018],[48.74209,38.41018],[48.78197,38.44135],[48.83885,38.44549],[48.86903,38.37024],[48.86454,38.29585],[48.87527,38.2448],[48.88404,38.19163],[48.89919,38.15789],[48.90626,38.05102],[48.92589,37.99356],[48.93728,37.93861],[48.9603,37.85532],[48.98143,37.82769],[48.99793,37.75316],[49.07481,37.65321],[49.20395,37.5671],[49.32367,37.51506],[49.42825,37.48732],[49.45638,37.48088],[49.50731,37.47152],[49.69414,37.45436],[49.78175,37.44636],[49.87228,37.44569],[49.90594,37.46242],[49.9599,37.45545],[49.95691,37.44026],[49.93557,37.44305],[50.0,37.41572],[50.10159,37.39946],[50.18465,37.38949],[50.21328,37.37229],[50.22697,37.30629],[50.24739,37.25593],[50.27602,37.21377],[50.2816,37.1868],[50.33561,37.12349],[50.40191,37.0815],[50.48304,37.02308],[50.57565,36.98585],[50.55359,36.93225],[50.49555,36.90967],[50.43785,36.87706],[50.42787,36.82603],[50.39708,36.71404],[50.32814,36.67118],[50.2809,36.66946],[50.20887,36.68713],[50.13254,36.67436],[50.09028,36.66275],[50.05482,36.6514],[50.01936,36.64008]]]]}},{"type":"Feature","properties":{"name":"Golestan","iso":"IRN"},"geometry":{"type":"MultiPolygon","coordinates":[[[[53.74197,36.80078],[53.88324,36.78506],[53.98072,36.80167],[54.04218,36.88911],[53.99696,36.97597],[53.98843,37.06676],[53.92417,37.25692],[53.97123,37.33546],[54.14379,37.31792],[54.25486,37.31849],[54.28583,37.34292],[54.33452,37.34149],[54.37516,37.34975],[54.39452,37.35641],[54.41926,37.37039],[54.43483,37.37795],[54.44904,37.38939],[54.46735,37.39779],[54.51156,37.43112],[54.57668,37.45509],[54.61611,37.44446],[54.70461,37.46274],[54.74191,37.48106],[54.76641,37.49584],[54.79779,37.52306],[54.81203,37.57951],[54.78909,37.62068],[54.79982,37.67709],[54.82099,37.70447],[54.83681,37.73263],[54.85671,37.76054],[54.89203,37.76575],[55.02793,37.86311],[55.17353,37.95765],[55.26546,37.98211],[55.31268,38.00586],[55.36131,38.02351],[55.40001,38.03835],[55.44691,38.06123],[55.47419,38.08433],[55.50869,38.07471],[55.55174,38.08759],[55.60155,38.09412],[55.67128,38.09723],[55.72718,38.1029],[55.77614,38.10915],[55.82996,38.10497],[55.89111,38.07928],[55.94489,38.08238],[55.96602,38.07364],[55.99531,38.06583],[56.04379,38.06695],[56.11175,38.07673],[56.16652,38.08312],[56.17086,37.94418],[56.16968,37.83977],[56.18608,37.73124],[56.30808,37.66814],[56.16582,37.55012],[56.05406,37.51207],[55.94262,37.45385],[55.89315,37.37413],[55.74715,37.25568],[55.60636,37.06611],[55.55037,36.91658],[55.53635,36.80725],[55.4285,36.7492],[55.02251,36.78403],[54.7181,36.64598],[54.55454,36.51656],[54.41059,36.46643],[54.19732,36.49521],[54.06411,36.56361],[53.79768,36.68903],[53.74197,36.80078]]]]}},{"type":"Feature","properties":{"name":"Hamadan","iso":"IRN"},"geometry":{"type":"MultiPolygon","coordinates":[[[[48.52959,34.05629],[48.45707,34.03409],[48.32161,34.04821],[48.14783,34.0905],[47.9842,34.17222],[47.8201,34.26432],[47.71757,34.37067],[47.80247,34.43393],[47.96445,34.39898],[47.98726,34.49042],[47.96007,34.61088],[47.8619,34.56728],[47.78819,34.52441],[47.73692,34.60382],[47.62399,34.64079],[47.58477,34.72071],[47.7585,34.74631],[47.75598,34.83731],[47.85278,34.9109],[47.88748,34.98263],[47.98571,34.99554],[48.02262,34.99661],[48.09777,34.95844],[48.16456,35.14202],[48.02515,35.2492],[47.87862,35.49828],[47.79882,35.6177],[47.88241,35.6708],[47.94893,35.57113],[48.10657,35.61593],[48.07753,35.70663],[48.01249,35.77608],[48.25221,35.65037],[48.36475,35.60281],[48.46114,35.63602],[48.70875,35.55203],[48.80422,35.59535],[48.83772,35.66727],[49.02133,35.63275],[49.0859,35.53427],[49.01485,35.49131],[49.24549,35.48006],[49.36739,35.45478],[49.42958,35.40715],[49.44614,35.28762],[49.37307,35.30457],[49.33499,35.35312],[49.33957,35.23305],[49.39196,35.12523],[49.30912,35.08165],[49.24997,35.04911],[49.38443,35.005],[49.51978,34.93137],[49.56019,34.81382],[49.52767,34.71277],[49.44174,34.75837],[49.41444,34.84675],[49.39983,34.91588],[49.20662,34.91728],[49.11006,34.91312],[49.13861,34.79443],[49.08103,34.71203],[49.10884,34.60349],[49.01117,34.62912],[48.88978,34.63391],[48.91555,34.58504],[48.98968,34.53833],[48.99379,34.36896],[49.07069,34.22463],[49.0885,34.08102],[48.98236,34.00889],[48.84818,34.02195],[48.71084,34.10241],[48.565,34.08663],[48.52959,34.05629]]]]}},{"type":"Feature","properties":{"name":"Hormozgan","iso":"IRN"},"geometry":{"type":"MultiPolygon","coordinates":[[[[55.04125,25.8982],[55.04375,25.89653],[55.0493,25.88875],[55.05042,25.88681],[55.05042,25.88431],[55.05042,25.88069],[55.05153,25.8793],[55.05208,25.87625],[55.0532,25.87208],[55.05403,25.87042],[55.05458,25.86847],[55.05514,25.86569],[55.05653,25.86347],[55.05792,25.86236],[55.0568,25.86069],[55.05569,25.85875],[55.05208,25.85764],[55.05069,25.85875],[55.04633,25.85875],[55.04486,25.85903],[55.04097,25.85986],[55.03736,25.85875],[55.03625,25.85764],[55.03569,25.85542],[55.03458,25.8543],[55.03208,25.85514],[55.02958,25.85903],[55.02708,25.86014],[55.0257,25.85875],[55.02486,25.85986],[55.02625,25.8618],[55.02542,25.86319],[55.0218,25.86375],[55.01986,25.8618],[55.01708,25.8618],[55.01597,25.86431],[55.0168,25.86875],[55.01486,25.87319],[55.01292,25.87431],[55.01181,25.87181],[55.01069,25.86931],[55.00958,25.87042],[55.00958,25.87681],[55.01069,25.87903],[55.01181,25.88125],[55.01292,25.88264],[55.01569,25.88236],[55.01792,25.88236],[55.01931,25.88403],[55.02042,25.88569],[55.0218,25.88681],[55.02458,25.88875],[55.02486,25.88986],[55.02819,25.89236],[55.03236,25.89375],[55.0332,25.89708],[55.03542,25.89653],[55.03792,25.8982],[55.03986,25.89903],[55.04125,25.8982]]],[[[54.54625,25.92903],[54.54736,25.92792],[54.54847,25.92653],[54.54903,25.92514],[54.55014,25.92291],[54.55125,25.91764],[54.55236,25.91625],[54.55347,25.91514],[54.55458,25.91264],[54.55403,25.90847],[54.55292,25.90431],[54.55125,25.90292],[54.55236,25.90153],[54.55347,25.89931],[54.55458,25.89764],[54.55569,25.8957],[54.55708,25.89458],[54.55931,25.89347],[54.56097,25.89236],[54.55764,25.89181],[54.55458,25.89292],[54.54403,25.89347],[54.53986,25.89458],[54.53653,25.89514],[54.53542,25.89653],[54.5293,25.89764],[54.52819,25.89875],[54.52681,25.89986],[54.51542,25.89986],[54.49847,25.89986],[54.49541,25.90319],[54.49597,25.90736],[54.49708,25.90959],[54.4982,25.91125],[54.49931,25.91403],[54.50042,25.91514],[54.50153,25.91653],[54.50431,25.91819],[54.50653,25.91792],[54.51125,25.91903],[54.51431,25.92014],[54.51653,25.92125],[54.5182,25.92236],[54.51931,25.92331],[54.52042,25.92458],[54.52542,25.9257],[54.52653,25.92708],[54.52958,25.92819],[54.53069,25.92708],[54.53431,25.92653],[54.53847,25.93014],[54.54292,25.92958],[54.54597,25.92958],[54.54625,25.92903]]],[[[55.1418,26.24825],[55.14264,26.24758],[55.1432,26.24713],[55.14486,26.24708],[55.14569,26.24764],[55.14625,26.24764],[55.14708,26.24708],[55.14875,26.24653],[55.14931,26.2457],[55.14986,26.24514],[55.1507,26.24458],[55.1507,26.24403],[55.15125,26.24403],[55.15181,26.24486],[55.15264,26.24458],[55.15208,26.24347],[55.15292,26.24291],[55.15486,26.24236],[55.15569,26.24097],[55.15514,26.24014],[55.15514,26.23958],[55.15458,26.23875],[55.15403,26.23736],[55.15347,26.23625],[55.15208,26.23569],[55.15042,26.23514],[55.14708,26.23458],[55.14653,26.23403],[55.14431,26.23431],[55.14375,26.23514],[55.1432,26.2368],[55.14264,26.23847],[55.1418,26.23903],[55.14125,26.23986],[55.14069,26.24125],[55.14069,26.2418],[55.13986,26.24264],[55.14042,26.24514],[55.13903,26.2457],[55.13764,26.24653],[55.1382,26.24708],[55.13875,26.24847],[55.13958,26.24903],[55.14042,26.24903],[55.1418,26.24875],[55.1418,26.24825]]],[[[55.31569,26.28236],[55.31653,26.2818],[55.31736,26.28069],[55.31792,26.28014],[55.31847,26.27931],[55.31986,26.27819],[55.32042,26.27681],[55.32097,26.27569],[55.32153,26.27431],[55.32236,26.27292],[55.32236,26.27153],[55.32236,26.27014],[55.32347,26.26958],[55.32347,26.26764],[55.32319,26.26569],[55.32458,26.26569],[55.32542,26.26625],[55.32597,26.26653],[55.32708,26.26597],[55.3257,26.26431],[55.32458,26.26375],[55.32375,26.26292],[55.32292,26.26125],[55.32236,26.25986],[55.32292,26.25875],[55.32292,26.25819],[55.32236,26.25764],[55.32236,26.25625],[55.32292,26.25542],[55.32375,26.2543],[55.32264,26.25347],[55.32264,26.25208],[55.32319,26.24986],[55.32319,26.24847],[55.32208,26.24708],[55.31986,26.24764],[55.31625,26.24708],[55.31514,26.24764],[55.31208,26.24792],[55.29875,26.24792],[55.29681,26.24736],[55.29458,26.24819],[55.29375,26.24931],[55.29319,26.24986],[55.29236,26.25042],[55.29208,26.25181],[55.29153,26.25347],[55.28986,26.25403],[55.28875,26.2543],[55.28847,26.25542],[55.28792,26.25653],[55.28597,26.25681],[55.28569,26.25875],[55.28486,26.26153],[55.28542,26.26292],[55.28597,26.26375],[55.28653,26.26458],[55.28708,26.26542],[55.28764,26.26819],[55.28819,26.26875],[55.28819,26.2707],[55.28903,26.27125],[55.29042,26.27125],[55.2907,26.27208],[55.29181,26.27431],[55.29319,26.27514],[55.29375,26.27569],[55.29514,26.27569],[55.29819,26.27625],[55.30069,26.27681],[55.30208,26.27736],[55.30264,26.27847],[55.3032,26.27931],[55.30431,26.27986],[55.30514,26.28042],[55.30569,26.28125],[55.30625,26.2818],[55.30708,26.28236],[55.30792,26.28236],[55.31264,26.28264],[55.31347,26.28319],[55.31486,26.28319],[55.31569,26.28236]]],[[[54.51922,26.31653],[54.52264,26.31542],[54.52486,26.31431],[54.52875,26.31292],[54.53014,26.31125],[54.53125,26.30903],[54.53347,26.30653],[54.53458,26.30458],[54.53569,26.29986],[54.53736,26.2982],[54.53875,26.29375],[54.53986,26.28875],[54.53986,26.28459],[54.53903,26.28042],[54.53903,26.27653],[54.53792,26.27486],[54.5368,26.27236],[54.53569,26.26875],[54.53458,26.26681],[54.53347,26.26514],[54.53236,26.26375],[54.53125,26.26042],[54.52958,26.25847],[54.52847,26.25653],[54.52736,26.25542],[54.52625,26.2543],[54.52291,26.25375],[54.52153,26.25236],[54.51931,26.25236],[54.51569,26.25125],[54.51375,26.25264],[54.51069,26.25208],[54.5093,26.25264],[54.50736,26.25458],[54.50625,26.25653],[54.50625,26.26097],[54.50514,26.26403],[54.50403,26.26542],[54.50347,26.26764],[54.50014,26.2693],[54.49903,26.2707],[54.49792,26.27236],[54.49681,26.27431],[54.49569,26.27625],[54.49458,26.27819],[54.49347,26.28014],[54.49236,26.28153],[54.4907,26.28292],[54.48903,26.28569],[54.48792,26.28986],[54.48653,26.29153],[54.48569,26.29375],[54.48514,26.29736],[54.48625,26.29875],[54.48764,26.30181],[54.48903,26.30486],[54.4907,26.30736],[54.49014,26.30875],[54.49208,26.30986],[54.49542,26.31097],[54.49653,26.31208],[54.4982,26.31347],[54.50236,26.31347],[54.50431,26.31514],[54.50708,26.31569],[54.50847,26.3168],[54.51097,26.31736],[54.51922,26.31653]]],[[[54.01458,26.49764],[54.00597,26.49653],[53.9943,26.49514],[53.97653,26.49625],[53.96847,26.49847],[53.96125,26.50042],[53.95486,26.50125],[53.94958,26.50375],[53.94375,26.50708],[53.93597,26.50681],[53.93125,26.5093],[53.92783,26.5132],[53.92208,26.51569],[53.91597,26.51774],[53.91264,26.52097],[53.90931,26.52542],[53.90625,26.53292],[53.90292,26.5368],[53.89986,26.5407],[53.89847,26.54986],[53.90403,26.54792],[53.9082,26.55042],[53.91264,26.55542],[53.91542,26.56014],[53.92097,26.56403],[53.92708,26.56736],[53.93153,26.56931],[53.93958,26.57042],[53.94542,26.57264],[53.96069,26.57375],[53.96736,26.57014],[53.97653,26.56903],[53.98653,26.56736],[53.99514,26.56458],[54.00431,26.56653],[54.00958,26.56542],[54.01653,26.5643],[54.02208,26.56208],[54.02542,26.55958],[54.02403,26.55569],[54.02514,26.54319],[54.02792,26.53847],[54.03431,26.53514],[54.0368,26.53069],[54.04014,26.52708],[54.04958,26.52375],[54.04958,26.51542],[54.04625,26.50847],[54.04347,26.50486],[54.04042,26.50208],[54.03097,26.50042],[54.0218,26.49875],[54.01458,26.49764]]],[[[54.91319,26.57431],[54.74597,26.51125],[54.56181,26.58903],[54.35903,26.65431],[54.1968,26.70792],[53.98819,26.75347],[53.74514,26.71903],[53.58736,26.78542],[53.48014,26.95681],[53.2557,27.04181],[53.04625,27.10986],[52.88181,27.18264],[52.73264,27.27625],[56.97722,28.19429],[59.20403,25.45681],[59.14653,25.46903],[59.25042,25.44292],[59.00042,25.4243],[58.90736,25.51931],[58.5607,25.58875],[58.22153,25.56625],[58.00653,25.63875],[57.84458,25.67625],[57.7707,25.72514],[57.61153,25.7382],[57.33458,25.78236],[57.24792,25.98347],[57.21819,26.14014],[57.10625,26.30153],[57.0832,26.48347],[57.0182,26.81514],[56.92625,26.91903],[56.96653,26.97236],[56.95625,27.02292],[56.90514,27.03403],[56.86986,27.06236],[56.7943,27.11597],[56.72042,27.14653],[56.64931,27.16514],[56.53125,27.16903],[56.35847,27.18708],[56.20347,27.15319],[56.06375,27.09709],[55.96236,27.0482],[55.81042,27.00819],[55.66958,26.98403],[55.57653,26.90236],[55.56181,26.80986],[55.35708,26.76792],[55.14875,26.71403],[54.95792,26.60708],[54.91319,26.57431]]],[[[55.27403,26.59014],[55.27319,26.59014],[55.27319,26.59097],[55.27375,26.59264],[55.27431,26.5932],[55.27431,26.59208],[55.27403,26.59014]]],[[[55.27292,26.66181],[55.27236,26.66097],[55.2718,26.66153],[55.26986,26.66181],[55.26986,26.66236],[55.27208,26.66292],[55.27264,26.66236],[55.27292,26.66181]]],[[[53.61375,26.69514],[53.61514,26.69264],[53.61903,26.69264],[53.62097,26.69153],[53.62264,26.68958],[53.62736,26.69042],[53.63014,26.68931],[53.63125,26.68819],[53.63847,26.68764],[53.64042,26.68764],[53.64208,26.68819],[53.6468,26.68819],[53.64958,26.68736],[53.65208,26.68681],[53.65375,26.68569],[53.65458,26.68431],[53.65569,26.68375],[53.65736,26.68264],[53.65847,26.68042],[53.6618,26.68042],[53.66403,26.6814],[53.66764,26.68069],[53.66986,26.67931],[53.67125,26.67819],[53.6707,26.67514],[53.66958,26.67375],[53.66819,26.67236],[53.66681,26.67014],[53.66625,26.66847],[53.66514,26.66597],[53.66375,26.6643],[53.66264,26.66319],[53.66097,26.66208],[53.65931,26.66097],[53.65764,26.65986],[53.65653,26.65847],[53.65347,26.65736],[53.65208,26.65681],[53.64958,26.65569],[53.64486,26.65569],[53.64014,26.65569],[53.63708,26.65569],[53.63514,26.65681],[53.62847,26.65764],[53.62764,26.66069],[53.62514,26.66181],[53.6193,26.66264],[53.61625,26.6643],[53.61403,26.66542],[53.61292,26.66319],[53.60903,26.66264],[53.60625,26.66375],[53.60431,26.66486],[53.60292,26.66597],[53.60153,26.66708],[53.59958,26.66847],[53.59819,26.67014],[53.59653,26.67264],[53.59542,26.67486],[53.59486,26.67847],[53.59375,26.68125],[53.59431,26.68653],[53.59542,26.68903],[53.59653,26.69208],[53.59792,26.6932],[53.59958,26.69431],[53.60209,26.69542],[53.60458,26.69597],[53.61264,26.69542],[53.61375,26.69514]]],[[[55.61292,26.7432],[55.61208,26.74208],[55.61125,26.74125],[55.61014,26.74069],[55.60875,26.74014],[55.60792,26.73958],[55.6068,26.73903],[55.60597,26.73847],[55.60514,26.73847],[55.60431,26.73792],[55.60208,26.73875],[55.60208,26.73958],[55.60125,26.74042],[55.60208,26.74102],[55.60292,26.74181],[55.60375,26.74236],[55.60431,26.74292],[55.60486,26.74347],[55.60625,26.74403],[55.60708,26.74458],[55.60875,26.74514],[55.60959,26.7457],[55.61042,26.7457],[55.61181,26.74625],[55.61264,26.74681],[55.61375,26.74736],[55.61319,26.74486],[55.61292,26.7432]]],[[[55.62014,26.76042],[55.61958,26.75792],[55.61903,26.75708],[55.61847,26.75597],[55.61792,26.75514],[55.61681,26.75458],[55.61597,26.75403],[55.61542,26.75347],[55.61486,26.75292],[55.61375,26.75236],[55.61292,26.75181],[55.61208,26.75125],[55.61125,26.75069],[55.61014,26.75014],[55.60875,26.74958],[55.60569,26.74903],[55.60514,26.75069],[55.60569,26.75125],[55.60653,26.75181],[55.60708,26.75236],[55.60792,26.75292],[55.60847,26.75403],[55.60903,26.75458],[55.60986,26.75514],[55.61125,26.7557],[55.61181,26.75625],[55.61236,26.75681],[55.61292,26.75764],[55.61375,26.75819],[55.61514,26.75903],[55.61653,26.75986],[55.61709,26.76042],[55.61792,26.76098],[55.61847,26.76153],[55.62014,26.76153],[55.62014,26.76042]]],[[[55.63403,26.76208],[55.63347,26.76125],[55.63264,26.7607],[55.63181,26.7607],[55.63042,26.75986],[55.63042,26.76098],[55.63125,26.76153],[55.63181,26.76236],[55.63319,26.76264],[55.63403,26.76208]]],[[[55.74569,26.81264],[55.74625,26.81181],[55.74708,26.81042],[55.74681,26.80986],[55.74792,26.80903],[55.74875,26.8082],[55.74931,26.80736],[55.75042,26.80681],[55.74986,26.80597],[55.74875,26.80597],[55.74764,26.80542],[55.74653,26.80542],[55.74569,26.80597],[55.7448,26.80736],[55.74431,26.8082],[55.74431,26.80931],[55.74431,26.81097],[55.74431,26.81208],[55.74458,26.81347],[55.74514,26.81292],[55.74569,26.81264]]],[[[55.75375,26.82069],[55.75431,26.82014],[55.75486,26.81903],[55.75431,26.8182],[55.75431,26.81681],[55.75486,26.81625],[55.75486,26.81514],[55.75486,26.81459],[55.75597,26.81459],[55.75542,26.81514],[55.75597,26.81597],[55.75542,26.81764],[55.75542,26.81847],[55.75764,26.8182],[55.75819,26.81736],[55.75903,26.81681],[55.75958,26.81625],[55.76014,26.8157],[55.76069,26.81486],[55.76069,26.81431],[55.76097,26.81347],[55.76153,26.81236],[55.76153,26.81069],[55.76125,26.80879],[55.76042,26.80625],[55.75986,26.80542],[55.75847,26.80486],[55.75792,26.80486],[55.75597,26.8057],[55.75403,26.80681],[55.75458,26.80736],[55.75403,26.80792],[55.75205,26.80849],[55.75319,26.80931],[55.75625,26.80931],[55.75764,26.80986],[55.75819,26.80986],[55.75819,26.81042],[55.75681,26.80986],[55.75597,26.80986],[55.75514,26.81042],[55.75458,26.81042],[55.75403,26.81042],[55.75319,26.81042],[55.75264,26.81014],[55.7518,26.80931],[55.75125,26.80931],[55.75069,26.81014],[55.74986,26.81069],[55.74931,26.81125],[55.74847,26.81181],[55.74847,26.81208],[55.74764,26.81264],[55.74708,26.81347],[55.74875,26.81459],[55.74875,26.81625],[55.74931,26.81708],[55.75014,26.81764],[55.75069,26.81847],[55.75125,26.82014],[55.7518,26.82097],[55.75347,26.82097],[55.75375,26.82069]]],[[[55.74264,26.83264],[55.7432,26.83181],[55.74431,26.83014],[55.74486,26.83042],[55.74542,26.82986],[55.74625,26.82931],[55.74736,26.82875],[55.74792,26.82819],[55.74875,26.82708],[55.74931,26.82681],[55.74986,26.82625],[55.74986,26.8257],[55.74931,26.82514],[55.75069,26.82431],[55.75069,26.82264],[55.75069,26.821],[55.75069,26.82014],[55.74986,26.81875],[55.74931,26.81792],[55.74875,26.81736],[55.74792,26.81681],[55.74792,26.81597],[55.74653,26.81514],[55.74569,26.8157],[55.74569,26.81653],[55.74569,26.81792],[55.74569,26.81847],[55.74486,26.81736],[55.74347,26.81653],[55.74181,26.81708],[55.74097,26.81764],[55.73986,26.8182],[55.73681,26.81875],[55.73681,26.81986],[55.73681,26.82181],[55.73681,26.82292],[55.73681,26.82347],[55.73681,26.82431],[55.73681,26.82653],[55.73708,26.82736],[55.73736,26.82875],[55.73736,26.83042],[55.73736,26.83181],[55.73736,26.8332],[55.73764,26.83403],[55.73847,26.83403],[55.74153,26.83347],[55.74264,26.83264]]],[[[55.74542,26.85208],[55.74597,26.85153],[55.74458,26.85208],[55.74403,26.85153],[55.74486,26.85014],[55.74542,26.84958],[55.74625,26.84875],[55.74625,26.84792],[55.74625,26.84708],[55.74625,26.84625],[55.74681,26.84542],[55.74764,26.84458],[55.7482,26.84375],[55.74931,26.84403],[55.75014,26.84347],[55.75014,26.84292],[55.75069,26.84236],[55.7518,26.84181],[55.75236,26.84069],[55.75319,26.84014],[55.75431,26.83903],[55.75514,26.83792],[55.7557,26.83736],[55.75625,26.83681],[55.75681,26.83569],[55.75708,26.83458],[55.75764,26.83347],[55.75764,26.83208],[55.75708,26.82958],[55.75708,26.82903],[55.75597,26.82903],[55.75542,26.82986],[55.75458,26.83042],[55.75375,26.83097],[55.75264,26.83153],[55.7518,26.83208],[55.74958,26.83208],[55.74653,26.83264],[55.74486,26.8332],[55.74403,26.83375],[55.7432,26.83431],[55.74153,26.83486],[55.74014,26.83542],[55.73903,26.83597],[55.73819,26.83681],[55.73819,26.83931],[55.73875,26.84209],[55.73931,26.84375],[55.73986,26.84681],[55.74042,26.84848],[55.74097,26.84986],[55.74153,26.85125],[55.74236,26.85264],[55.74431,26.85375],[55.74486,26.85292],[55.74542,26.85208]]],[[[55.72486,26.85681],[55.72569,26.85486],[55.72625,26.85347],[55.72569,26.85236],[55.72514,26.84986],[55.7243,26.84653],[55.72486,26.84569],[55.72569,26.84403],[55.72597,26.84264],[55.72597,26.84153],[55.72653,26.84069],[55.72709,26.83958],[55.72764,26.83764],[55.7282,26.83681],[55.72736,26.83681],[55.72736,26.83736],[55.72653,26.83819],[55.72597,26.83875],[55.72542,26.83958],[55.7243,26.84014],[55.72181,26.84069],[55.71875,26.84125],[55.71097,26.84153],[55.70958,26.84153],[55.70709,26.84153],[55.70542,26.84153],[55.70375,26.84153],[55.70153,26.84209],[55.70097,26.84264],[55.70014,26.84319],[55.70014,26.84431],[55.70014,26.84486],[55.70125,26.84569],[55.70208,26.84625],[55.70264,26.84625],[55.70375,26.84708],[55.7043,26.84708],[55.70542,26.84792],[55.70653,26.84847],[55.70792,26.84903],[55.70875,26.84986],[55.70931,26.85042],[55.71097,26.85097],[55.71264,26.85153],[55.71347,26.85208],[55.71458,26.85264],[55.71597,26.8532],[55.71708,26.85458],[55.71764,26.85514],[55.71819,26.8557],[55.71931,26.85625],[55.72153,26.85708],[55.72319,26.85708],[55.72486,26.85708],[55.72486,26.85681]]],[[[55.76181,26.85986],[55.76264,26.85931],[55.76375,26.85847],[55.76514,26.85764],[55.76514,26.85708],[55.76514,26.8557],[55.76514,26.85347],[55.76569,26.85264],[55.76569,26.85181],[55.76625,26.85042],[55.7668,26.84958],[55.7668,26.84875],[55.76736,26.84764],[55.76792,26.84653],[55.76847,26.84569],[55.76931,26.84458],[55.76986,26.84375],[55.77042,26.84319],[55.77042,26.84181],[55.77125,26.84098],[55.77181,26.84014],[55.77181,26.83903],[55.77236,26.83773],[55.77236,26.83708],[55.77236,26.83569],[55.77181,26.83486],[55.77125,26.83375],[55.76931,26.83292],[55.7682,26.83292],[55.76653,26.83347],[55.76514,26.83403],[55.76458,26.83542],[55.76458,26.83597],[55.76347,26.83708],[55.76292,26.83792],[55.76236,26.83847],[55.76181,26.83903],[55.76209,26.83986],[55.76097,26.84042],[55.76042,26.84125],[55.75958,26.84209],[55.75792,26.84264],[55.75708,26.84319],[55.75644,26.84375],[55.7557,26.84458],[55.75514,26.84514],[55.75458,26.84569],[55.75403,26.84681],[55.7534,26.84792],[55.75375,26.84875],[55.75319,26.84958],[55.75403,26.85042],[55.75458,26.85181],[55.75458,26.85264],[55.75514,26.85375],[55.7557,26.85486],[55.75625,26.85597],[55.75708,26.85653],[55.75764,26.85764],[55.75792,26.85931],[55.75875,26.8607],[55.75958,26.86125],[55.76042,26.8607],[55.76181,26.85986]]],[[[55.76125,26.86903],[55.76181,26.86847],[55.76236,26.86681],[55.76181,26.86736],[55.76125,26.86847],[55.76069,26.86903],[55.76069,26.86986],[55.76069,26.87125],[55.76125,26.86986],[55.76125,26.86903]]],[[[55.70347,26.93458],[55.70653,26.9307],[55.70653,26.91597],[55.70375,26.90875],[55.70319,26.90097],[55.70597,26.9118],[55.70903,26.91625],[55.71264,26.91542],[55.71431,26.91236],[55.71542,26.90125],[55.71597,26.89431],[55.71931,26.88931],[55.71708,26.88347],[55.71403,26.8807],[55.70931,26.87792],[55.70875,26.87653],[55.71375,26.87931],[55.71681,26.88208],[55.71958,26.88542],[55.72042,26.88403],[55.71847,26.87764],[55.71542,26.87208],[55.71236,26.86875],[55.71153,26.86319],[55.70764,26.86014],[55.70264,26.85653],[55.69959,26.85292],[55.69569,26.84847],[55.68653,26.84681],[55.68208,26.84514],[55.67986,26.84069],[55.67986,26.83264],[55.67042,26.83431],[55.67153,26.83931],[55.67514,26.84319],[55.67542,26.8507],[55.67097,26.85458],[55.67431,26.85736],[55.67736,26.86097],[55.67458,26.85931],[55.67042,26.85597],[55.66431,26.86014],[55.66597,26.86653],[55.6693,26.8693],[55.67875,26.86958],[55.68681,26.86681],[55.68097,26.86875],[55.68486,26.87264],[55.69097,26.87875],[55.68875,26.88736],[55.68819,26.89347],[55.68542,26.90236],[55.68208,26.90597],[55.67764,26.90875],[55.67458,26.91542],[55.67931,26.91764],[55.68792,26.92042],[55.69403,26.92375],[55.69903,26.92736],[55.70264,26.9357],[55.70347,26.93458]]],[[[55.67847,26.90542],[55.67903,26.90458],[55.67959,26.90403],[55.68125,26.90347],[55.68181,26.90264],[55.68236,26.90208],[55.68292,26.90125],[55.68347,26.89903],[55.68403,26.89764],[55.68403,26.89708],[55.68458,26.89542],[55.68514,26.89459],[55.6857,26.89347],[55.6857,26.89153],[55.68514,26.88958],[55.6857,26.88681],[55.6857,26.88486],[55.68625,26.88403],[55.68792,26.88347],[55.68875,26.88292],[55.68875,26.88042],[55.68792,26.87986],[55.68708,26.87847],[55.68708,26.87764],[55.68653,26.87708],[55.68597,26.87625],[55.68542,26.87569],[55.68458,26.87514],[55.68319,26.87458],[55.68153,26.87403],[55.68042,26.87347],[55.6782,26.87292],[55.67764,26.87236],[55.67653,26.87153],[55.66986,26.87097],[55.66875,26.87014],[55.66819,26.86903],[55.66764,26.86847],[55.66625,26.86792],[55.6657,26.86708],[55.66514,26.86625],[55.66459,26.86514],[55.66292,26.86486],[55.6618,26.86625],[55.6618,26.87014],[55.66125,26.8707],[55.66125,26.87181],[55.66125,26.87264],[55.66069,26.87486],[55.65986,26.87597],[55.65847,26.87653],[55.65764,26.87764],[55.65792,26.87903],[55.65847,26.87958],[55.65847,26.88014],[55.65903,26.88125],[55.65903,26.88181],[55.65847,26.88236],[55.65903,26.88403],[55.65958,26.88653],[55.66014,26.88708],[55.66097,26.88764],[55.6618,26.8882],[55.66236,26.88903],[55.66292,26.88958],[55.66347,26.89069],[55.66431,26.89153],[55.66514,26.89236],[55.66625,26.89292],[55.66708,26.89403],[55.66792,26.89486],[55.66875,26.89653],[55.66958,26.89792],[55.67014,26.89875],[55.6707,26.90097],[55.67125,26.90236],[55.67292,26.90403],[55.67347,26.90458],[55.67431,26.90514],[55.67514,26.9057],[55.67597,26.90625],[55.67681,26.90681],[55.67764,26.90653],[55.6782,26.9057],[55.67847,26.90542]]],[[[55.66208,26.90264],[55.66264,26.90208],[55.66292,26.90125],[55.66375,26.90014],[55.66375,26.89764],[55.66292,26.89625],[55.66208,26.89486],[55.66153,26.89431],[55.66097,26.89375],[55.66014,26.89319],[55.65952,26.89241],[55.65908,26.89177],[55.65852,26.89094],[55.65796,26.89011],[55.65736,26.88958],[55.65681,26.88875],[55.65625,26.88792],[55.65569,26.88736],[55.65431,26.88653],[55.65319,26.88597],[55.65208,26.88542],[55.65153,26.88597],[55.65042,26.88653],[55.64986,26.88764],[55.65042,26.88931],[55.65097,26.89153],[55.65181,26.89236],[55.65236,26.89319],[55.65319,26.89514],[55.65431,26.89653],[55.65486,26.89736],[55.65542,26.89847],[55.65625,26.89931],[55.65681,26.90097],[55.65736,26.90181],[55.65792,26.90264],[55.65875,26.90375],[55.65931,26.90431],[55.66125,26.90403],[55.6618,26.90319],[55.66208,26.90264]]],[[[55.73986,26.90875],[55.74042,26.90819],[55.74097,26.90736],[55.74153,26.90681],[55.73986,26.9057],[55.73847,26.90625],[55.73792,26.90736],[55.73792,26.90819],[55.73736,26.90931],[55.73844,26.91042],[55.73931,26.90959],[55.73986,26.90875]]],[[[55.72875,26.92292],[55.7282,26.92209],[55.72736,26.92292],[55.72709,26.92347],[55.72653,26.92431],[55.7282,26.92486],[55.7293,26.92346],[55.72875,26.92292]]],[[[55.58625,26.8782],[55.58569,26.87569],[55.58403,26.87569],[55.58347,26.87625],[55.58292,26.87681],[55.58209,26.87764],[55.58209,26.87847],[55.5832,26.87903],[55.58403,26.87958],[55.58542,26.88014],[55.58625,26.87958],[55.58625,26.8782]]],[[[55.62931,26.89097],[55.62847,26.89042],[55.6268,26.89125],[55.62569,26.89208],[55.62514,26.89264],[55.62931,26.89264],[55.62958,26.89125],[55.62931,26.89097]]],[[[55.60403,26.91514],[55.6032,26.91403],[55.60236,26.91292],[55.60153,26.91125],[55.60097,26.90931],[55.60014,26.90875],[55.59958,26.90819],[55.59875,26.90931],[55.59819,26.90986],[55.59764,26.91292],[55.59819,26.91403],[55.59903,26.91458],[55.59958,26.91514],[55.60042,26.91569],[55.60097,26.91625],[55.60153,26.91681],[55.60375,26.91653],[55.60431,26.91569],[55.60403,26.91514]]],[[[55.66042,26.98181],[55.66236,26.98181],[55.66403,26.98125],[55.66597,26.98069],[55.66708,26.98014],[55.66819,26.97958],[55.66958,26.97903],[55.67042,26.97847],[55.67153,26.97764],[55.67264,26.97708],[55.67375,26.97653],[55.67458,26.97597],[55.67458,26.97514],[55.67403,26.97459],[55.67347,26.97403],[55.67292,26.97347],[55.67153,26.97264],[55.67097,26.97208],[55.67014,26.97153],[55.66903,26.97069],[55.66847,26.96986],[55.66708,26.96931],[55.66625,26.96847],[55.6657,26.96764],[55.66486,26.96708],[55.66403,26.96653],[55.66319,26.96597],[55.66125,26.96597],[55.65931,26.96653],[55.65569,26.96708],[55.65375,26.96764],[55.65236,26.9682],[55.65181,26.96875],[55.65097,26.96931],[55.64903,26.96986],[55.64403,26.97014],[55.64347,26.96958],[55.64264,26.96903],[55.6418,26.96847],[55.64097,26.96792],[55.64014,26.96736],[55.63931,26.96653],[55.63847,26.96597],[55.63792,26.96542],[55.63736,26.96597],[55.63597,26.96653],[55.63486,26.96708],[55.63347,26.96792],[55.63264,26.96875],[55.63208,26.96958],[55.63208,26.97236],[55.63292,26.97319],[55.63347,26.97375],[55.63403,26.97486],[55.63458,26.97542],[55.63514,26.97597],[55.63569,26.97653],[55.63625,26.97708],[55.63681,26.97764],[55.63764,26.9782],[55.63847,26.97875],[55.63958,26.97931],[55.64069,26.97986],[55.64264,26.98042],[55.64431,26.98097],[55.64569,26.98153],[55.64847,26.98208],[55.65208,26.98208],[55.65653,26.98208],[55.6582,26.98153],[55.66042,26.98181]]],[[[53.40625,26.79625],[53.40792,26.79569],[53.41069,26.79514],[53.41153,26.79458],[53.41431,26.79431],[53.41597,26.79375],[53.41653,26.79375],[53.41819,26.79347],[53.41875,26.79292],[53.41875,26.79125],[53.41819,26.7907],[53.41764,26.79014],[53.41681,26.78958],[53.41597,26.78903],[53.41264,26.78764],[53.41208,26.78847],[53.40958,26.78764],[53.40847,26.78819],[53.40681,26.78875],[53.40625,26.78931],[53.40514,26.79014],[53.40514,26.7907],[53.40486,26.79125],[53.40403,26.79375],[53.40347,26.79431],[53.40264,26.79486],[53.40264,26.79625],[53.40347,26.79681],[53.40458,26.79597],[53.40625,26.79625]]],[[[53.17625,26.85042],[53.18653,26.84875],[53.19819,26.84708],[53.2057,26.84486],[53.21069,26.84264],[53.21986,26.83986],[53.22709,26.83681],[53.23375,26.83458],[53.24403,26.83208],[53.2593,26.82931],[53.2707,26.82847],[53.27931,26.82625],[53.29597,26.82486],[53.30375,26.82264],[53.31542,26.82375],[53.32819,26.8232],[53.33125,26.82625],[53.33764,26.82403],[53.34513,26.82119],[53.35125,26.82069],[53.35875,26.8182],[53.36458,26.81542],[53.36792,26.81236],[53.37458,26.80986],[53.37792,26.80597],[53.3843,26.80403],[53.38792,26.79903],[53.38764,26.79347],[53.37708,26.79514],[53.36681,26.79347],[53.3607,26.7907],[53.34875,26.79125],[53.34042,26.79292],[53.32542,26.79514],[53.32097,26.79208],[53.31208,26.78931],[53.29764,26.78808],[53.28458,26.7907],[53.25764,26.79236],[53.24375,26.79514],[53.23597,26.79736],[53.22736,26.79958],[53.22097,26.80264],[53.21431,26.80375],[53.21014,26.80764],[53.20264,26.81042],[53.19653,26.81292],[53.18958,26.81597],[53.18375,26.8182],[53.17875,26.82153],[53.17541,26.82431],[53.16986,26.82708],[53.16681,26.83125],[53.16292,26.83514],[53.15903,26.83875],[53.15597,26.84292],[53.16236,26.84931],[53.17236,26.85125],[53.17625,26.85042]]],[[[58.00153,25.6557],[58.00042,25.65542],[57.99958,25.65597],[57.99875,25.65653],[57.99792,25.65708],[57.99708,25.65764],[57.9982,25.65792],[58.0,25.65903],[58.00125,25.65819],[58.00153,25.6557]]],[[[57.77681,25.67042],[57.77736,25.67069],[57.77681,25.67042]]],[[[57.10181,26.30292],[57.10236,26.3018],[57.10069,26.3018],[57.10014,26.30236],[57.09958,26.30292],[57.10097,26.30431],[57.10153,26.30375],[57.10181,26.30292]]],[[[56.88486,27.00236],[56.88569,27.00181],[56.88709,27.00125],[56.88792,27.00042],[56.88931,26.99958],[56.89292,26.99903],[56.89292,26.99847],[56.89292,26.99792],[56.89375,26.99708],[56.8918,26.99653],[56.89014,26.99653],[56.89069,26.99597],[56.89153,26.99542],[56.89292,26.99486],[56.8932,26.99375],[56.89208,26.99375],[56.89014,26.99375],[56.88958,26.99431],[56.88958,26.99347],[56.89097,26.99292],[56.89292,26.99236],[56.89375,26.9918],[56.89625,26.9918],[56.8957,26.9907],[56.89625,26.98819],[56.89681,26.98708],[56.89792,26.98653],[56.89847,26.98597],[56.89931,26.98542],[56.89986,26.98458],[56.89875,26.98347],[56.89792,26.98403],[56.89708,26.98458],[56.89597,26.98514],[56.89486,26.9857],[56.89431,26.98625],[56.89347,26.9868],[56.89292,26.98736],[56.89236,26.98736],[56.8918,26.98792],[56.89097,26.98875],[56.88986,26.98875],[56.88931,26.98931],[56.88847,26.98986],[56.88736,26.99042],[56.88709,26.99097],[56.88653,26.99153],[56.88514,26.99292],[56.88458,26.99431],[56.88208,26.99431],[56.88208,26.99458],[56.88208,26.99625],[56.88125,26.99681],[56.8807,26.99736],[56.87959,26.99736],[56.87819,26.99792],[56.87764,26.99875],[56.87653,26.99931],[56.87597,26.99986],[56.87486,27.00042],[56.87847,26.99958],[56.87931,26.99903],[56.88014,26.99847],[56.88208,26.99792],[56.88264,26.99736],[56.88347,26.99681],[56.88458,26.99625],[56.88542,26.99681],[56.88486,26.99736],[56.88403,26.99792],[56.88375,26.99875],[56.88458,26.99931],[56.88514,26.99986],[56.8843,27.00069],[56.88375,27.00125],[56.88319,27.00292],[56.88264,27.00403],[56.8843,27.0032],[56.88486,27.00236]]],[[[56.93819,26.99819],[56.93764,26.99708],[56.93625,26.99597],[56.93681,26.99708],[56.93764,26.99764],[56.93764,26.99875],[56.93653,26.99931],[56.93847,26.99986],[56.93847,26.99847],[56.93819,26.99819]]],[[[56.93514,26.99931],[56.93458,26.99875],[56.93375,26.99958],[56.93319,27.00014],[56.93458,27.00098],[56.93514,27.00042],[56.93514,26.99931]]],[[[56.38958,26.88486],[56.40181,26.8843],[56.40458,26.88236],[56.40625,26.87986],[56.40792,26.87736],[56.41153,26.87569],[56.41347,26.87431],[56.41236,26.86736],[56.41069,26.86431],[56.40903,26.86125],[56.40736,26.85847],[56.40569,26.8557],[56.40403,26.85347],[56.40236,26.85153],[56.4007,26.84931],[56.39875,26.84764],[56.39708,26.84597],[56.39542,26.84431],[56.39292,26.84264],[56.39069,26.84153],[56.38681,26.84042],[56.38347,26.83819],[56.37958,26.83542],[56.37764,26.83736],[56.37542,26.83542],[56.37375,26.83347],[56.37375,26.83181],[56.36958,26.83014],[56.36625,26.82764],[56.35292,26.82597],[56.34764,26.82375],[56.34236,26.82292],[56.33403,26.82375],[56.32625,26.82097],[56.32514,26.8232],[56.32292,26.82597],[56.32097,26.82792],[56.31903,26.82958],[56.31736,26.83236],[56.31569,26.83597],[56.31458,26.84458],[56.31514,26.84875],[56.31653,26.85125],[56.32014,26.85847],[56.3218,26.86042],[56.32347,26.86264],[56.32653,26.86458],[56.32903,26.86597],[56.3307,26.8682],[56.33264,26.86986],[56.33458,26.87181],[56.33625,26.87431],[56.33847,26.87597],[56.34042,26.87764],[56.34208,26.87986],[56.34375,26.8818],[56.34958,26.88347],[56.36292,26.88514],[56.38958,26.88486]]],[[[56.4543,27.09819],[56.45681,27.09486],[56.46097,27.09181],[56.46625,27.09153],[56.47153,27.08986],[56.47569,27.08819],[56.47986,27.08708],[56.48208,27.09097],[56.47847,27.09375],[56.48153,27.09292],[56.48431,27.08931],[56.48653,27.08431],[56.48958,27.08042],[56.49514,27.07847],[56.4982,27.07625],[56.49986,27.07236],[56.50125,27.06653],[56.50125,27.06042],[56.49903,27.05542],[56.49653,27.05014],[56.49458,27.04681],[56.49569,27.04292],[56.48875,27.04042],[56.48375,27.03875],[56.48014,27.03653],[56.47625,27.03375],[56.47236,27.03319],[56.46653,27.03347],[56.45847,27.03375],[56.45014,27.03625],[56.44153,27.03792],[56.43736,27.03931],[56.43181,27.04208],[56.42681,27.04431],[56.42569,27.04708],[56.4232,27.04958],[56.42097,27.05319],[56.42264,27.06486],[56.42736,27.0668],[56.42542,27.07236],[56.42681,27.07653],[56.43125,27.07875],[56.4357,27.08097],[56.4393,27.0832],[56.44292,27.08514],[56.44431,27.08903],[56.44069,27.09264],[56.44181,27.09542],[56.44403,27.09153],[56.44431,27.09403],[56.44819,27.09486],[56.45097,27.09819],[56.45403,27.09875],[56.4543,27.09819]]],[[[56.06569,27.08625],[56.06375,27.08681],[56.06042,27.08625],[56.06014,27.08681],[56.06403,27.08736],[56.06514,27.08792],[56.06903,27.08653],[56.06569,27.08625]]],[[[56.07403,27.09181],[56.07486,27.09125],[56.0757,27.09069],[56.07431,27.09014],[56.07319,27.08958],[56.07292,27.08986],[56.07431,27.09042],[56.07347,27.09125],[56.0718,27.09181],[56.06958,27.09181],[56.06875,27.09236],[56.07292,27.09236],[56.07403,27.09181]]],[[[56.94653,26.99931],[56.94486,26.99958],[56.94431,27.00042],[56.94569,27.00098],[56.94708,27.00125],[56.94736,26.99986],[56.94653,26.99931]]],[[[56.88236,27.00125],[56.88292,27.00069],[56.88208,26.99931],[56.8807,26.99986],[56.87931,27.00042],[56.87875,27.00098],[56.87931,27.00181],[56.88153,27.00209],[56.88236,27.00125]]],[[[56.90208,27.01181],[56.90153,27.01125],[56.89986,27.0107],[56.89931,27.01208],[56.90153,27.0132],[56.90236,27.01264],[56.90208,27.01181]]],[[[56.85181,27.04903],[56.85014,27.04903],[56.84903,27.04903],[56.84986,27.05014],[56.85125,27.05014],[56.85181,27.04903]]],[[[55.89375,26.68486],[55.89625,26.68153],[55.89903,26.67931],[55.90236,26.67736],[55.90514,26.67431],[55.9082,26.67236],[55.90958,26.66986],[55.90958,26.66681],[55.91125,26.66042],[55.91431,26.65819],[55.91319,26.65347],[55.91069,26.65125],[55.90986,26.64903],[55.90764,26.64542],[55.90597,26.64125],[55.90431,26.63903],[55.90264,26.63514],[55.90375,26.63181],[55.90208,26.62847],[55.89986,26.62625],[55.89764,26.62347],[55.89514,26.62153],[55.89292,26.61986],[55.89042,26.61791],[55.88681,26.6157],[55.87764,26.61403],[55.87486,26.61236],[55.86986,26.61347],[55.86431,26.61125],[55.8607,26.61153],[55.85764,26.61125],[55.85569,26.61181],[55.85153,26.61431],[55.84793,26.61766],[55.84486,26.62014],[55.84375,26.62458],[55.84542,26.62903],[55.84903,26.63181],[55.8532,26.63514],[55.85514,26.64208],[55.85708,26.64681],[55.85847,26.65014],[55.86097,26.65236],[55.86236,26.65569],[55.86431,26.65903],[55.86653,26.66208],[55.8682,26.66514],[55.87181,26.66847],[55.87431,26.67069],[55.87736,26.67708],[55.88125,26.68208],[55.88931,26.68319],[55.89097,26.68597],[55.89375,26.68486]]],[[[56.15847,26.99847],[56.21181,26.9957],[56.24014,26.98264],[56.27181,26.96458],[56.26792,26.93153],[56.17542,26.91236],[56.15569,26.87292],[56.12875,26.83097],[56.09097,26.8057],[56.0718,26.77708],[56.02681,26.75208],[55.98097,26.72708],[55.95375,26.69542],[55.90931,26.71125],[55.87042,26.73542],[55.81514,26.71236],[55.76959,26.68431],[55.68486,26.68403],[55.64653,26.65459],[55.59625,26.63847],[55.5407,26.6182],[55.49931,26.59375],[55.4357,26.58625],[55.36458,26.56514],[55.32125,26.55764],[55.29403,26.54042],[55.26959,26.58264],[55.26625,26.63819],[55.28653,26.65431],[55.35403,26.64847],[55.40958,26.67403],[55.46792,26.68625],[55.52625,26.70458],[55.57597,26.72486],[55.62181,26.74597],[55.63736,26.76347],[55.68736,26.78375],[55.70709,26.79403],[55.73514,26.77458],[55.76708,26.79875],[55.76403,26.82653],[55.76959,26.85792],[55.75375,26.89875],[55.72903,26.93986],[55.79236,26.94375],[55.83792,26.91375],[55.89958,26.90347],[55.95681,26.92542],[55.98708,26.94986],[56.05459,26.96847],[56.12292,26.98319],[56.15847,26.99847]]],[[[56.09458,26.79625],[56.09458,26.79708],[56.09514,26.7982],[56.0957,26.79958],[56.09792,26.80014],[56.09819,26.79847],[56.09764,26.79792],[56.09681,26.79736],[56.09625,26.79681],[56.0957,26.79625],[56.09514,26.79569],[56.09458,26.79625]]],[[[56.11291,26.81347],[56.11291,26.81125],[56.11236,26.80986],[56.11181,26.80903],[56.1107,26.80903],[56.1107,26.80958],[56.1107,26.81042],[56.11125,26.81125],[56.11125,26.81292],[56.1107,26.81347],[56.11125,26.81431],[56.11181,26.81431],[56.11264,26.81375],[56.11291,26.81347]]],[[[55.74403,26.79333],[55.74347,26.79153],[55.74264,26.79097],[55.74209,26.79042],[55.74125,26.78875],[55.7407,26.78736],[55.74014,26.78597],[55.73958,26.78403],[55.73903,26.78319],[55.73764,26.78264],[55.73653,26.78375],[55.73542,26.78458],[55.73514,26.78514],[55.73431,26.78625],[55.73486,26.78736],[55.73542,26.7882],[55.73597,26.78931],[55.73653,26.79014],[55.73708,26.79097],[55.73764,26.79264],[55.73847,26.79375],[55.73958,26.79375],[55.74042,26.79458],[55.7407,26.79514],[55.74209,26.79514],[55.74347,26.79431],[55.74403,26.79333]]],[[[55.74514,26.79597],[55.74347,26.79653],[55.74625,26.79708],[55.74681,26.79792],[55.74792,26.79847],[55.75014,26.79736],[55.74958,26.79681],[55.74875,26.79597],[55.74736,26.79542],[55.74514,26.79597]]],[[[55.74792,26.80042],[55.74875,26.79958],[55.74792,26.79875],[55.74681,26.7982],[55.74625,26.79764],[55.74569,26.79708],[55.74458,26.79708],[55.74347,26.79764],[55.74236,26.79903],[55.7432,26.79986],[55.74431,26.80069],[55.74486,26.80125],[55.74653,26.80181],[55.74708,26.80097],[55.74792,26.80042]]],[[[55.75542,26.80292],[55.75625,26.80208],[55.75625,26.80125],[55.75514,26.80042],[55.75458,26.79986],[55.75236,26.80014],[55.75125,26.80097],[55.75097,26.80153],[55.75042,26.80264],[55.75125,26.80347],[55.75236,26.80347],[55.75292,26.80403],[55.75375,26.80347],[55.75542,26.80292]]],[[[55.73958,26.80736],[55.74042,26.80681],[55.74097,26.80625],[55.74236,26.80542],[55.74292,26.80486],[55.74347,26.8043],[55.74403,26.80347],[55.74403,26.80181],[55.74292,26.80069],[55.74264,26.80014],[55.74181,26.79958],[55.74125,26.79847],[55.74042,26.79736],[55.73903,26.79736],[55.73903,26.7982],[55.73903,26.79958],[55.73903,26.80208],[55.73903,26.80347],[55.73847,26.80458],[55.73792,26.80597],[55.73792,26.80736],[55.73819,26.80875],[55.73931,26.8082],[55.73958,26.80736]]],[[[55.64847,26.84319],[55.65486,26.84014],[55.65958,26.83736],[55.66597,26.83486],[55.67403,26.83264],[55.68181,26.83153],[55.68486,26.82625],[55.68236,26.82097],[55.67931,26.81459],[55.68153,26.81653],[55.68375,26.82097],[55.68681,26.82931],[55.68319,26.83514],[55.68153,26.84125],[55.68903,26.84403],[55.69847,26.84069],[55.70486,26.83958],[55.71236,26.83903],[55.72181,26.83819],[55.72347,26.83542],[55.72542,26.83125],[55.72403,26.82625],[55.7207,26.82069],[55.71597,26.81792],[55.70875,26.81653],[55.70625,26.81931],[55.70319,26.82431],[55.69819,26.82681],[55.69431,26.82042],[55.69264,26.81208],[55.68986,26.80792],[55.68681,26.80264],[55.68319,26.79903],[55.68011,26.79572],[55.67708,26.79236],[55.67292,26.78792],[55.66736,26.78375],[55.66292,26.78125],[55.65264,26.77958],[55.64292,26.77681],[55.63764,26.77375],[55.63181,26.7707],[55.62597,26.77264],[55.63181,26.77625],[55.6343,26.77903],[55.63709,26.78181],[55.63931,26.79014],[55.64042,26.79792],[55.64264,26.80597],[55.64459,26.81208],[55.64347,26.81736],[55.64153,26.8182],[55.6365,26.8182],[55.63542,26.82042],[55.63625,26.82514],[55.63764,26.83708],[55.64125,26.84098],[55.64486,26.84375],[55.64847,26.84319]]],[[[55.74347,26.80875],[55.74347,26.8082],[55.74403,26.80736],[55.74403,26.80708],[55.74347,26.80764],[55.74292,26.80847],[55.74236,26.81014],[55.74292,26.80958],[55.74347,26.80875]]],[[[55.72931,26.82958],[55.72875,26.8257],[55.72931,26.82181],[55.72875,26.81931],[55.72931,26.81736],[55.72958,26.81459],[55.72958,26.81181],[55.73014,26.80958],[55.73069,26.80708],[55.73042,26.80514],[55.73097,26.80125],[55.73097,26.79764],[55.73042,26.79319],[55.72875,26.79042],[55.72736,26.78847],[55.72597,26.78708],[55.7243,26.78569],[55.71986,26.78514],[55.71847,26.78681],[55.71736,26.78875],[55.71569,26.79014],[55.71403,26.79208],[55.71292,26.79375],[55.71153,26.79653],[55.71042,26.79958],[55.70931,26.80208],[55.7082,26.8043],[55.70709,26.80625],[55.7057,26.8082],[55.70375,26.80931],[55.70181,26.81042],[55.69986,26.81208],[55.69903,26.81459],[55.69764,26.81597],[55.69708,26.82153],[55.69847,26.82597],[55.69959,26.82458],[55.7007,26.82347],[55.70181,26.82153],[55.70292,26.82014],[55.70375,26.81875],[55.7057,26.81736],[55.70709,26.81597],[55.70875,26.81486],[55.71236,26.81486],[55.71542,26.81597],[55.71847,26.81708],[55.72042,26.81847],[55.72153,26.81958],[55.72261,26.82098],[55.7243,26.82236],[55.72569,26.82486],[55.72681,26.82792],[55.72792,26.83153],[55.72958,26.82986],[55.72931,26.82958]]],[[[55.5807,26.82292],[55.58014,26.82236],[55.5793,26.82292],[55.57792,26.82347],[55.57736,26.82458],[55.57819,26.82542],[55.57875,26.82597],[55.58014,26.82653],[55.58153,26.82347],[55.5807,26.82292]]],[[[55.58458,26.83958],[55.58458,26.83875],[55.58625,26.83875],[55.58764,26.83819],[55.5882,26.83764],[55.58764,26.83653],[55.58542,26.83708],[55.58403,26.83792],[55.5832,26.83847],[55.5832,26.84069],[55.58375,26.84181],[55.58514,26.84153],[55.58486,26.83986],[55.58458,26.83958]]],[[[55.65319,26.87431],[55.65375,26.87375],[55.65431,26.87264],[55.65486,26.87208],[55.65542,26.87153],[55.65597,26.87097],[55.65653,26.87042],[55.65708,26.86958],[55.65764,26.86875],[55.6582,26.8682],[55.65875,26.86736],[55.65931,26.86514],[55.65986,26.86236],[55.66042,26.86042],[55.66097,26.85903],[55.66236,26.85903],[55.66292,26.85819],[55.66375,26.85736],[55.66459,26.85653],[55.66514,26.85597],[55.6657,26.85542],[55.66625,26.85486],[55.66681,26.85431],[55.66792,26.85375],[55.66847,26.85375],[55.66986,26.8532],[55.67042,26.85264],[55.67097,26.85181],[55.67181,26.8507],[55.67236,26.85014],[55.67264,26.84958],[55.67375,26.84903],[55.67403,26.84819],[55.67403,26.84514],[55.67347,26.84347],[55.67292,26.84264],[55.67236,26.84209],[55.67181,26.84153],[55.67125,26.84069],[55.67042,26.84014],[55.66986,26.83958],[55.6693,26.83903],[55.66847,26.83819],[55.66792,26.83764],[55.66708,26.83681],[55.66653,26.83653],[55.6657,26.83708],[55.66459,26.83764],[55.66319,26.83819],[55.66236,26.83875],[55.66097,26.83931],[55.65958,26.83986],[55.65875,26.84042],[55.6582,26.84098],[55.65708,26.84181],[55.65625,26.84236],[55.65542,26.84292],[55.65375,26.84347],[55.65264,26.84403],[55.65125,26.84458],[55.64931,26.84514],[55.64875,26.84514],[55.64792,26.84569],[55.64347,26.84653],[55.64292,26.84764],[55.64292,26.84931],[55.64347,26.85125],[55.64403,26.85208],[55.64347,26.85375],[55.64292,26.85458],[55.64236,26.8557],[55.64153,26.85625],[55.64097,26.85708],[55.64042,26.85847],[55.64042,26.85986],[55.6418,26.86042],[55.64097,26.86097],[55.64014,26.86153],[55.63931,26.86153],[55.63681,26.86458],[55.63736,26.86653],[55.63847,26.86792],[55.63931,26.86847],[55.64042,26.8693],[55.64125,26.86958],[55.64236,26.87014],[55.6432,26.8707],[55.64375,26.87153],[55.64486,26.87208],[55.64597,26.87264],[55.64708,26.87347],[55.64819,26.87403],[55.64931,26.87458],[55.65042,26.87542],[55.65153,26.87597],[55.65264,26.87514],[55.65319,26.87431]]],[[[56.07819,27.09181],[56.07875,27.09236],[56.07958,27.09292],[56.07986,27.09264],[56.07903,27.09208],[56.07819,27.09153],[56.07653,27.09097],[56.07736,27.09153],[56.07819,27.09181]]],[[[56.05403,27.09458],[56.05542,27.09458],[56.05653,27.09514],[56.05792,27.09486],[56.05736,27.0943],[56.0557,27.09375],[56.05403,27.09375],[56.05347,27.09486],[56.05292,27.09597],[56.05403,27.09542],[56.05403,27.09458]]],[[[56.0807,27.09375],[56.08014,27.09458],[56.0807,27.09569],[56.0807,27.09653],[56.08125,27.09486],[56.0807,27.09375]]],[[[56.05903,27.09542],[56.05819,27.09597],[56.05875,27.09653],[56.0607,27.09653],[56.06042,27.09597],[56.05903,27.09542]]],[[[56.05264,27.09681],[56.05181,27.09764],[56.05208,27.09819],[56.05292,27.09709],[56.05264,27.09681]]],[[[56.0807,27.09681],[56.0793,27.09764],[56.07736,27.09709],[56.07597,27.09709],[56.07681,27.09764],[56.07736,27.09847],[56.07903,27.09847],[56.07958,27.09958],[56.08014,27.09875],[56.0807,27.09681]]],[[[56.11153,27.12708],[56.11208,27.12653],[56.11264,27.12569],[56.11319,27.12514],[56.11375,27.12403],[56.11431,27.12347],[56.11486,27.12292],[56.11542,27.12208],[56.11542,27.12097],[56.11375,27.12042],[56.11236,27.11986],[56.11125,27.12042],[56.11181,27.12097],[56.11486,27.12153],[56.11431,27.12236],[56.11375,27.12292],[56.11319,27.12375],[56.11264,27.12486],[56.11208,27.12542],[56.11153,27.12597],[56.11097,27.12681],[56.11042,27.12764],[56.11097,27.12792],[56.11153,27.12708]]],[[[56.10931,27.12903],[56.10875,27.12986],[56.1082,27.1307],[56.10764,27.13153],[56.10764,27.13208],[56.1082,27.13208],[56.10875,27.13125],[56.10931,27.13042],[56.10986,27.12958],[56.11042,27.12875],[56.10986,27.12847],[56.10931,27.12903]]],[[[56.67347,27.14792],[56.67486,27.14847],[56.67569,27.14764],[56.67542,27.14708],[56.6732,27.1468],[56.67236,27.14736],[56.67153,27.1482],[56.67125,27.14903],[56.67292,27.14847],[56.67347,27.14792]]],[[[56.66875,27.15458],[56.66819,27.15375],[56.66653,27.15347],[56.66597,27.15431],[56.66597,27.1557],[56.66764,27.15597],[56.66817,27.15483],[56.66875,27.15458]]],[[[56.58903,27.16264],[56.58958,27.16209],[56.59014,27.1632],[56.59125,27.16209],[56.59236,27.16153],[56.59319,27.16097],[56.59431,27.15986],[56.59486,27.15903],[56.59542,27.15847],[56.59625,27.15764],[56.59653,27.1557],[56.59514,27.15625],[56.59431,27.15681],[56.59208,27.15736],[56.59125,27.15792],[56.59042,27.15875],[56.58986,27.15931],[56.58958,27.16014],[56.58903,27.16097],[56.58847,27.16209],[56.58792,27.16292],[56.5882,27.16403],[56.58875,27.1632],[56.58903,27.16264]]],[[[56.20958,27.13292],[56.20903,27.13042],[56.20792,27.1307],[56.20847,27.13153],[56.20903,27.13236],[56.20736,27.13292],[56.20903,27.13347],[56.20958,27.13542],[56.21014,27.13403],[56.20958,27.13292]]],[[[56.52458,27.17125],[56.52347,27.17208],[56.52486,27.17264],[56.52681,27.17069],[56.52458,27.17125]]]]}},{"type":"Feature","properties":{"name":"Ilam","iso":"IRN"},"geometry":{"type":"MultiPolygon","coordinates":[[[[47.84772,32.466],[47.76158,32.21101],[47.57163,32.11388],[47.53487,32.16782],[47.5668,32.21085],[47.5297,32.24701],[47.49615,32.28218],[47.47839,32.31793],[47.44234,32.34142],[47.45422,32.37048],[47.42672,32.42073],[47.35152,32.46725],[47.28334,32.48587],[47.21168,32.45599],[47.13617,32.46509],[47.06259,32.5161],[46.97755,32.58161],[46.89791,32.63473],[46.81873,32.70527],[46.74302,32.75737],[46.65345,32.81142],[46.5545,32.86474],[46.4816,32.90574],[46.39164,32.94696],[46.28426,32.95243],[46.16895,32.95411],[46.09542,32.9791],[46.14808,33.03346],[46.09862,33.08239],[46.06577,33.12175],[46.14931,33.12538],[46.20638,33.1841],[46.18939,33.22352],[46.14541,33.28107],[46.09426,33.34163],[46.03649,33.42406],[45.98433,33.50135],[45.95005,33.56479],[45.7552,33.59347],[45.74706,33.73253],[45.77962,34.00132],[46.0238,34.04614],[46.30994,33.97272],[46.7095,33.79631],[47.06767,33.84697],[47.21716,33.92618],[47.34943,34.04621],[47.3987,33.86369],[47.18778,33.77234],[46.95729,33.71048],[46.83506,33.58034],[47.01485,33.36365],[47.48006,33.11615],[47.78379,32.81543],[47.85672,32.48527],[47.84772,32.466]]]]}},{"type":"Feature","properties":{"name":"Kerman","iso":"IRN"},"geometry":{"type":"MultiPolygon","coordinates":[[[[58.83803,26.02069],[58.77539,26.06108],[58.68206,26.04469],[58.53793,26.06383],[58.52269,26.19387],[58.3789,26.23657],[58.23089,26.22473],[58.0869,26.21321],[58.10075,26.27714],[58.10002,26.42674],[58.11532,26.58393],[58.1269,26.74411],[58.22253,26.73167],[58.00211,26.94198],[57.89168,26.92575],[57.79155,26.85128],[57.6376,26.93394],[57.46181,27.0081],[57.37534,27.19422],[57.27186,27.62153],[57.21227,27.83222],[56.97535,28.1449],[56.8345,28.32622],[56.4534,28.10741],[56.04239,28.34978],[56.04609,28.90372],[55.61139,28.73975],[55.20864,28.9404],[54.95615,29.35658],[54.57301,29.46708],[54.48716,29.81277],[54.5928,30.12847],[54.51589,30.49509],[54.44912,30.83262],[54.8175,30.99056],[55.63856,31.05705],[55.71941,31.55819],[56.35107,31.86795],[56.76617,32.0335],[57.4215,31.79043],[58.06449,31.55057],[58.96511,31.19782],[59.46996,30.65683],[59.35513,29.92591],[59.41677,29.57636],[59.37609,29.11897],[59.35413,28.79033],[59.04774,28.52793],[59.02517,28.35902],[58.8871,28.01369],[58.8268,27.43928],[58.80229,26.99427],[58.94817,26.69415],[58.90068,26.46175],[58.93643,26.25242],[58.88638,26.13455],[58.83803,26.02069]]]]}},{"type":"Feature","properties":{"name":"Kermanshah","iso":"IRN"},"geometry":{"type":"MultiPolygon","coordinates":[[[[45.80491,33.97298],[45.75725,33.74338],[45.68308,33.70048],[45.55355,33.88248],[45.43131,33.95794],[45.47963,34.0347],[45.54375,34.1212],[45.59344,34.25956],[45.47738,34.37357],[45.51703,34.46795],[45.57988,34.56548],[45.7355,34.5397],[45.72123,34.66666],[45.70866,34.76972],[45.7682,34.82849],[45.84863,34.8941],[45.8875,35.0],[45.93443,35.08073],[46.02902,35.04857],[46.07689,35.0541],[46.1683,35.0915],[46.15589,35.13187],[46.17611,35.17326],[46.19585,35.20749],[46.15097,35.2242],[46.11539,35.2304],[46.14191,35.26389],[46.31231,35.18212],[46.58599,34.86421],[46.63781,34.79583],[46.74329,34.7597],[46.88384,34.74531],[46.95206,34.81973],[47.02027,34.90367],[47.10143,34.97776],[47.25263,34.96324],[47.33764,35.0676],[47.42257,35.15137],[47.54844,35.11475],[47.71346,35.0081],[47.85278,34.9109],[47.76981,34.78713],[47.58477,34.72071],[47.67406,34.63224],[47.78819,34.52441],[47.91126,34.57898],[47.98726,34.49042],[47.91428,34.42752],[47.71757,34.37067],[47.5741,34.31601],[47.44847,34.18475],[47.42099,34.0584],[47.16328,34.01135],[47.20248,33.84923],[47.06767,33.84697],[46.8469,33.79332],[46.43525,33.91059],[46.25045,33.97987],[46.0238,34.04614],[45.80072,34.02053],[45.80491,33.97298]]]]}},{"type":"Feature","properties":{"name":"Khuzestan","iso":"IRN"},"geometry":{"type":"MultiPolygon","coordinates":[[[[49.0867,30.10403],[49.08708,30.10347],[49.08764,30.10292],[49.08792,30.10236],[49.08847,30.10181],[49.08875,30.10014],[49.08911,30.09851],[49.0882,30.09875],[49.08764,30.09931],[49.08681,30.09986],[49.08625,30.10042],[49.08542,30.1007],[49.08458,30.10125],[49.08425,30.10176],[49.08385,30.10208],[49.08181,30.10236],[49.0807,30.10375],[49.08097,30.1043],[49.08181,30.10459],[49.08411,30.10492],[49.08542,30.1043],[49.0867,30.10403]]],[[[49.12042,30.12097],[49.11986,30.12042],[49.11951,30.11986],[49.11903,30.11347],[49.11958,30.1107],[49.11986,30.10708],[49.11986,30.10375],[49.12013,30.10292],[49.12014,30.10042],[49.12042,30.09847],[49.12098,30.09626],[49.12153,30.09569],[49.12236,30.09514],[49.12334,30.09458],[49.1236,30.09431],[49.12403,30.09375],[49.1232,30.09347],[49.12208,30.09308],[49.12042,30.09271],[49.11958,30.09347],[49.11903,30.09403],[49.11847,30.09403],[49.11792,30.09347],[49.11736,30.0932],[49.11709,30.09292],[49.11681,30.09264],[49.11625,30.09236],[49.11597,30.09153],[49.1157,30.09098],[49.11486,30.0907],[49.11264,30.09041],[49.11208,30.09014],[49.11181,30.08931],[49.11125,30.08903],[49.11026,30.08903],[49.10903,30.08948],[49.1068,30.08931],[49.09985,30.08931],[49.09764,30.08958],[49.09629,30.09015],[49.09597,30.0907],[49.09542,30.09125],[49.09555,30.09181],[49.09792,30.09236],[49.09792,30.09292],[49.097,30.09347],[49.09654,30.09406],[49.09543,30.0946],[49.09407,30.0951],[49.09347,30.09597],[49.09385,30.09681],[49.09419,30.09736],[49.09448,30.09847],[49.09473,30.09875],[49.09509,30.09903],[49.09569,30.09931],[49.09597,30.09958],[49.09681,30.10014],[49.09708,30.10181],[49.09764,30.10208],[49.09792,30.10264],[49.09819,30.10292],[49.09875,30.10319],[49.09958,30.10375],[49.10014,30.10459],[49.10097,30.10486],[49.10125,30.10542],[49.10209,30.1057],[49.10264,30.10625],[49.10292,30.10736],[49.10236,30.10764],[49.10181,30.10819],[49.10209,30.10958],[49.10486,30.10931],[49.11047,30.10931],[49.11144,30.10958],[49.11208,30.10986],[49.11236,30.1107],[49.11292,30.11125],[49.11347,30.11153],[49.11375,30.11181],[49.11403,30.11208],[49.11431,30.11236],[49.11458,30.11264],[49.11486,30.11328],[49.11514,30.11542],[49.11542,30.11625],[49.11597,30.11723],[49.1165,30.11848],[49.11681,30.11931],[49.11709,30.1207],[49.11764,30.12153],[49.11848,30.12208],[49.1189,30.12236],[49.11987,30.12268],[49.12024,30.12153],[49.12042,30.12097]]],[[[49.00764,30.1357],[49.00819,30.13557],[49.00873,30.13514],[49.00915,30.13458],[49.00958,30.13415],[49.0098,30.13373],[49.01209,30.1332],[49.01404,30.13292],[49.01458,30.13209],[49.01514,30.13031],[49.01569,30.12986],[49.01632,30.13041],[49.0168,30.13264],[49.01708,30.13308],[49.0174,30.13343],[49.01792,30.13403],[49.01959,30.13375],[49.01959,30.13236],[49.01928,30.13042],[49.01847,30.1297],[49.0182,30.12909],[49.0177,30.12848],[49.01709,30.12793],[49.01635,30.12736],[49.01569,30.12681],[49.01486,30.12653],[49.01431,30.12681],[49.01407,30.12686],[49.01347,30.12708],[49.0132,30.12764],[49.01292,30.12792],[49.0127,30.12872],[49.01207,30.12931],[49.01153,30.12986],[49.01091,30.13069],[49.01045,30.13131],[49.00986,30.13236],[49.0093,30.1332],[49.00903,30.13375],[49.00847,30.13403],[49.00792,30.13458],[49.00736,30.13514],[49.00681,30.1357],[49.00625,30.13653],[49.00681,30.13708],[49.00708,30.13653],[49.00769,30.13593],[49.00764,30.1357]]],[[[49.11764,30.1611],[49.11713,30.1615],[49.1182,30.16264],[49.11987,30.16264],[49.11764,30.1611]]],[[[49.12952,30.1507],[49.13012,30.14931],[49.12988,30.1485],[49.12903,30.14931],[49.12847,30.14958],[49.12792,30.15042],[49.12736,30.15153],[49.12847,30.15181],[49.12931,30.15069],[49.12952,30.1507]]],[[[49.16073,30.17848],[49.1618,30.17458],[49.1673,30.17493],[49.17153,30.17347],[49.17651,30.1723],[49.18181,30.17098],[49.1893,30.16958],[49.19348,30.16852],[49.19739,30.16685],[49.19986,30.16542],[49.20292,30.16375],[49.20458,30.16236],[49.20653,30.16069],[49.20844,30.15959],[49.20926,30.15764],[49.2077,30.15547],[49.20514,30.15403],[49.20736,30.15431],[49.21153,30.15514],[49.21508,30.15292],[49.21631,30.14819],[49.21375,30.14736],[49.20845,30.14653],[49.20625,30.14375],[49.19959,30.14447],[49.19708,30.14348],[49.1893,30.14264],[49.18109,30.14209],[49.17736,30.13986],[49.17352,30.13928],[49.1693,30.13792],[49.16486,30.13681],[49.16125,30.13736],[49.16069,30.13597],[49.16069,30.13125],[49.15903,30.12986],[49.15495,30.12903],[49.15097,30.13031],[49.14764,30.13178],[49.14903,30.13515],[49.15042,30.13847],[49.15167,30.14208],[49.15264,30.14458],[49.15397,30.14738],[49.15506,30.15125],[49.15613,30.15625],[49.15613,30.16211],[49.15623,30.16708],[49.15403,30.16875],[49.15467,30.17125],[49.15509,30.17486],[49.15651,30.17819],[49.15931,30.17903],[49.16073,30.17848]]],[[[49.22178,30.21375],[49.22403,30.2118],[49.22543,30.21044],[49.22681,30.20858],[49.22791,30.20709],[49.22931,30.20486],[49.23142,30.20319],[49.23264,30.20153],[49.23431,30.19986],[49.23597,30.1982],[49.23514,30.19264],[49.23459,30.18569],[49.2332,30.18097],[49.23208,30.17889],[49.23097,30.17792],[49.22875,30.17653],[49.2274,30.17564],[49.2243,30.17486],[49.22231,30.17928],[49.22014,30.18097],[49.21903,30.17486],[49.21792,30.17819],[49.21625,30.17486],[49.21491,30.17353],[49.2132,30.17681],[49.21125,30.17764],[49.20931,30.17986],[49.20736,30.17986],[49.2077,30.17493],[49.20706,30.17236],[49.20833,30.16958],[49.21153,30.16958],[49.21292,30.16736],[49.21458,30.16375],[49.21597,30.15931],[49.21448,30.15847],[49.2132,30.16081],[49.21181,30.16208],[49.21042,30.16403],[49.20898,30.16621],[49.20709,30.16819],[49.20537,30.17125],[49.2042,30.1732],[49.20042,30.17458],[49.19931,30.17653],[49.20042,30.18152],[49.20182,30.1843],[49.20349,30.18707],[49.20208,30.19875],[49.20042,30.20181],[49.2007,30.20392],[49.2057,30.20514],[49.21266,30.20566],[49.21403,30.20895],[49.21566,30.21042],[49.21754,30.21153],[49.21931,30.21403],[49.22077,30.21403],[49.22178,30.21375]]],[[[49.16236,30.18958],[49.16294,30.18904],[49.16319,30.18863],[49.16381,30.18795],[49.16419,30.18736],[49.16456,30.18653],[49.16412,30.18597],[49.16292,30.18542],[49.15597,30.18596],[49.15491,30.18628],[49.15514,30.18819],[49.15542,30.18847],[49.15597,30.18875],[49.15653,30.18931],[49.15729,30.18988],[49.15903,30.19028],[49.16042,30.19014],[49.1618,30.18958],[49.16236,30.18958]]],[[[49.01569,30.1968],[49.01569,30.19752],[49.01597,30.19781],[49.01625,30.1982],[49.0168,30.19918],[49.01847,30.19986],[49.01815,30.19933],[49.01764,30.1982],[49.01736,30.19736],[49.0168,30.19625],[49.01569,30.1968]]],[[[49.0304,30.20458],[49.03042,30.20264],[49.03009,30.20129],[49.02973,30.2007],[49.02935,30.20036],[49.02875,30.19986],[49.02736,30.19986],[49.02736,30.20182],[49.02764,30.20287],[49.02809,30.20431],[49.02847,30.20489],[49.02994,30.20486],[49.0304,30.20458]]],[[[49.00819,30.20097],[49.00625,30.20153],[49.00531,30.20209],[49.00542,30.20264],[49.0057,30.20319],[49.00597,30.20458],[49.00653,30.20514],[49.00708,30.20569],[49.00792,30.20569],[49.00792,30.20129],[49.00819,30.20097]]],[[[49.0777,30.21491],[49.07764,30.20958],[49.07764,30.20875],[49.07736,30.20486],[49.07681,30.20264],[49.07431,30.20236],[49.07319,30.20264],[49.07292,30.20306],[49.07264,30.20331],[49.07233,30.2037],[49.07208,30.20403],[49.07153,30.20431],[49.07097,30.20514],[49.07014,30.20569],[49.06958,30.20597],[49.06857,30.20681],[49.0682,30.20764],[49.06875,30.20831],[49.0682,30.21153],[49.06764,30.21209],[49.06708,30.21292],[49.06653,30.21403],[49.06653,30.21458],[49.06875,30.21514],[49.07375,30.21458],[49.07486,30.21458],[49.07542,30.21486],[49.0757,30.21542],[49.07625,30.21597],[49.07708,30.21569],[49.07736,30.21486],[49.0777,30.21491]]],[[[48.98208,30.26569],[48.98264,30.26514],[48.9832,30.2643],[48.98375,30.26375],[48.98375,30.25958],[48.98431,30.25873],[48.98579,30.25903],[48.98625,30.25792],[48.98681,30.25764],[48.98653,30.25274],[48.9857,30.25291],[48.98514,30.25458],[48.98486,30.25542],[48.98459,30.2557],[48.98375,30.25597],[48.98302,30.25597],[48.98264,30.25542],[48.98229,30.25379],[48.98097,30.25375],[48.98041,30.2557],[48.98069,30.25736],[48.98125,30.25764],[48.98153,30.25819],[48.98208,30.25847],[48.98236,30.25886],[48.98268,30.25961],[48.98208,30.26042],[48.98208,30.26141],[48.98169,30.2627],[48.9813,30.26406],[48.98069,30.2643],[48.98014,30.26486],[48.9801,30.2663],[48.98097,30.26681],[48.98125,30.26732],[48.98208,30.26792],[48.98235,30.26691],[48.98208,30.26569]]],[[[48.97828,30.26903],[48.9782,30.26764],[48.97794,30.26597],[48.97819,30.2654],[48.97875,30.26486],[48.97847,30.2636],[48.97716,30.26319],[48.97664,30.26292],[48.97597,30.26254],[48.97542,30.26208],[48.97292,30.2619],[48.97224,30.26653],[48.97196,30.26681],[48.97168,30.26709],[48.97181,30.26792],[48.97247,30.26849],[48.97375,30.26653],[48.97319,30.26569],[48.9743,30.26542],[48.97542,30.26597],[48.97569,30.26675],[48.97625,30.26819],[48.97683,30.26872],[48.97765,30.26929],[48.97792,30.26931],[48.9782,30.26903],[48.97828,30.26903]]],[[[48.96681,30.2672],[48.96632,30.26682],[48.96753,30.26542],[48.96835,30.26514],[48.96819,30.26375],[48.96653,30.26347],[48.96486,30.26347],[48.96463,30.26406],[48.96399,30.26483],[48.96347,30.26569],[48.96392,30.26681],[48.96542,30.26709],[48.96581,30.26819],[48.96625,30.26847],[48.96681,30.26819],[48.96681,30.26736],[48.96681,30.2672]]],[[[48.98264,30.27097],[48.98097,30.27042],[48.97986,30.26986],[48.97931,30.27125],[48.98069,30.27125],[48.98153,30.2718],[48.98292,30.2718],[48.98264,30.27097]]],[[[49.14847,30.18903],[49.14903,30.18875],[49.14958,30.18792],[49.14933,30.18735],[49.14893,30.18652],[49.14764,30.18653],[49.1471,30.18768],[49.14653,30.18847],[49.14597,30.18986],[49.14653,30.19031],[49.14764,30.19014],[49.14819,30.18931],[49.14847,30.18903]]],[[[49.22847,30.23486],[49.22792,30.23458],[49.22764,30.23431],[49.22736,30.23352],[49.22681,30.23236],[49.22653,30.23181],[49.22632,30.22992],[49.22586,30.22903],[49.22542,30.22814],[49.22501,30.22736],[49.22475,30.22681],[49.2243,30.22637],[49.22398,30.22602],[49.22347,30.2257],[49.22292,30.22486],[49.22264,30.22458],[49.22236,30.2243],[49.22208,30.22403],[49.22181,30.22375],[49.22157,30.22342],[49.22097,30.22292],[49.22043,30.22235],[49.21986,30.22153],[49.21946,30.21958],[49.21903,30.2182],[49.21903,30.21486],[49.21847,30.21403],[49.21792,30.21292],[49.21736,30.21236],[49.21681,30.2118],[49.21595,30.21156],[49.21542,30.21097],[49.21486,30.21069],[49.21368,30.21014],[49.2132,30.20892],[49.21292,30.20749],[49.21264,30.20653],[49.21236,30.20625],[49.21097,30.20597],[49.20931,30.20587],[49.2057,30.20569],[49.20319,30.20542],[49.20208,30.20514],[49.2007,30.20458],[49.19986,30.20431],[49.19959,30.20376],[49.19903,30.20431],[49.19847,30.20486],[49.19792,30.20514],[49.19764,30.20597],[49.19708,30.20681],[49.19671,30.20736],[49.19625,30.21347],[49.19677,30.21434],[49.19733,30.21491],[49.19764,30.21653],[49.19819,30.21708],[49.19875,30.21736],[49.19907,30.21787],[49.19948,30.2182],[49.2004,30.21877],[49.20093,30.2193],[49.20203,30.21958],[49.2029,30.22018],[49.20542,30.2207],[49.20792,30.22097],[49.20903,30.22125],[49.21069,30.22153],[49.21208,30.22208],[49.21236,30.22264],[49.2132,30.2229],[49.21361,30.22347],[49.21406,30.22399],[49.21448,30.2243],[49.21471,30.22681],[49.21542,30.22852],[49.21597,30.22933],[49.21625,30.23097],[49.21681,30.23135],[49.21764,30.23236],[49.21792,30.23292],[49.21958,30.23319],[49.22014,30.23375],[49.22153,30.23403],[49.22236,30.23458],[49.22375,30.23514],[49.22681,30.23571],[49.22875,30.23549],[49.22847,30.23486]]],[[[49.21685,30.34958],[49.21625,30.34903],[49.21597,30.34772],[49.21542,30.34736],[49.21486,30.34958],[49.21542,30.35042],[49.21613,30.3507],[49.21649,30.35132],[49.21737,30.35147],[49.21764,30.35042],[49.21685,30.34958]]],[[[49.18514,30.35819],[49.18542,30.35792],[49.1857,30.35764],[49.18629,30.35685],[49.18668,30.35653],[49.18708,30.35625],[49.18735,30.3551],[49.18625,30.35514],[49.18591,30.35571],[49.18542,30.35625],[49.18403,30.35653],[49.18347,30.35712],[49.18297,30.35793],[49.1824,30.35878],[49.18347,30.35903],[49.1846,30.35854],[49.18514,30.35819]]],[[[49.23236,30.16347],[49.23208,30.16219],[49.23169,30.16069],[49.2318,30.15819],[49.23125,30.15708],[49.23042,30.15658],[49.22981,30.15602],[49.22931,30.15552],[49.22875,30.15514],[49.2282,30.15431],[49.22764,30.15292],[49.22709,30.15181],[49.22569,30.15208],[49.22486,30.15255],[49.22375,30.15292],[49.22278,30.15319],[49.22181,30.15375],[49.22097,30.15431],[49.21986,30.15458],[49.21903,30.15514],[49.21958,30.15569],[49.21986,30.15736],[49.22042,30.15819],[49.22097,30.15847],[49.22153,30.15903],[49.22292,30.15959],[49.22357,30.16014],[49.22458,30.16069],[49.22514,30.16125],[49.22625,30.16153],[49.22681,30.16181],[49.22721,30.16236],[49.2282,30.16264],[49.22875,30.16305],[49.22929,30.16349],[49.23012,30.16406],[49.23125,30.16447],[49.23347,30.16431],[49.23264,30.16403],[49.23236,30.16347]]],[[[49.23708,30.16403],[49.23734,30.16265],[49.23671,30.16181],[49.23597,30.16125],[49.2346,30.16091],[49.23347,30.16042],[49.2332,30.16097],[49.23292,30.16181],[49.2332,30.16228],[49.2337,30.16321],[49.23403,30.16403],[49.23468,30.16431],[49.23542,30.16458],[49.23642,30.16458],[49.23681,30.16403],[49.23708,30.16403]]],[[[49.23431,30.17514],[49.23625,30.17486],[49.23591,30.17211],[49.23547,30.17151],[49.23514,30.17114],[49.23463,30.17065],[49.23403,30.17042],[49.23347,30.16986],[49.23264,30.16931],[49.23153,30.16876],[49.23065,30.16819],[49.22995,30.16792],[49.22931,30.16736],[49.22847,30.16681],[49.22764,30.16653],[49.22681,30.16625],[49.22403,30.16764],[49.22458,30.16819],[49.22514,30.16875],[49.22569,30.16931],[49.22597,30.16958],[49.22625,30.16875],[49.22681,30.16875],[49.22791,30.16913],[49.22792,30.17098],[49.2282,30.17125],[49.22847,30.17208],[49.22905,30.17263],[49.22949,30.17347],[49.22988,30.17402],[49.23042,30.17463],[49.23055,30.17597],[49.23069,30.17636],[49.231,30.17677],[49.23208,30.17736],[49.23375,30.17625],[49.23431,30.17514]]],[[[49.23187,30.4043],[49.2323,30.40347],[49.23153,30.40236],[49.22902,30.40231],[49.22792,30.40264],[49.22709,30.40292],[49.22764,30.40403],[49.22819,30.40458],[49.22875,30.40514],[49.23014,30.40458],[49.23187,30.4043]]],[[[49.22014,30.36542],[49.22067,30.36514],[49.22089,30.36212],[49.22042,30.36042],[49.21986,30.35792],[49.21931,30.35653],[49.21903,30.35486],[49.21869,30.35431],[49.21819,30.35347],[49.21764,30.35292],[49.21736,30.35236],[49.21653,30.35208],[49.21569,30.35169],[49.21403,30.35125],[49.21375,30.35208],[49.2132,30.35347],[49.21375,30.35396],[49.21403,30.35708],[49.21347,30.35764],[49.21375,30.35958],[49.21431,30.35986],[49.21514,30.36042],[49.21542,30.36097],[49.2171,30.36212],[49.21792,30.36299],[49.21819,30.36431],[49.21764,30.36542],[49.21801,30.36597],[49.21931,30.36597],[49.22014,30.36569],[49.22014,30.36542]]],[[[49.19542,30.37903],[49.19625,30.37847],[49.1968,30.37792],[49.1968,30.37628],[49.19514,30.37625],[49.1932,30.37681],[49.19373,30.37732],[49.1932,30.37875],[49.19292,30.37958],[49.1932,30.37986],[49.19461,30.37992],[49.19542,30.3793],[49.19542,30.37903]]],[[[49.1875,30.38403],[49.18792,30.38347],[49.1884,30.38265],[49.18736,30.38233],[49.18597,30.38236],[49.18459,30.38296],[49.18375,30.38319],[49.1843,30.38433],[49.18512,30.38452],[49.18625,30.38458],[49.18698,30.38458],[49.18736,30.38403],[49.1875,30.38403]]],[[[49.16042,30.42751],[49.16091,30.42707],[49.16125,30.4264],[49.16182,30.426],[49.16236,30.42542],[49.1629,30.42431],[49.16347,30.42375],[49.16402,30.4232],[49.16458,30.42264],[49.16542,30.42208],[49.16594,30.42067],[49.16647,30.42014],[49.16681,30.41847],[49.1662,30.41819],[49.16582,30.41792],[49.16514,30.41745],[49.16486,30.41708],[49.16403,30.41625],[49.16347,30.41597],[49.15957,30.41548],[49.15821,30.4151],[49.15764,30.41458],[49.15653,30.41431],[49.15458,30.41403],[49.15403,30.41375],[49.15271,30.41375],[49.15208,30.41375],[49.14843,30.41369],[49.14764,30.4157],[49.14819,30.41607],[49.14863,30.41708],[49.14903,30.41736],[49.14931,30.41792],[49.14986,30.41847],[49.1507,30.41903],[49.15125,30.41931],[49.15153,30.41958],[49.15208,30.42014],[49.15236,30.42042],[49.15253,30.42097],[49.15207,30.4215],[49.15165,30.42181],[49.15236,30.42236],[49.15292,30.42442],[49.15318,30.42517],[49.15375,30.42542],[49.15458,30.42569],[49.15486,30.42653],[49.15542,30.42736],[49.15597,30.42764],[49.15624,30.4282],[49.15736,30.42847],[49.1582,30.42847],[49.16042,30.42764],[49.16042,30.42751]]],[[[49.24847,30.41097],[49.24875,30.41042],[49.24768,30.4101],[49.24707,30.4101],[49.24653,30.41014],[49.24569,30.41069],[49.24542,30.41153],[49.24653,30.4118],[49.24681,30.41125],[49.24847,30.41097]]],[[[49.25097,30.41653],[49.25153,30.4157],[49.25097,30.41514],[49.24986,30.41458],[49.24875,30.41403],[49.24792,30.41403],[49.24625,30.41458],[49.24708,30.41486],[49.24792,30.41542],[49.2482,30.41609],[49.24792,30.41681],[49.24631,30.41653],[49.24569,30.41625],[49.24542,30.4157],[49.24347,30.41514],[49.24236,30.41486],[49.24097,30.41458],[49.23903,30.41403],[49.2357,30.41403],[49.23459,30.41492],[49.23403,30.41542],[49.23347,30.4157],[49.23325,30.41629],[49.23323,30.41653],[49.23403,30.41681],[49.23459,30.41681],[49.23739,30.41731],[49.24292,30.41708],[49.24485,30.41767],[49.24586,30.41792],[49.24698,30.41819],[49.24847,30.41819],[49.24986,30.41819],[49.25069,30.41708],[49.25097,30.41653]]],[[[49.2254,30.44038],[49.22625,30.43971],[49.22736,30.43847],[49.22847,30.43708],[49.22958,30.43569],[49.23069,30.43451],[49.23151,30.43347],[49.23264,30.43236],[49.23389,30.43127],[49.23621,30.43014],[49.23847,30.42903],[49.23931,30.4282],[49.24347,30.42764],[49.24597,30.42597],[49.24764,30.42486],[49.24903,30.42375],[49.25014,30.42264],[49.24903,30.42042],[49.24597,30.41958],[49.24458,30.41949],[49.24014,30.41958],[49.23514,30.41931],[49.23264,30.42181],[49.2337,30.42236],[49.23403,30.4243],[49.23542,30.42486],[49.23431,30.42569],[49.23347,30.42458],[49.2318,30.42347],[49.23097,30.42236],[49.23069,30.41767],[49.2282,30.41681],[49.22681,30.41597],[49.22514,30.41542],[49.22347,30.41514],[49.21944,30.41514],[49.21847,30.41431],[49.21653,30.41351],[49.21375,30.41347],[49.21125,30.41309],[49.20998,30.41236],[49.20681,30.41212],[49.20347,30.41282],[49.20209,30.41351],[49.19986,30.41486],[49.20125,30.41597],[49.20264,30.41486],[49.20379,30.41536],[49.20597,30.41625],[49.20681,30.41792],[49.20752,30.41931],[49.20903,30.42014],[49.20903,30.42125],[49.20625,30.42264],[49.20721,30.4232],[49.20958,30.42403],[49.21069,30.42514],[49.21264,30.42569],[49.21458,30.42652],[49.21542,30.4282],[49.21903,30.42875],[49.22097,30.42986],[49.22153,30.43264],[49.22323,30.4346],[49.22215,30.43738],[49.22181,30.44097],[49.22486,30.44041],[49.2254,30.44038]]],[[[50.0771,30.23606],[49.92708,30.20181],[49.85292,30.16375],[49.78867,30.12181],[49.71792,30.08033],[49.64431,30.03708],[49.57129,30.00067],[49.51181,30.04097],[49.46908,30.15268],[49.41236,30.14625],[49.30776,30.14236],[49.24569,30.16069],[49.23708,30.22958],[49.22626,30.31819],[49.22264,30.34986],[49.20728,30.3857],[49.23588,30.38875],[49.25125,30.40542],[49.26347,30.43311],[49.27764,30.45185],[49.23764,30.43903],[49.2407,30.45931],[49.20347,30.46597],[49.21153,30.48625],[49.19097,30.47458],[49.15181,30.46365],[49.15764,30.50208],[49.13324,30.49373],[49.10153,30.49681],[49.11014,30.45347],[49.11208,30.42764],[49.03486,30.45014],[49.06542,30.50181],[49.03959,30.46486],[48.98917,30.50458],[48.99403,30.46319],[48.94792,30.48542],[48.90014,30.48514],[49.04315,30.43619],[48.99542,30.43708],[48.98597,30.40764],[48.87625,30.35208],[48.86345,30.30679],[48.91903,30.25208],[48.9393,30.12403],[48.93153,30.04042],[48.87875,30.00681],[48.69514,30.0107],[48.67653,29.92653],[48.58486,29.90403],[50.1162,31.92402],[50.0771,30.23606]]],[[[48.89403,30.01681],[48.89459,30.01597],[48.89459,30.01542],[48.89347,30.01542],[48.89208,30.01542],[48.89208,30.01708],[48.8932,30.01764],[48.89375,30.01708],[48.89403,30.01681]]],[[[48.90097,30.26681],[48.90292,30.26625],[48.90403,30.26569],[48.90597,30.26514],[48.90764,30.26458],[48.90931,30.26403],[48.90986,30.26292],[48.90986,30.26125],[48.90792,30.25958],[48.90569,30.26014],[48.90458,30.26069],[48.90319,30.26125],[48.90181,30.26236],[48.90125,30.26292],[48.9007,30.26347],[48.89958,30.2643],[48.89903,30.26542],[48.89847,30.26597],[48.89792,30.26681],[48.89847,30.26764],[48.90014,30.26764],[48.90097,30.26681]]],[[[48.8882,30.27292],[48.88903,30.27264],[48.88958,30.2732],[48.89069,30.2732],[48.89125,30.27264],[48.89264,30.27292],[48.89292,30.27153],[48.89125,30.27125],[48.89014,30.2718],[48.88847,30.2718],[48.88653,30.27236],[48.88625,30.27292],[48.88709,30.27375],[48.88792,30.2732],[48.8882,30.27292]]],[[[48.96792,30.28181],[48.96708,30.28097],[48.96681,30.28085],[48.96514,30.28125],[48.9657,30.2807],[48.96626,30.28009],[48.96681,30.27958],[48.96736,30.27931],[48.9671,30.27869],[48.96569,30.27903],[48.96514,30.27958],[48.96458,30.28014],[48.9632,30.2807],[48.96209,30.28113],[48.96209,30.28153],[48.96264,30.28181],[48.96375,30.28181],[48.96431,30.28236],[48.96542,30.28302],[48.96597,30.28351],[48.96851,30.28375],[48.96819,30.28181],[48.96792,30.28181]]],[[[48.99138,30.30181],[48.99169,30.30153],[48.99194,30.30125],[48.99231,30.30072],[48.99231,30.29993],[48.99292,30.29932],[48.99512,30.29932],[48.99591,30.29852],[48.99653,30.29764],[48.99707,30.29492],[48.99708,30.29413],[48.99681,30.29347],[48.99653,30.29319],[48.99625,30.29292],[48.99548,30.29264],[48.99459,30.29207],[48.99398,30.29158],[48.99347,30.29125],[48.9932,30.29069],[48.99209,30.29014],[48.99014,30.29069],[48.98949,30.29153],[48.98903,30.29264],[48.98847,30.29375],[48.98792,30.29458],[48.98731,30.29571],[48.98674,30.29736],[48.98681,30.29875],[48.98708,30.3003],[48.98736,30.30057],[48.98764,30.30085],[48.98792,30.30109],[48.98819,30.30139],[48.98847,30.3017],[48.98875,30.30195],[48.98931,30.30231],[48.99125,30.30208],[48.99138,30.30181]]],[[[48.94629,30.32147],[48.95015,30.31904],[48.9549,30.31653],[48.95931,30.31403],[48.9632,30.31153],[48.96486,30.30847],[48.96792,30.30514],[48.9707,30.30048],[48.97351,30.29571],[48.97625,30.2918],[48.97875,30.28847],[48.98125,30.28569],[48.9837,30.27991],[48.9832,30.27569],[48.97958,30.27264],[48.97669,30.27631],[48.97492,30.2749],[48.97026,30.27431],[48.96569,30.27125],[48.95958,30.27375],[48.9599,30.27708],[48.96705,30.27765],[48.96926,30.2796],[48.97542,30.28264],[48.97264,30.28569],[48.9682,30.28681],[48.96486,30.28986],[48.96153,30.29347],[48.95709,30.29542],[48.95681,30.30181],[48.95709,30.30486],[48.95208,30.30736],[48.95236,30.31153],[48.95403,30.31181],[48.94931,30.31653],[48.94625,30.31875],[48.94264,30.31097],[48.94153,30.30625],[48.94292,30.30264],[48.9507,30.30208],[48.9543,30.29764],[48.95236,30.29431],[48.95597,30.29542],[48.96097,30.29142],[48.96375,30.28903],[48.95958,30.28875],[48.95597,30.28792],[48.95153,30.28847],[48.94875,30.29319],[48.94514,30.29569],[48.94375,30.29947],[48.94097,30.29736],[48.93847,30.30347],[48.94042,30.31213],[48.94236,30.3207],[48.94629,30.32147]]],[[[48.97847,30.31181],[48.97875,30.30875],[48.97792,30.30792],[48.97632,30.30847],[48.97569,30.30931],[48.97569,30.31014],[48.97625,30.31042],[48.97792,30.31208],[48.97832,30.31181],[48.97847,30.31181]]],[[[48.98486,30.34375],[48.98542,30.34403],[48.98688,30.34375],[48.98847,30.34319],[48.98903,30.34264],[48.98931,30.34153],[48.9907,30.34125],[48.99097,30.34168],[48.99153,30.34153],[48.99209,30.34069],[48.99264,30.33986],[48.99292,30.33903],[48.99347,30.33875],[48.99403,30.33819],[48.99514,30.33764],[48.99569,30.33708],[48.99681,30.33625],[48.99736,30.33514],[48.99792,30.33458],[48.99875,30.33431],[48.99903,30.33403],[49.00069,30.33291],[49.00126,30.33236],[49.00236,30.3318],[49.00292,30.33125],[49.00374,30.33069],[49.00431,30.33014],[49.00516,30.32962],[49.00597,30.32903],[49.00653,30.32629],[49.00653,30.32507],[49.00681,30.32153],[49.00625,30.3207],[49.00597,30.31597],[49.0057,30.31431],[49.00514,30.31292],[49.00458,30.31208],[49.00427,30.3113],[49.00347,30.31086],[49.0024,30.31036],[49.00208,30.30986],[49.00125,30.30908],[49.00031,30.30903],[48.99931,30.31014],[48.99875,30.31014],[48.9982,30.31181],[48.99792,30.31292],[48.9982,30.31352],[48.99903,30.31403],[48.99958,30.31446],[49.00014,30.31458],[49.00042,30.31512],[49.00069,30.31736],[49.00069,30.32097],[49.00014,30.32903],[48.99958,30.32903],[48.99903,30.32847],[48.9982,30.32791],[48.99708,30.32792],[48.99653,30.32736],[48.99653,30.32597],[48.99597,30.32542],[48.99514,30.32595],[48.99375,30.32563],[48.99353,30.32489],[48.99242,30.32372],[48.98931,30.3232],[48.98977,30.32431],[48.99097,30.32458],[48.99125,30.32597],[48.99153,30.32653],[48.99125,30.32681],[48.9907,30.32708],[48.99042,30.3272],[48.98986,30.32736],[48.9895,30.3277],[48.98908,30.33181],[48.98847,30.33431],[48.98901,30.33542],[48.98847,30.33653],[48.98819,30.33736],[48.98736,30.33764],[48.98681,30.33847],[48.98653,30.33958],[48.98597,30.33931],[48.98486,30.33931],[48.98403,30.34042],[48.98375,30.34097],[48.9832,30.34153],[48.98236,30.34181],[48.9818,30.34292],[48.98264,30.34446],[48.9832,30.3443],[48.98459,30.34375],[48.98486,30.34375]]],[[[48.95929,30.33508],[48.9598,30.33458],[48.96033,30.3335],[48.96014,30.33264],[48.95931,30.33252],[48.95875,30.33236],[48.9582,30.32986],[48.95875,30.32875],[48.95931,30.32708],[48.96014,30.32653],[48.96069,30.32597],[48.9618,30.32648],[48.96228,30.32708],[48.96208,30.32875],[48.9621,30.33014],[48.9632,30.32931],[48.96347,30.32736],[48.96375,30.32653],[48.96403,30.32597],[48.96458,30.32431],[48.96514,30.3232],[48.96527,30.32153],[48.96512,30.32042],[48.96458,30.31931],[48.96347,30.31959],[48.96292,30.31986],[48.96236,30.32042],[48.96208,30.32097],[48.96181,30.32125],[48.96097,30.32153],[48.96069,30.32236],[48.96033,30.32269],[48.95987,30.32376],[48.95932,30.32434],[48.95847,30.32458],[48.95792,30.32514],[48.95736,30.32597],[48.95681,30.32681],[48.95625,30.32847],[48.95653,30.33514],[48.95736,30.33542],[48.95875,30.33542],[48.95929,30.33508]]],[[[48.94764,30.33458],[48.94792,30.33431],[48.94819,30.3332],[48.94873,30.33209],[48.94983,30.33176],[48.9507,30.3313],[48.95042,30.32681],[48.94986,30.32653],[48.94962,30.32622],[48.94903,30.3257],[48.94625,30.3257],[48.94569,30.32625],[48.94514,30.32681],[48.94431,30.32736],[48.94403,30.32792],[48.94264,30.32847],[48.94208,30.32903],[48.94171,30.3299],[48.94181,30.33042],[48.94208,30.33097],[48.94236,30.33191],[48.94264,30.33236],[48.9432,30.33264],[48.94486,30.3332],[48.94543,30.33373],[48.94597,30.33458],[48.94681,30.33511],[48.94708,30.33514],[48.94762,30.33471],[48.94764,30.33458]]],[[[48.96597,30.35153],[48.96625,30.35097],[48.96681,30.35042],[48.96792,30.34986],[48.96875,30.34903],[48.96903,30.34764],[48.96986,30.34681],[48.97097,30.34625],[48.97131,30.3457],[48.97125,30.34208],[48.97181,30.34125],[48.97153,30.33952],[48.97094,30.33822],[48.96847,30.33764],[48.96792,30.33819],[48.96625,30.33847],[48.96681,30.33931],[48.96708,30.34125],[48.96625,30.34153],[48.96569,30.34208],[48.96514,30.34253],[48.96462,30.34239],[48.96514,30.34181],[48.96542,30.34069],[48.96494,30.34014],[48.96402,30.34012],[48.96347,30.34042],[48.96292,30.34125],[48.96236,30.34181],[48.96185,30.34321],[48.96125,30.34458],[48.96069,30.34548],[48.96031,30.34597],[48.95986,30.34681],[48.95986,30.34792],[48.96014,30.35097],[48.96182,30.35148],[48.96372,30.35264],[48.96403,30.35153],[48.96597,30.35153]]],[[[48.95792,30.35292],[48.95847,30.35264],[48.95875,30.35208],[48.95728,30.35132],[48.95736,30.35014],[48.95789,30.34851],[48.95914,30.34819],[48.95892,30.34736],[48.95789,30.34736],[48.95764,30.34764],[48.95648,30.3479],[48.9563,30.34851],[48.9557,30.3507],[48.95514,30.35153],[48.95458,30.35236],[48.95506,30.35264],[48.9557,30.35309],[48.95625,30.35327],[48.95653,30.35431],[48.95764,30.35347],[48.95792,30.35292]]],[[[48.94804,30.39931],[48.94847,30.39875],[48.94792,30.39832],[48.94764,30.39802],[48.94736,30.39764],[48.94625,30.39736],[48.94542,30.39708],[48.93431,30.39736],[48.93153,30.39792],[48.92903,30.39847],[48.92959,30.39903],[48.93236,30.39931],[48.93764,30.39959],[48.94767,30.39959],[48.94804,30.39931]]],[[[48.99736,30.40403],[48.99847,30.40347],[48.99958,30.40292],[48.99847,30.40125],[48.99708,30.40181],[48.99625,30.40236],[48.99542,30.40292],[48.99431,30.40347],[48.9932,30.40403],[48.99403,30.40486],[48.99708,30.40431],[48.99736,30.40403]]],[[[49.00292,30.26069],[49.00697,30.25931],[49.01875,30.25819],[49.0271,30.25787],[49.03264,30.25625],[49.03736,30.25486],[49.03986,30.25347],[49.04208,30.2518],[49.0443,30.25042],[49.04709,30.24875],[49.04989,30.24742],[49.05125,30.24597],[49.05341,30.24458],[49.05512,30.24292],[49.05706,30.24169],[49.05903,30.24014],[49.06126,30.23819],[49.06321,30.23684],[49.06486,30.23542],[49.06708,30.23375],[49.06875,30.23236],[49.07042,30.23125],[49.07233,30.22968],[49.07432,30.22792],[49.07542,30.22264],[49.07625,30.21764],[49.07097,30.21729],[49.06458,30.21736],[49.06236,30.21569],[49.06026,30.21375],[49.05819,30.21236],[49.05403,30.21125],[49.05055,30.20931],[49.0482,30.20808],[49.04681,30.20653],[49.04542,30.20542],[49.04153,30.20681],[49.03986,30.20958],[49.03514,30.21069],[49.03375,30.21292],[49.03264,30.21431],[49.03125,30.21875],[49.02958,30.22209],[49.02792,30.22347],[49.02708,30.22486],[49.02319,30.2243],[49.02014,30.22292],[49.01847,30.22681],[49.0141,30.22709],[49.00848,30.22711],[49.00681,30.23208],[49.00458,30.22958],[49.00232,30.22931],[49.00208,30.23328],[48.99933,30.23908],[48.99764,30.24431],[48.99931,30.24792],[48.99958,30.26153],[49.00292,30.26069]]],[[[48.96125,30.39875],[48.98623,30.38792],[49.01569,30.38129],[49.04097,30.39292],[49.05542,30.37431],[49.0643,30.36877],[49.06991,30.34844],[49.06704,30.36238],[49.06934,30.36514],[49.08653,30.34681],[49.0929,30.3407],[49.12181,30.35403],[49.14264,30.35958],[49.1418,30.37042],[49.13403,30.38541],[49.1489,30.38792],[49.15653,30.38292],[49.16602,30.37767],[49.16403,30.35486],[49.17597,30.36403],[49.18903,30.34792],[49.19347,30.34819],[49.1957,30.35959],[49.17681,30.36708],[49.19739,30.37462],[49.20875,30.36292],[49.21236,30.36153],[49.21347,30.34731],[49.2165,30.33066],[49.2273,30.31153],[49.2432,30.28625],[49.23625,30.25903],[49.21542,30.23431],[49.19646,30.21656],[49.19568,30.18536],[49.18653,30.19171],[49.17845,30.17953],[49.15208,30.19431],[49.13125,30.22181],[49.12347,30.23078],[49.10264,30.24097],[49.07903,30.24116],[49.0607,30.25403],[49.03181,30.26653],[49.00787,30.27791],[49.00625,30.29292],[49.00597,30.33458],[48.98903,30.34736],[48.94873,30.35992],[48.93403,30.37292],[48.92569,30.39708],[48.96125,30.39875]]],[[[49.07208,30.37927],[49.07288,30.37848],[49.07347,30.37736],[49.0741,30.37681],[49.07459,30.37597],[49.07486,30.37542],[49.07514,30.37514],[49.07597,30.37431],[49.07681,30.37403],[49.07708,30.37347],[49.07764,30.37292],[49.07819,30.37236],[49.07903,30.3718],[49.08042,30.37153],[49.08116,30.37097],[49.08147,30.37014],[49.08258,30.36958],[49.0832,30.36903],[49.08403,30.36847],[49.08458,30.36792],[49.08431,30.36625],[49.08431,30.36542],[49.08458,30.36431],[49.08403,30.36375],[49.08427,30.36292],[49.0839,30.36097],[49.08264,30.36014],[49.0807,30.36014],[49.07903,30.35958],[49.0781,30.36014],[49.0777,30.36072],[49.07708,30.36125],[49.07653,30.36208],[49.07653,30.36319],[49.0757,30.36375],[49.07542,30.36431],[49.07475,30.36458],[49.07426,30.36486],[49.07321,30.36544],[49.07208,30.36591],[49.07013,30.36627],[49.06986,30.36708],[49.06875,30.36736],[49.06764,30.36792],[49.06681,30.36847],[49.06625,30.36903],[49.06569,30.36958],[49.06486,30.37042],[49.06451,30.37128],[49.06408,30.37208],[49.06347,30.37292],[49.06292,30.37403],[49.06326,30.37456],[49.06403,30.37486],[49.0643,30.37551],[49.06488,30.37592],[49.06569,30.37643],[49.06621,30.37684],[49.06671,30.37793],[49.0669,30.37847],[49.06792,30.3793],[49.06958,30.37986],[49.07114,30.37958],[49.07208,30.37927]]],[[[49.06097,30.40597],[49.06569,30.40431],[49.06986,30.40208],[49.07526,30.40014],[49.07939,30.39764],[49.0848,30.39542],[49.08875,30.39375],[49.09992,30.39209],[49.11153,30.39181],[49.11681,30.39252],[49.12401,30.39175],[49.12736,30.38903],[49.1268,30.38292],[49.12486,30.37736],[49.12621,30.36958],[49.13569,30.36847],[49.1418,30.36569],[49.14153,30.36044],[49.1382,30.35806],[49.13347,30.35514],[49.12931,30.35542],[49.12598,30.35511],[49.12125,30.35555],[49.10736,30.35375],[49.10336,30.35153],[49.10042,30.34986],[49.09654,30.34788],[49.08877,30.34769],[49.08708,30.35153],[49.08569,30.35992],[49.08903,30.36293],[49.08736,30.36764],[49.08458,30.37042],[49.08209,30.37208],[49.08236,30.37542],[49.08792,30.37569],[49.09125,30.37319],[49.09792,30.37097],[49.10625,30.36932],[49.11014,30.37208],[49.11125,30.37569],[49.10792,30.37153],[49.09958,30.3718],[49.09208,30.37431],[49.08931,30.37681],[49.07629,30.37769],[49.07344,30.3803],[49.06625,30.38031],[49.06314,30.37767],[49.05708,30.37792],[49.05459,30.38097],[49.0532,30.38514],[49.05042,30.39069],[49.04733,30.39369],[49.04587,30.39514],[49.04391,30.39792],[49.04597,30.39978],[49.04847,30.40253],[49.05181,30.4057],[49.05925,30.40625],[49.06097,30.40597]]],[[[49.09542,30.4157],[49.09597,30.41467],[49.09684,30.41432],[49.09681,30.41375],[49.09738,30.41292],[49.09764,30.41208],[49.09875,30.41153],[49.0993,30.41107],[49.10042,30.41078],[49.10108,30.41042],[49.10144,30.41014],[49.10181,30.41014],[49.10236,30.40903],[49.10292,30.40875],[49.10569,30.40819],[49.10625,30.40708],[49.10764,30.40681],[49.10792,30.40625],[49.10903,30.40597],[49.11042,30.40542],[49.11236,30.40375],[49.11209,30.40319],[49.11017,30.40292],[49.10931,30.40236],[49.10847,30.40264],[49.10792,30.40181],[49.10736,30.40153],[49.10653,30.40181],[49.10597,30.40125],[49.10514,30.40125],[49.10181,30.40171],[49.10071,30.4021],[49.09772,30.40236],[49.09736,30.40292],[49.09681,30.40319],[49.09597,30.40308],[49.09458,30.40292],[49.09332,30.40319],[49.09231,30.40375],[49.09125,30.40431],[49.09038,30.40486],[49.09014,30.40542],[49.08959,30.40574],[49.0882,30.4057],[49.08751,30.40625],[49.08682,30.40713],[49.08569,30.40736],[49.08514,30.40819],[49.08403,30.40847],[49.08375,30.4092],[49.0832,30.40958],[49.08292,30.41019],[49.08264,30.41055],[49.08236,30.41091],[49.08181,30.4118],[49.08181,30.41225],[49.08236,30.4132],[49.0832,30.41309],[49.08403,30.41346],[49.08472,30.41351],[49.08569,30.4137],[49.08612,30.41431],[49.08685,30.41458],[49.08875,30.41486],[49.08931,30.41514],[49.09014,30.4157],[49.09152,30.41628],[49.09403,30.41653],[49.09431,30.41597],[49.09542,30.4157]]],[[[49.10028,30.41542],[49.09986,30.41486],[49.10028,30.41431],[49.10085,30.4132],[49.09986,30.41291],[49.09903,30.41351],[49.09815,30.41514],[49.09819,30.41597],[49.09972,30.41597],[49.10014,30.41542],[49.10028,30.41542]]],[[[49.09514,30.50069],[49.09597,30.49876],[49.09711,30.49707],[49.09958,30.49597],[49.1028,30.49514],[49.10569,30.49403],[49.10784,30.49375],[49.10931,30.4932],[49.11014,30.49153],[49.11067,30.4896],[49.10986,30.48847],[49.10903,30.48708],[49.10431,30.48669],[49.10236,30.48597],[49.10213,30.48459],[49.10292,30.48153],[49.10403,30.48014],[49.10486,30.47903],[49.10542,30.47625],[49.10458,30.47368],[49.10447,30.47181],[49.10403,30.46737],[49.10292,30.46708],[49.10181,30.46903],[49.10069,30.47042],[49.09903,30.47153],[49.09767,30.47381],[49.09569,30.47514],[49.09448,30.47571],[49.09342,30.47653],[49.09205,30.47729],[49.09042,30.47819],[49.08986,30.47889],[49.08653,30.47986],[49.08501,30.48097],[49.08292,30.48181],[49.08042,30.48236],[49.08042,30.48504],[49.08069,30.48931],[49.08042,30.49153],[49.08125,30.4932],[49.08264,30.49442],[49.0832,30.49291],[49.08458,30.4918],[49.08597,30.4932],[49.08703,30.49458],[49.08569,30.49573],[49.08368,30.49736],[49.08514,30.49847],[49.0882,30.49959],[49.08946,30.49986],[49.0901,30.50046],[49.09208,30.50171],[49.09429,30.50153],[49.09514,30.50069]]],[[[49.19208,30.46307],[49.19565,30.46208],[49.19736,30.46125],[49.19847,30.46014],[49.20377,30.45936],[49.2082,30.45792],[49.21292,30.45736],[49.21514,30.45681],[49.21569,30.45264],[49.21514,30.44708],[49.21653,30.44458],[49.21819,30.44181],[49.22096,30.43736],[49.22097,30.43375],[49.22097,30.43125],[49.21958,30.42986],[49.21653,30.42958],[49.21403,30.42847],[49.21208,30.42736],[49.20847,30.42625],[49.2062,30.42736],[49.20514,30.42597],[49.20363,30.4243],[49.20097,30.4232],[49.19847,30.42375],[49.19986,30.42569],[49.20152,30.42682],[49.20375,30.4282],[49.20148,30.42871],[49.19901,30.42715],[49.19514,30.4267],[49.19181,30.42625],[49.19208,30.42493],[49.18736,30.42458],[49.1857,30.42709],[49.18526,30.42986],[49.18802,30.43125],[49.19264,30.43042],[49.18875,30.43208],[49.18292,30.43348],[49.18153,30.43542],[49.17941,30.43681],[49.17681,30.43764],[49.18012,30.4393],[49.17847,30.44041],[49.17736,30.44067],[49.17431,30.4393],[49.17572,30.44153],[49.17736,30.44375],[49.17597,30.44597],[49.17468,30.44629],[49.17653,30.44792],[49.17792,30.44909],[49.17931,30.45042],[49.17875,30.45097],[49.17736,30.4498],[49.17625,30.4489],[49.17431,30.44986],[49.17442,30.45514],[49.17556,30.45597],[49.17633,30.45708],[49.17838,30.45792],[49.17986,30.45931],[49.18288,30.46102],[49.18514,30.46236],[49.18958,30.4635],[49.19208,30.46319],[49.19208,30.46307]]],[[[49.12125,30.4957],[49.12264,30.49403],[49.12431,30.49264],[49.1274,30.4918],[49.12973,30.49097],[49.13402,30.49014],[49.13682,30.48989],[49.13847,30.48891],[49.13931,30.48625],[49.13903,30.48431],[49.13875,30.48319],[49.13812,30.48097],[49.13794,30.48013],[49.13736,30.47827],[49.13672,30.47597],[49.13707,30.47236],[49.13548,30.47011],[49.13514,30.46569],[49.13542,30.46486],[49.1351,30.46228],[49.13653,30.4582],[49.13762,30.45542],[49.13847,30.45319],[49.13958,30.4518],[49.14069,30.44986],[49.1382,30.44847],[49.13567,30.44931],[49.1343,30.44986],[49.13065,30.45069],[49.12901,30.4518],[49.12792,30.45375],[49.12651,30.45597],[49.12514,30.45681],[49.12372,30.4549],[49.12292,30.45331],[49.12097,30.45236],[49.11903,30.45153],[49.11625,30.45236],[49.11493,30.45349],[49.11375,30.45458],[49.11293,30.45572],[49.11123,30.45681],[49.11036,30.45764],[49.10959,30.45863],[49.10875,30.45986],[49.10768,30.46149],[49.10669,30.46264],[49.10597,30.46501],[49.10569,30.46903],[49.10651,30.47514],[49.10707,30.47681],[49.10959,30.47792],[49.10847,30.47847],[49.10682,30.4782],[49.10569,30.48069],[49.10458,30.48236],[49.10347,30.48486],[49.1082,30.48514],[49.10903,30.48597],[49.10986,30.48653],[49.11097,30.48764],[49.11181,30.48863],[49.11236,30.48917],[49.11292,30.48969],[49.11375,30.49025],[49.11458,30.49097],[49.11514,30.49236],[49.11597,30.49343],[49.11681,30.49583],[49.11736,30.49637],[49.11932,30.4967],[49.12125,30.4957]]],[[[49.16264,30.49458],[49.16208,30.49403],[49.16125,30.49347],[49.16069,30.49403],[49.16069,30.4957],[49.16125,30.49653],[49.16208,30.49597],[49.16264,30.49458]]],[[[48.87597,30.29486],[48.8768,30.29431],[48.8768,30.29347],[48.87597,30.29292],[48.87486,30.29292],[48.87431,30.29431],[48.87375,30.29486],[48.87375,30.29542],[48.87542,30.29569],[48.87597,30.29486]]],[[[48.93597,30.35681],[48.93653,30.35375],[48.93542,30.34958],[48.93458,30.34736],[48.93292,30.34473],[48.93153,30.34236],[48.93208,30.33291],[48.93375,30.32931],[48.93514,30.31764],[48.93375,30.31514],[48.93264,30.31189],[48.93152,30.30958],[48.93014,30.30757],[48.92871,30.30573],[48.92681,30.30448],[48.92236,30.30486],[48.92097,30.30736],[48.9193,30.31042],[48.91602,30.30981],[48.91459,30.30306],[48.91014,30.30347],[48.90681,30.30514],[48.90458,30.30681],[48.90347,30.30958],[48.90236,30.31153],[48.9022,30.31486],[48.90375,30.31375],[48.90486,30.31125],[48.90597,30.3137],[48.90706,30.31597],[48.90792,30.31717],[48.9082,30.32236],[48.90653,30.32403],[48.90681,30.326],[48.90949,30.32708],[48.91026,30.32795],[48.91125,30.32875],[48.91208,30.32958],[48.91292,30.33153],[48.91153,30.33931],[48.91069,30.33375],[48.9082,30.33542],[48.90625,30.33347],[48.9007,30.33431],[48.89931,30.33655],[48.89931,30.33958],[48.90014,30.34153],[48.89847,30.34447],[48.8957,30.34181],[48.89447,30.34847],[48.89727,30.34958],[48.90236,30.35097],[48.90569,30.35181],[48.90903,30.35042],[48.91069,30.35125],[48.91236,30.35014],[48.91319,30.3532],[48.91625,30.35514],[48.91764,30.35625],[48.93264,30.35764],[48.93597,30.35681]]]]}},{"type":"Feature","properties":{"name":"Kohgiluyeh and Buyer Ahmad","iso":"IRN"},"geometry":{"type":"MultiPolygon","coordinates":[[[[50.5899,30.1543],[50.5442,30.1728],[50.49819,30.20088],[50.42987,30.21885],[50.41541,30.32525],[50.40138,30.43388],[50.34313,30.49173],[50.34206,30.53144],[50.39747,30.58283],[50.41847,30.64301],[50.40591,30.68232],[50.37055,30.7209],[50.27824,30.75757],[50.18545,30.8039],[50.14832,30.88177],[50.11335,30.90025],[50.02411,30.84717],[49.95493,30.86399],[49.95329,30.90354],[49.9723,30.99345],[49.93489,31.06102],[49.91822,31.16895],[49.9152,31.22807],[49.96994,31.27982],[50.1049,31.33474],[50.17263,31.35708],[50.24666,31.47777],[50.32838,31.45084],[50.44578,31.39521],[50.51483,31.38719],[50.58331,31.38886],[50.64179,31.3607],[50.69024,31.30275],[50.80865,31.20664],[50.86768,31.15843],[50.96073,31.11064],[51.01756,31.11143],[51.07514,31.09248],[51.14326,31.0933],[51.18634,31.15288],[51.25367,31.17332],[51.31081,31.16406],[51.30247,31.08516],[51.35103,30.99693],[51.43332,30.90891],[51.54897,30.83086],[51.61799,30.79185],[51.66569,30.70329],[51.66828,30.60455],[51.6354,30.56484],[51.54578,30.53457],[51.47773,30.54393],[51.40963,30.55323],[51.38602,30.59258],[51.31783,30.6018],[51.24856,30.65051],[51.17996,30.66948],[51.12317,30.66873],[51.14665,30.63934],[51.13651,30.58966],[51.17174,30.54056],[51.17262,30.50087],[51.19617,30.46147],[51.16273,30.43111],[51.20909,30.38207],[51.19883,30.3221],[51.1428,30.2813],[51.04151,30.22972],[51.00745,30.22913],[50.96273,30.1886],[50.88398,30.15805],[50.82734,30.15738],[50.75941,30.15657],[50.69102,30.17506],[50.62376,30.15481],[50.5899,30.1543]]]]}},{"type":"Feature","properties":{"name":"Kordestan","iso":"IRN"},"geometry":{"type":"MultiPolygon","coordinates":[[[[47.17719,34.96043],[47.04461,34.90458],[46.92839,34.80854],[46.80248,34.73162],[46.64048,34.76561],[46.5586,34.91343],[46.1759,35.26561],[46.12944,35.32659],[46.07371,35.36355],[46.03659,35.40871],[46.01122,35.51731],[46.01602,35.57092],[46.01209,35.62148],[46.00992,35.67122],[46.07283,35.68985],[46.14526,35.69016],[46.21247,35.71815],[46.27946,35.72955],[46.30871,35.75694],[46.34875,35.79045],[46.30608,35.82734],[46.238,35.8113],[46.16046,35.80043],[46.13599,35.84452],[46.05909,35.85154],[45.96413,35.84329],[45.79095,35.81782],[45.6446,35.94925],[45.51041,36.00906],[45.64856,36.14827],[45.70428,36.254],[45.94425,36.31826],[46.14301,36.45742],[46.5192,36.4233],[46.83735,36.42218],[47.09605,36.33659],[47.26434,36.42459],[47.38635,36.46052],[47.8637,36.4012],[47.93573,36.25171],[47.96105,36.03903],[47.90808,35.88488],[48.15017,35.72891],[48.10509,35.64636],[47.90855,35.64108],[47.81366,35.56744],[48.12576,35.19138],[48.03597,34.96671],[47.93748,34.96386],[47.70074,35.01787],[47.47172,35.17315],[47.42551,35.06036],[47.25,34.96315],[47.17719,34.96043]]]]}},{"type":"Feature","properties":{"name":"Lorestan","iso":"IRN"},"geometry":{"type":"MultiPolygon","coordinates":[[[[49.94793,33.32036],[49.87011,33.17988],[49.81339,33.12855],[49.68406,33.10382],[49.61812,33.01263],[49.62374,32.92427],[49.49579,32.87953],[49.44065,32.81813],[49.21571,32.7986],[49.01277,32.93745],[48.87973,32.95127],[48.73466,32.96424],[48.63192,33.048],[48.40611,33.01696],[48.11888,33.00374],[48.06771,32.90213],[47.97935,32.70057],[47.90881,32.61128],[47.81314,32.75708],[47.72982,32.89319],[47.57738,33.04847],[47.30885,33.24148],[47.09739,33.32665],[46.96482,33.41077],[46.8624,33.53304],[46.88798,33.61219],[46.93761,33.68118],[47.02298,33.73116],[47.13261,33.76192],[47.25,33.76361],[47.34154,33.83285],[47.43048,33.92314],[47.3862,34.03787],[47.37793,34.15355],[47.54539,34.18781],[47.57679,34.26655],[47.64494,34.35813],[47.78253,34.28287],[47.97145,34.18146],[48.12243,34.10901],[48.2971,34.04732],[48.44485,34.03361],[48.51778,34.04617],[48.62639,34.07956],[48.76192,34.04695],[48.9339,34.00664],[48.94883,33.94003],[48.94073,33.84335],[48.90918,33.72605],[49.00735,33.70148],[49.12875,33.69715],[49.22541,33.70132],[49.29501,33.77208],[49.32798,33.85085],[49.43525,33.88437],[49.5451,33.85026],[49.56266,33.71531],[49.62577,33.64011],[49.73651,33.56661],[49.80439,33.6667],[49.86595,33.62043],[49.91655,33.54435],[49.98931,33.50802],[49.95665,33.41873],[49.94793,33.32036]]]]}},{"type":"Feature","properties":{"name":"Markazi","iso":"IRN"},"geometry":{"type":"MultiPolygon","coordinates":[[[[50.39845,33.66849],[50.05888,33.55945],[49.92916,33.52529],[49.85289,33.64914],[49.76041,33.56756],[49.60141,33.64886],[49.57069,33.81259],[49.41235,33.85441],[49.30626,33.7919],[49.20205,33.68093],[49.04367,33.7031],[48.90798,33.75499],[48.96175,33.92138],[49.0413,34.05005],[49.07069,34.22463],[48.96786,34.43748],[48.91555,34.58504],[48.93887,34.61602],[49.10884,34.60349],[49.09065,34.78236],[49.11006,34.91312],[49.30309,34.92151],[49.41444,34.84675],[49.49092,34.73087],[49.56019,34.81382],[49.47019,34.96896],[49.24997,35.04911],[49.36937,35.08426],[49.33957,35.23305],[49.3708,35.36462],[49.44614,35.28762],[49.4522,35.4482],[49.64274,35.51633],[49.89331,35.57743],[50.1901,35.67146],[50.40495,35.64187],[50.63095,35.59246],[50.66327,35.68373],[50.71493,35.54609],[50.80618,35.62991],[50.8714,35.44223],[50.78481,35.21848],[50.60765,34.88132],[50.13834,34.73199],[50.10991,34.51098],[50.47463,34.19633],[50.77096,34.18635],[51.03501,34.03766],[50.92334,33.82987],[50.78313,33.79684],[50.51558,33.69159],[50.39845,33.66849]]]]}},{"type":"Feature","properties":{"name":"Mazandaran","iso":"IRN"},"geometry":{"type":"MultiPolygon","coordinates":[[[[52.24207,35.86028],[52.12964,35.76759],[51.96504,35.79509],[51.87519,35.89016],[51.76839,36.01273],[51.56819,36.06783],[51.37104,36.06187],[51.34325,36.16086],[51.1902,36.20498],[51.06121,36.22973],[50.95345,36.29517],[50.79955,36.34869],[50.66725,36.43328],[50.46227,36.56566],[50.31635,36.67074],[50.4193,36.74505],[50.47209,36.90879],[50.57623,36.96365],[50.69421,36.91214],[50.87084,36.83367],[51.07578,36.74309],[51.25322,36.70594],[51.37927,36.69196],[51.54931,36.64181],[51.67333,36.59921],[51.91477,36.57245],[52.16483,36.61304],[52.44824,36.68006],[52.65402,36.71592],[52.85762,36.74939],[53.05887,36.80199],[53.19426,36.83458],[53.48438,36.87368],[53.68074,36.89285],[53.85344,36.90745],[53.97806,36.92793],[54.02581,36.94723],[53.99774,36.90509],[53.93202,36.90001],[53.85388,36.88593],[53.78822,36.88256],[53.68389,36.86323],[53.66343,36.85602],[53.62803,36.83634],[53.63122,36.80929],[53.61605,36.80321],[53.7053,36.78571],[53.93118,36.65188],[54.10288,36.50192],[53.93607,36.42363],[53.86838,36.373],[53.8226,36.29811],[53.79922,36.22635],[53.78108,36.1512],[53.68139,36.07996],[53.58366,35.96852],[53.41571,35.89643],[53.27177,35.89476],[53.1298,35.84258],[53.01051,35.84089],[52.92489,35.90019],[52.75959,35.8675],[52.6268,35.93645],[52.43637,35.98439],[52.29793,35.92175],[52.24207,35.86028]]],[[[53.64532,36.84763],[53.62405,36.85392],[53.61709,36.85118],[53.60962,36.85342],[53.60612,36.85893],[53.61568,36.86034],[53.64747,36.85503],[53.64532,36.84763]]]]}},{"type":"Feature","properties":{"name":"North Khorasan","iso":"IRN"},"geometry":{"type":"MultiPolygon","coordinates":[[[[58.00188,37.06804],[58.11386,36.9266],[58.26069,36.90322],[58.15915,36.64641],[57.47374,36.8055],[56.59191,36.61498],[56.30422,36.67208],[56.08078,36.8468],[56.11213,37.00674],[56.09794,37.10819],[56.1208,37.15818],[55.96394,37.24185],[55.9312,37.40368],[56.04193,37.50222],[56.2907,37.57757],[56.22453,37.73043],[56.17683,37.86852],[56.16856,38.07371],[56.22478,38.06012],[56.31918,38.07047],[56.3479,38.09789],[56.35298,38.12181],[56.33393,38.14546],[56.3378,38.18133],[56.3999,38.22708],[56.46851,38.2536],[56.53114,38.2562],[56.59395,38.23723],[56.64302,38.23581],[56.69168,38.2566],[56.74739,38.26617],[56.78201,38.2484],[56.83307,38.22209],[56.91193,38.2004],[56.99064,38.19378],[57.06892,38.1736],[57.11403,38.2026],[57.15639,38.25047],[57.22055,38.26986],[57.25367,38.2371],[57.29558,38.19809],[57.29369,38.15024],[57.34763,38.10688],[57.37737,38.06228],[57.36543,38.00425],[57.37763,37.96828],[57.44566,37.93629],[57.53112,37.91624],[57.61642,37.91882],[57.7326,37.90963],[57.58841,37.75243],[57.81953,37.66037],[58.18163,37.49504],[58.09589,37.24644],[58.00188,37.06804]]]]}},{"type":"Feature","properties":{"name":"Qazvin","iso":"IRN"},"geometry":{"type":"MultiPolygon","coordinates":[[[[50.35007,35.87881],[50.25653,35.83448],[50.22243,35.78289],[50.23588,35.73355],[50.26181,35.66492],[50.20201,35.67203],[50.07215,35.61584],[50.00058,35.60241],[49.92897,35.58907],[49.83397,35.55473],[49.73857,35.53049],[49.65477,35.51685],[49.62119,35.44529],[49.53693,35.4417],[49.47631,35.4492],[49.42771,35.45723],[49.35532,35.45429],[49.30589,35.48244],[49.23379,35.46955],[49.05198,35.47256],[49.00234,35.50093],[49.01324,35.53157],[49.09761,35.54478],[49.0718,35.58412],[48.99668,35.642],[48.92268,35.66988],[48.826,35.65679],[48.76441,35.67527],[48.58665,35.8326],[48.64633,35.86482],[48.74395,35.86761],[48.81487,35.92051],[48.96135,35.91453],[49.02253,35.90616],[49.12743,36.02112],[49.30851,36.05759],[49.40309,36.13194],[49.33606,36.29229],[49.30828,36.37315],[49.25782,36.41273],[49.18427,36.42099],[49.12107,36.46265],[49.09106,36.56214],[49.0006,36.63189],[49.06619,36.74709],[49.24583,36.81312],[49.32015,36.80449],[49.34743,36.76398],[49.37581,36.703],[49.42752,36.65295],[49.51458,36.61416],[49.56347,36.6053],[49.63702,36.58715],[49.68463,36.59883],[49.7591,36.56051],[49.84317,36.56324],[49.90208,36.58548],[49.99538,36.63927],[50.06257,36.6585],[50.10178,36.67326],[50.13773,36.67455],[50.22076,36.68754],[50.29272,36.66988],[50.3657,36.62228],[50.46227,36.56566],[50.60708,36.47095],[50.66725,36.43328],[50.75113,36.38668],[50.79955,36.34869],[50.68418,36.32373],[50.55453,36.3484],[50.43819,36.33359],[50.40451,36.30208],[50.45324,36.26398],[50.5023,36.21592],[50.59668,36.19988],[50.63346,36.16143],[50.60054,36.11001],[50.56704,36.05731],[50.53656,35.94724],[50.4553,35.9136],[50.38473,35.88041],[50.35007,35.87881]]]]}},{"type":"Feature","properties":{"name":"Qom","iso":"IRN"},"geometry":{"type":"MultiPolygon","coordinates":[[[[51.78895,34.54203],[51.73127,34.50074],[51.66114,34.47926],[51.49641,34.46579],[51.22496,34.46943],[51.09608,34.43585],[51.03786,34.40407],[51.00433,34.31269],[50.99496,34.20279],[50.97326,34.13348],[50.91492,34.11239],[50.78334,34.16707],[50.69977,34.19397],[50.59169,34.24982],[50.48648,34.19674],[50.3043,34.35904],[50.25359,34.48713],[50.14595,34.50256],[50.06034,34.56871],[50.10539,34.65063],[50.15094,34.71259],[50.2065,34.82489],[50.37296,34.82201],[50.56077,34.86952],[50.7021,34.88481],[50.71921,35.06575],[50.75045,35.18713],[50.79659,35.21893],[50.90261,35.22283],[51.0559,35.21808],[51.22236,35.17295],[51.34106,35.14602],[51.45068,35.06392],[51.60639,34.99111],[51.80992,34.91453],[51.8828,34.86553],[51.90939,34.79558],[51.86771,34.65406],[51.82333,34.57283],[51.78895,34.54203]]]]}},{"type":"Feature","properties":{"name":"Razavi Khorasan","iso":"IRN"},"geometry":{"type":"MultiPolygon","coordinates":[[[[58.63802,34.07865],[58.8283,33.45849],[58.1011,32.77018],[57.00177,33.93894],[57.3531,35.1951],[56.75534,35.25756],[56.96863,35.79264],[56.69196,36.25535],[57.03418,37.01199],[58.19085,36.93472],[58.16529,37.29504],[57.58868,37.7425],[57.86219,37.86494],[58.07532,37.79882],[58.21262,37.74494],[58.32338,37.65602],[58.47331,37.6279],[58.60561,37.67334],[58.79306,37.64151],[58.86926,37.66796],[59.10596,37.57613],[59.26415,37.49702],[59.38429,37.44606],[59.4291,37.28943],[59.51488,37.18291],[59.6424,37.10741],[59.76249,37.11231],[59.94828,37.0286],[60.35243,36.64188],[61.17025,36.34034],[61.23725,35.89474],[61.25182,35.76839],[61.27533,35.60355],[61.28262,35.54215],[61.23606,35.45202],[61.20017,35.38573],[61.18024,35.35734],[61.19093,35.30125],[61.127,35.27999],[61.10074,35.23027],[61.10436,35.19053],[61.11481,35.15892],[61.1021,35.05373],[61.06782,34.92248],[61.03374,34.76112],[60.9876,34.65126],[60.9164,34.62498],[60.7808,34.53666],[60.83191,34.43756],[60.87369,34.30906],[60.67474,34.29012],[60.52978,34.14442],[59.39199,34.23991],[58.63802,34.07865]],[[61.19469,35.38514],[61.19385,35.38482],[61.19449,35.38471],[61.19469,35.38514]]]]}},{"type":"Feature","properties":{"name":"Semnan","iso":"IRN"},"geometry":{"type":"MultiPolygon","coordinates":[[[[52.75356,34.35786],[52.34769,34.46152],[51.89705,34.48372],[51.90939,34.79558],[51.88951,34.97635],[51.98726,35.13921],[51.8124,35.3581],[51.85996,35.571],[52.01404,35.52321],[52.30193,35.38624],[52.62199,35.33041],[52.92202,35.43576],[53.1037,35.58984],[53.04664,35.83133],[53.22473,35.86398],[53.46362,35.907],[53.64455,36.05952],[53.79484,36.19151],[53.81112,36.27203],[53.88206,36.38595],[54.12018,36.48484],[54.42328,36.46648],[54.62059,36.54652],[55.04884,36.7937],[55.50708,36.76792],[55.55558,36.94648],[55.71198,37.18577],[55.91686,37.3031],[56.05471,37.14948],[56.19269,37.12637],[56.08284,37.04775],[56.06168,36.88723],[56.2084,36.73419],[56.51661,36.6269],[56.78389,36.61963],[56.75092,36.44217],[56.71891,36.15558],[56.761,35.96626],[56.91024,35.83374],[57.10687,35.68006],[56.92928,35.45488],[56.75534,35.25756],[56.32456,35.02431],[56.03019,34.62965],[55.85869,34.40374],[55.44387,34.36078],[55.26583,34.39159],[54.70749,34.3694],[54.2691,34.35628],[53.63056,34.32998],[53.1334,34.32352],[52.75356,34.35786]]]]}},{"type":"Feature","properties":{"name":"Sistan and Baluchestan","iso":"IRN"},"geometry":{"type":"MultiPolygon","coordinates":[[[[59.8932,25.34542],[59.89431,25.34542],[59.89625,25.34486],[59.89736,25.3443],[59.89819,25.34375],[59.89875,25.34319],[59.89986,25.34264],[59.90208,25.34264],[59.90292,25.34181],[59.90208,25.34125],[59.89931,25.34125],[59.8932,25.34125],[59.88653,25.34208],[59.88709,25.34264],[59.88847,25.34319],[59.88903,25.34375],[59.89014,25.3443],[59.89125,25.34486],[59.89264,25.34584],[59.89292,25.3457],[59.8932,25.34542]]],[[[59.26318,25.46215],[58.82855,27.46896],[60.21898,30.78149],[61.78494,30.91123],[62.83597,27.67434],[61.71772,25.79602],[61.57514,25.22459],[61.57319,25.22208],[61.56847,25.18097],[61.50292,25.1907],[61.49403,25.17375],[61.50236,25.15708],[61.46931,25.11875],[61.45042,25.09597],[61.42097,25.07014],[61.3607,25.07542],[61.27792,25.09931],[61.1807,25.12375],[61.17458,25.16097],[61.10903,25.1857],[61.01736,25.21014],[60.89264,25.23458],[60.78458,25.2607],[60.69847,25.27542],[60.60514,25.29097],[60.61681,25.31403],[60.59843,25.34509],[60.60069,25.40403],[60.57125,25.43097],[60.47931,25.43708],[60.43681,25.41153],[60.40903,25.37986],[60.41819,25.36097],[60.45153,25.32458],[60.46625,25.28764],[60.42431,25.31236],[60.33125,25.32958],[60.30653,25.35458],[60.28403,25.38653],[60.19375,25.36653],[60.19486,25.32653],[60.11347,25.34764],[60.05375,25.38153],[59.90514,25.35736],[59.86875,25.36375],[59.83847,25.39792],[59.62014,25.38958],[59.54264,25.41291],[59.51069,25.44792],[59.42208,25.46958],[59.30431,25.45125],[59.25069,25.45209],[59.26318,25.46215]]],[[[61.52847,25.18208],[61.52958,25.18292],[61.53014,25.18347],[61.53069,25.1843],[61.53153,25.18514],[61.53208,25.1857],[61.53375,25.1832],[61.53069,25.18208],[61.52847,25.18208]]]]}},{"type":"Feature","properties":{"name":"South Khorasan","iso":"IRN"},"geometry":{"type":"MultiPolygon","coordinates":[[[[60.8224,32.02665],[60.78261,31.68102],[61.12389,31.43906],[61.16229,31.30917],[61.04734,31.09442],[61.00077,30.90784],[60.99559,30.71922],[61.0239,30.5485],[61.031,30.3983],[60.8165,30.40772],[60.66676,30.62435],[60.53384,30.70951],[60.39534,30.75476],[60.21898,30.78149],[59.93068,30.70482],[59.65718,30.64833],[59.42422,30.69735],[59.27673,30.90579],[59.1045,31.13443],[58.80279,31.26192],[58.31768,31.45368],[58.05299,31.55106],[57.84616,31.65603],[58.02921,31.97574],[58.21312,32.26847],[58.15273,32.4657],[58.10446,32.58474],[58.1489,32.68032],[58.25068,32.90132],[58.37635,33.16892],[58.69537,33.3007],[58.80383,33.45925],[58.67879,33.59564],[58.6127,33.6999],[58.64711,33.81152],[58.67223,34.04688],[58.6982,34.1694],[59.025,34.18019],[59.25198,34.20361],[59.53231,34.28644],[59.89394,34.05632],[60.47905,34.07677],[60.5144,34.03315],[60.55082,33.86497],[60.69116,33.53104],[60.89999,33.53891],[60.88439,33.50333],[60.86833,33.41887],[60.65275,33.2409],[60.61974,33.00312],[60.81591,32.47236],[60.8443,32.06738],[60.8224,32.02665]]]]}},{"type":"Feature","properties":{"name":"Tehran","iso":"IRN"},"geometry":{"type":"MultiPolygon","coordinates":[[[[51.80992,34.91453],[51.60639,34.99111],[51.45068,35.06392],[51.34106,35.14602],[51.22236,35.17295],[51.0559,35.21808],[50.90261,35.22283],[50.79659,35.21893],[50.79559,35.24895],[50.83961,35.3408],[50.86104,35.40174],[50.88279,35.45269],[50.88071,35.51275],[50.86109,35.57686],[50.98946,35.60114],[51.07619,35.57859],[51.11609,35.61262],[51.1265,35.66186],[51.14558,35.72257],[51.0866,35.77461],[51.06925,35.84746],[51.17854,35.9394],[51.27047,35.9446],[51.37802,35.91338],[51.36761,35.94807],[51.36414,36.00185],[51.43179,36.0638],[51.55658,36.0675],[51.61553,36.04908],[51.75631,36.02251],[51.81629,35.98364],[51.86563,35.92427],[51.91652,35.83454],[51.9534,35.79487],[52.00096,35.77554],[52.09466,35.76703],[52.1758,35.77842],[52.23634,35.84943],[52.32053,35.94229],[52.40148,35.97378],[52.44813,35.98455],[52.54424,35.93535],[52.63898,35.92651],[52.69921,35.89698],[52.80703,35.86817],[52.87796,35.8793],[52.93681,35.90037],[52.97401,35.86053],[53.03472,35.83115],[53.06186,35.74067],[53.08883,35.66029],[53.09274,35.56948],[53.0359,35.51817],[52.95577,35.46653],[52.89959,35.41526],[52.85423,35.38432],[52.71545,35.3419],[52.59789,35.34013],[52.44298,35.37819],[52.37154,35.39734],[52.2546,35.39565],[52.15782,35.45479],[52.07395,35.49388],[51.98966,35.54301],[51.94307,35.54221],[51.89595,35.55147],[51.84884,35.56069],[51.85299,35.47999],[51.82207,35.39865],[51.81339,35.33794],[51.85144,35.27808],[51.95058,35.16884],[51.98777,35.12914],[51.98979,35.08886],[51.94534,35.03774],[51.88998,34.96629],[51.89232,34.91601],[51.85836,34.88522],[51.80992,34.91453]]]]}},{"type":"Feature","properties":{"name":"West Azarbaijan","iso":"IRN"},"geometry":{"type":"MultiPolygon","coordinates":[[[[45.69785,36.21315],[45.58059,36.06247],[45.41713,35.98367],[45.37392,36.10872],[45.31465,36.27596],[45.24571,36.43169],[45.05905,36.50324],[45.0743,36.62711],[44.86618,36.77945],[44.92062,37.0205],[44.80669,37.16096],[44.75664,37.34824],[44.62281,37.4912],[44.59125,37.6672],[44.51926,37.77103],[44.41327,37.82853],[44.26598,37.93853],[44.37285,38.09766],[44.42693,38.27818],[44.41859,38.37392],[44.33078,38.52474],[44.2772,38.71603],[44.24569,38.8768],[44.18151,38.99416],[44.23233,39.10945],[44.1117,39.28645],[44.06934,39.39472],[44.22431,39.41029],[44.44112,39.43587],[44.49163,39.6463],[44.65644,39.73277],[44.8991,39.58033],[44.95096,39.45514],[45.08916,39.33117],[45.33511,39.1892],[45.43636,38.99839],[45.34995,38.8381],[45.21567,38.44279],[45.17497,38.14589],[45.28938,37.59358],[45.39452,37.26973],[45.78965,37.09933],[46.05416,37.02514],[46.33083,36.89619],[46.5514,37.02448],[46.79279,36.95813],[46.93036,36.74041],[47.25,36.69498],[47.25505,36.38422],[46.93025,36.36791],[46.67068,36.44214],[46.14301,36.45742],[45.93592,36.27942],[45.69785,36.21315]]]]}},{"type":"Feature","properties":{"name":"Yazd","iso":"IRN"},"geometry":{"type":"MultiPolygon","coordinates":[[[[53.63807,30.76514],[53.49927,31.033],[53.39308,31.29108],[53.19471,31.47944],[52.94008,31.57792],[52.83365,31.69648],[52.84028,31.86501],[52.89035,32.09292],[52.89318,32.31995],[52.88656,32.50774],[53.05872,32.56852],[53.25429,32.66935],[53.55827,32.63182],[53.83933,32.65379],[54.15968,32.78654],[54.45686,32.84878],[54.80239,32.96118],[54.93585,33.16261],[54.99754,33.36363],[55.18763,33.43614],[55.34209,33.56307],[55.40075,33.77849],[55.38708,34.12408],[55.38677,34.35167],[55.69671,34.35617],[55.87004,34.42356],[55.99537,34.59043],[56.21051,34.90612],[56.81084,35.0759],[57.50572,35.10152],[57.64989,34.82778],[57.2291,34.58606],[57.02547,34.20364],[57.02201,33.84676],[57.40317,33.5818],[57.6619,33.52356],[57.86709,32.95605],[58.14771,32.74865],[58.12703,32.61301],[58.12896,32.5057],[58.24742,32.30594],[58.12124,32.08791],[57.92606,31.81606],[57.71995,31.67119],[57.4215,31.79043],[57.12263,31.90071],[56.82367,32.01141],[56.64006,32.04926],[56.55484,31.96833],[56.35107,31.86795],[56.07576,31.70758],[55.75548,31.5983],[55.71739,31.45758],[55.70016,31.20672],[55.63856,31.05705],[55.37139,31.01839],[55.03678,31.03959],[54.7139,30.98094],[54.5529,30.96151],[54.44912,30.83262],[54.40287,30.72356],[54.48207,30.5646],[54.52648,30.37616],[54.61695,30.28668],[54.5928,30.12847],[54.59062,29.92093],[54.56667,29.82229],[54.4189,29.79333],[54.17077,29.90289],[54.04703,30.02182],[54.01387,30.2493],[53.82095,30.46759],[53.67253,30.69572],[53.63807,30.76514]]]]}},{"type":"Feature","properties":{"name":"Zanjan","iso":"IRN"},"geometry":{"type":"MultiPolygon","coordinates":[[[[48.47335,35.63638],[48.42448,35.63496],[48.37698,35.60316],[48.30311,35.6112],[48.26494,35.64057],[48.21249,35.71025],[48.18647,35.74006],[48.03443,35.82757],[47.90808,35.88488],[47.88174,35.91455],[47.9041,35.95589],[47.9634,35.99842],[47.96105,36.03903],[47.96918,36.1105],[47.97846,36.16167],[47.96362,36.20186],[47.93573,36.25171],[47.92008,36.30193],[47.91738,36.34244],[47.90294,36.37233],[47.8637,36.4012],[47.675,36.43372],[47.57504,36.43933],[47.50982,36.47646],[47.38635,36.46052],[47.34655,36.48852],[47.2529,36.68191],[47.22123,36.73898],[47.17634,36.79473],[47.21545,36.87451],[47.26881,36.93542],[47.33901,36.96862],[47.37989,37.01851],[47.40962,37.05807],[47.50381,37.09268],[47.54567,37.13319],[47.64916,37.16855],[47.70001,37.18145],[47.7772,37.17716],[47.83774,37.19064],[47.95265,37.18865],[48.03006,37.18411],[48.16622,37.20208],[48.23342,37.18719],[48.30074,37.17223],[48.3765,37.17665],[48.4437,37.21851],[48.51741,37.23217],[48.57001,37.16806],[48.63663,37.15184],[48.64396,37.18158],[48.66114,37.22095],[48.73062,37.19564],[48.77535,37.22687],[48.8113,37.23825],[48.8572,37.20168],[48.92375,37.18483],[48.96458,37.16648],[49.07357,37.09914],[49.14271,37.02888],[49.21292,36.92665],[49.23055,36.85421],[49.24583,36.81312],[49.06619,36.74709],[49.0006,36.63189],[49.09106,36.56214],[49.12107,36.46265],[49.18427,36.42099],[49.25782,36.41273],[49.30828,36.37315],[49.33606,36.29229],[49.40309,36.13194],[49.30851,36.05759],[49.12743,36.02112],[49.02253,35.90616],[48.96135,35.91453],[48.81487,35.92051],[48.74395,35.86761],[48.64633,35.86482],[48.58665,35.8326],[48.76441,35.67527],[48.8038,35.60547],[48.80547,35.56502],[48.7209,35.55238],[48.58581,35.57882],[48.47335,35.63638]]]]}}]}