{"type":"FeatureCollection","features":[{"type":"Feature","properties":{"name":"Adana","iso":"TUR"},"geometry":{"type":"MultiPolygon","coordinates":[[[[35.41434,36.5882],[35.38153,36.55903],[35.33875,36.54292],[35.33181,36.57625],[35.34625,36.59903],[35.31042,36.62542],[35.27653,36.64792],[35.25319,36.65458],[35.24209,36.67875],[35.21236,36.68486],[35.17181,36.68875],[35.17292,36.67403],[35.20514,36.64847],[35.24458,36.6268],[35.27458,36.60347],[35.30681,36.57847],[35.30347,36.56875],[35.25764,36.59125],[35.21125,36.61319],[35.15986,36.63597],[35.11181,36.65764],[35.06903,36.68042],[35.02014,36.70347],[34.95736,36.72403],[34.78626,37.37928],[36.00137,38.17807],[35.93462,37.42652],[35.91653,36.86736],[35.88514,36.83375],[35.84819,36.80736],[35.81236,36.78097],[35.74986,36.76959],[35.68514,36.76736],[35.63653,36.74903],[35.60986,36.72181],[35.59875,36.70931],[35.57292,36.71292],[35.56847,36.69653],[35.59681,36.68736],[35.62736,36.71958],[35.65458,36.73125],[35.65542,36.72639],[35.67042,36.71264],[35.70014,36.71875],[35.71403,36.71375],[35.69792,36.6968],[35.65208,36.67458],[35.63097,36.61375],[35.58181,36.59069],[35.54986,36.56958],[35.45208,36.58903],[35.41434,36.5882]]],[[[35.27958,36.64014],[35.28069,36.63958],[35.28181,36.63903],[35.28236,36.6382],[35.28292,36.63764],[35.28181,36.63736],[35.28097,36.6382],[35.28042,36.63875],[35.27931,36.63931],[35.27875,36.63986],[35.27903,36.64069],[35.27958,36.64014]]],[[[35.27236,36.64431],[35.27292,36.64375],[35.27403,36.6432],[35.27236,36.64236],[35.27125,36.6432],[35.27153,36.64486],[35.27236,36.64431]]],[[[35.59181,36.70319],[35.59097,36.70236],[35.59097,36.70153],[35.59153,36.70042],[35.58986,36.69986],[35.59125,36.70403],[35.59181,36.70319]]],[[[35.20875,36.64986],[35.20958,36.64931],[35.20875,36.64931],[35.20709,36.64931],[35.20625,36.64931],[35.20625,36.65042],[35.20736,36.65042],[35.20875,36.64986]]],[[[35.21181,36.65375],[35.21181,36.65292],[35.21097,36.65347],[35.21014,36.65403],[35.20958,36.65514],[35.21181,36.65514],[35.21181,36.65375]]],[[[35.21431,36.65903],[35.21097,36.65903],[35.21097,36.65986],[35.21403,36.65931],[35.21431,36.65903]]],[[[35.21069,36.67792],[35.21236,36.67681],[35.21153,36.67736],[35.20986,36.67792],[35.20847,36.67875],[35.21014,36.6782],[35.21069,36.67792]]],[[[35.68403,36.71569],[35.68347,36.71458],[35.68181,36.71458],[35.6807,36.71403],[35.67986,36.71347],[35.67903,36.71264],[35.6782,36.7132],[35.67764,36.71375],[35.67847,36.71458],[35.67958,36.71458],[35.68014,36.71514],[35.6807,36.71569],[35.68264,36.71625],[35.68403,36.71569]]],[[[35.69792,36.72681],[35.69847,36.72597],[35.69986,36.72542],[35.70181,36.72486],[35.70292,36.7243],[35.70181,36.72375],[35.69875,36.7243],[35.69847,36.72375],[35.69708,36.72542],[35.69653,36.72597],[35.69708,36.72709],[35.69792,36.72681]]],[[[35.60792,36.7043],[35.6082,36.70375],[35.60625,36.70375],[35.60625,36.70292],[35.60625,36.70097],[35.60236,36.70042],[35.60125,36.70153],[35.60209,36.70208],[35.60264,36.70236],[35.60375,36.70292],[35.60458,36.70347],[35.60514,36.70458],[35.60764,36.70514],[35.60792,36.7043]]]]}},{"type":"Feature","properties":{"name":"Adiyaman","iso":"TUR"},"geometry":{"type":"MultiPolygon","coordinates":[[[[38.1033,37.9024],[38.17848,37.94617],[38.15281,38.01477],[38.13482,38.08944],[38.25121,38.13377],[38.3565,38.17454],[38.42568,38.20678],[38.51292,38.22417],[38.58491,38.21765],[38.61436,38.15993],[38.56251,38.12689],[38.61444,38.10113],[38.83142,38.09155],[38.93764,38.10461],[39.03559,38.12833],[39.11174,38.18469],[39.17054,38.17564],[39.23367,38.18201],[39.24318,38.1321],[39.22738,38.07843],[39.17497,38.03032],[39.07344,37.99181],[38.99544,37.91854],[38.97641,37.80938],[38.95181,37.74911],[38.85306,37.7048],[38.8382,37.6693],[38.8169,37.63816],[38.7364,37.62366],[38.61589,37.57777],[38.56752,37.54018],[38.48441,37.49099],[38.33055,37.48438],[38.23722,37.43919],[38.1631,37.40672],[38.08984,37.42013],[38.01431,37.47569],[37.94061,37.50687],[37.85021,37.52465],[37.77766,37.54559],[37.68557,37.51384],[37.58662,37.5394],[37.48984,37.57129],[37.41645,37.6164],[37.41457,37.69069],[37.47246,37.73413],[37.52582,37.77268],[37.57785,37.81522],[37.67162,37.83617],[37.75825,37.85921],[37.82437,37.88146],[37.93157,37.86995],[38.01379,37.87305],[38.1033,37.9024]]]]}},{"type":"Feature","properties":{"name":"Afyon","iso":"TUR"},"geometry":{"type":"MultiPolygon","coordinates":[[[[30.19456,37.87817],[30.17937,37.82927],[30.09054,37.77674],[29.99047,37.78241],[29.88035,37.77233],[29.82726,37.7831],[29.77146,37.83281],[29.66377,37.85255],[29.722,38.00657],[29.79647,38.04131],[29.85351,38.07042],[29.92549,38.10935],[29.97063,38.13819],[30.02891,38.19078],[30.01838,38.2744],[29.95435,38.36697],[29.90569,38.42222],[29.82658,38.43404],[29.7671,38.48137],[29.81445,38.55333],[29.87276,38.64422],[29.89437,38.70968],[29.98596,38.75169],[30.06852,38.78596],[30.13043,38.84416],[30.18151,38.93534],[30.23959,39.04361],[30.28805,39.09843],[30.382,39.12504],[30.4337,39.16427],[30.50053,39.19232],[30.54296,39.13069],[30.64624,39.07874],[30.73291,39.11312],[30.78967,39.16489],[30.86844,39.20589],[30.9753,39.15929],[31.04867,39.18233],[31.1505,39.22357],[31.25242,39.28411],[31.30972,39.2485],[31.36277,39.16468],[31.42583,39.10017],[31.52844,39.09473],[31.69183,39.0951],[31.70923,39.00688],[31.6915,38.9131],[31.63903,38.8346],[31.60195,38.75279],[31.59091,38.70602],[31.63786,38.65703],[31.65045,38.61874],[31.57238,38.58262],[31.50059,38.54305],[31.41126,38.50647],[31.32904,38.46502],[31.25508,38.42668],[31.19964,38.44957],[31.13811,38.50512],[31.09424,38.51487],[30.91454,38.38047],[30.84188,38.3321],[30.7944,38.2872],[30.72058,38.26151],[30.61013,38.23392],[30.51736,38.18641],[30.34427,38.0602],[30.27379,38.0216],[30.20922,37.95747],[30.18878,37.89117],[30.19456,37.87817]]]]}},{"type":"Feature","properties":{"name":"Agri","iso":"TUR"},"geometry":{"type":"MultiPolygon","coordinates":[[[[43.10198,39.32246],[43.07876,39.29386],[43.13708,39.25689],[43.16917,39.22586],[43.1447,39.13629],[43.05642,39.1122],[42.94085,39.07733],[42.82786,39.06509],[42.74619,39.07206],[42.72719,39.1637],[42.67221,39.24967],[42.57685,39.31724],[42.51291,39.37992],[42.48083,39.4403],[42.47601,39.49148],[42.52364,39.56862],[42.50874,39.64831],[42.4879,39.7571],[42.40435,39.77766],[42.32196,39.80144],[42.26996,39.82733],[42.26749,39.87895],[42.34584,39.87837],[42.42059,39.87948],[42.50814,39.91914],[42.5944,39.93353],[42.71089,39.91766],[42.81923,39.94019],[42.94317,39.97401],[43.05166,39.99527],[43.14906,39.99935],[43.24766,39.98529],[43.33691,39.96545],[43.39402,39.93554],[43.45642,39.76748],[43.51764,39.81005],[43.60603,39.8232],[43.69291,39.80008],[43.81445,39.76248],[43.91943,39.7157],[44.01277,39.68654],[44.17768,39.69093],[44.31278,39.67155],[44.45195,39.69465],[44.48545,39.67535],[44.43542,39.54535],[44.43336,39.47307],[44.39626,39.40657],[44.31371,39.37397],[44.2345,39.40805],[44.15184,39.37718],[44.10904,39.4045],[44.04926,39.37954],[43.9899,39.35858],[43.86525,39.36857],[43.67305,39.33989],[43.59282,39.2879],[43.53624,39.30588],[43.46304,39.35136],[43.41977,39.39112],[43.3331,39.40183],[43.27794,39.39547],[43.20516,39.33429],[43.11271,39.32338],[43.10198,39.32246]]]]}},{"type":"Feature","properties":{"name":"Aksaray","iso":"TUR"},"geometry":{"type":"MultiPolygon","coordinates":[[[[33.24951,38.26498],[33.27316,38.2929],[33.28879,38.32765],[33.30063,38.36369],[33.31294,38.40262],[33.32038,38.43468],[33.34922,38.50221],[33.36407,38.53735],[33.39265,38.57071],[33.41827,38.58587],[33.45011,38.61899],[33.46504,38.63647],[33.5126,38.65233],[33.6027,38.68736],[33.65348,38.70228],[33.69276,38.71234],[33.82203,38.7139],[33.84371,38.72501],[33.91506,38.778],[33.94465,38.80675],[33.94691,38.82923],[33.93958,38.83549],[33.9208,38.87656],[33.9057,38.91142],[33.89033,38.94609],[33.8902,38.96783],[33.90893,38.99519],[33.9948,38.95544],[34.0214,38.94296],[34.07198,38.9069],[34.0944,38.899],[34.14468,38.89537],[34.17686,38.8821],[34.20014,38.85117],[34.22198,38.81567],[34.26257,38.79367],[34.24979,38.76675],[34.23515,38.73458],[34.20652,38.69077],[34.20758,38.67309],[34.23083,38.64582],[34.26447,38.62871],[34.28028,38.60841],[34.30469,38.56306],[34.3314,38.50937],[34.34629,38.48131],[34.37175,38.46321],[34.39287,38.44366],[34.38055,38.39605],[34.3683,38.36765],[34.36489,38.2991],[34.38459,38.25909],[34.39679,38.22474],[34.39621,38.17694],[34.38727,38.16003],[34.35823,38.14837],[34.32982,38.13497],[34.30867,38.10599],[34.28296,38.07486],[34.26839,38.05601],[34.25463,38.05396],[34.20454,38.07145],[34.18067,38.06796],[34.14691,38.05195],[34.12769,38.02184],[34.07425,38.01274],[34.03667,38.00013],[33.98832,37.98955],[33.95139,37.98024],[33.88676,37.97625],[33.82666,37.96675],[33.78625,37.95703],[33.68793,37.95511],[33.64691,37.94497],[33.55685,37.94393],[33.51565,37.93383],[33.46572,37.93389],[33.41341,37.95119],[33.39779,37.97121],[33.36257,38.00362],[33.33255,38.05014],[33.3025,38.09669],[33.28283,38.13882],[33.25759,38.17818],[33.2413,38.20694],[33.24263,38.25516],[33.24951,38.26498]]]]}},{"type":"Feature","properties":{"name":"Amasya","iso":"TUR"},"geometry":{"type":"MultiPolygon","coordinates":[[[[35.37076,40.37309],[35.39834,40.40493],[35.42864,40.43977],[35.45072,40.47277],[35.45267,40.52555],[35.4641,40.56303],[35.46204,40.57822],[35.43122,40.61026],[35.37677,40.63024],[35.3156,40.64468],[35.2662,40.66085],[35.20362,40.6677],[35.15072,40.67067],[35.09658,40.69368],[35.0778,40.72706],[35.0614,40.76589],[35.03606,40.81982],[35.04604,40.85291],[35.04957,40.95141],[35.06676,40.99231],[35.09133,41.03228],[35.11881,41.08477],[35.16248,41.07496],[35.21554,41.07133],[35.2725,41.04942],[35.32898,41.03802],[35.36152,41.02891],[35.40706,41.02001],[35.47516,41.01516],[35.49885,41.00472],[35.52763,40.9908],[35.56258,40.97113],[35.60654,40.94487],[35.63573,40.93152],[35.6595,40.91286],[35.67511,40.88883],[35.71431,40.87629],[35.78244,40.87387],[35.84056,40.86433],[35.89415,40.87457],[35.95529,40.87558],[36.00727,40.85622],[36.05407,40.84275],[36.09547,40.85418],[36.12777,40.87252],[36.16328,40.89022],[36.18647,40.91199],[36.18953,40.95764],[36.20393,40.98003],[36.25597,40.97993],[36.29353,40.96711],[36.34985,40.95604],[36.3695,40.92287],[36.37834,40.90576],[36.40718,40.89187],[36.43699,40.85836],[36.41695,40.82686],[36.42466,40.80969],[36.45362,40.77488],[36.46035,40.74816],[36.4722,40.72112],[36.46434,40.69084],[36.45606,40.65577],[36.43763,40.62769],[36.39721,40.59135],[36.36211,40.56733],[36.33282,40.53233],[36.29197,40.51165],[36.24675,40.48833],[36.2024,40.45898],[36.1654,40.44614],[36.09964,40.44796],[36.05108,40.45761],[36.027,40.46631],[35.97966,40.4946],[35.94702,40.50367],[35.8519,40.5033],[35.83029,40.49118],[35.79943,40.44402],[35.77068,40.39819],[35.74377,40.35804],[35.71619,40.32626],[35.67661,40.30788],[35.62208,40.29288],[35.58224,40.27784],[35.53592,40.24261],[35.5151,40.21212],[35.40564,40.18941],[35.37137,40.19516],[35.3432,40.21666],[35.33568,40.28193],[35.34703,40.3113],[35.34368,40.35833],[35.37076,40.37309]]]]}},{"type":"Feature","properties":{"name":"Ankara","iso":"TUR"},"geometry":{"type":"MultiPolygon","coordinates":[[[[33.89908,38.98135],[33.93024,38.86015],[33.9035,38.77142],[33.63297,38.69852],[33.41875,38.71194],[33.37216,38.88614],[33.31575,39.12143],[33.1878,39.27683],[33.05777,39.2206],[32.99078,39.14206],[32.87901,39.15593],[32.71092,39.04467],[32.53728,39.04043],[32.4087,39.01645],[32.24927,39.05925],[32.09924,39.0371],[31.94413,39.13673],[31.9912,39.2251],[31.99734,39.42203],[31.90798,39.6137],[31.84726,39.76829],[31.85971,39.8726],[31.7435,39.93494],[31.54556,40.01896],[31.17599,40.04403],[30.92348,40.0316],[30.88797,40.16653],[31.04755,40.27256],[31.08226,40.41393],[31.25786,40.34884],[31.4781,40.32071],[31.68618,40.3384],[31.83492,40.33573],[32.04219,40.38116],[32.29238,40.4145],[32.44353,40.48911],[32.43042,40.65179],[32.71897,40.67866],[32.92879,40.60841],[33.10558,40.47497],[33.20184,40.38131],[33.33657,40.34034],[33.49824,40.35723],[33.69642,40.2865],[33.62239,40.15544],[33.57729,40.029],[33.5905,39.88117],[33.42076,39.80496],[33.31807,39.62294],[33.27644,39.44519],[33.28669,39.33039],[33.36832,39.2408],[33.42593,39.15994],[33.52802,39.2548],[33.65481,39.14848],[33.88671,39.05965],[33.89908,38.98135]]]]}},{"type":"Feature","properties":{"name":"Antalya","iso":"TUR"},"geometry":{"type":"MultiPolygon","coordinates":[[[[29.6632,36.13542],[29.66264,36.1343],[29.66208,36.1332],[29.66153,36.13209],[29.66098,36.13125],[29.66042,36.13042],[29.65736,36.13042],[29.65653,36.13097],[29.65597,36.13153],[29.65542,36.13209],[29.65486,36.13264],[29.65486,36.13403],[29.6568,36.13458],[29.65792,36.13514],[29.65847,36.13569],[29.66098,36.13625],[29.66264,36.13625],[29.66347,36.13542],[29.6632,36.13542]]],[[[29.65625,36.1432],[29.65569,36.14264],[29.65514,36.14208],[29.65319,36.14125],[29.65375,36.14375],[29.65542,36.14431],[29.65597,36.14375],[29.65625,36.1432]]],[[[29.62597,36.15264],[29.62764,36.15153],[29.62569,36.15097],[29.62236,36.15042],[29.62153,36.15125],[29.62208,36.15208],[29.62292,36.15264],[29.62375,36.15319],[29.62514,36.15319],[29.62597,36.15264]]],[[[29.6318,36.15208],[29.63014,36.15153],[29.62875,36.15153],[29.62958,36.15236],[29.63097,36.15292],[29.63209,36.15347],[29.63236,36.15264],[29.6318,36.15208]]],[[[29.7568,36.14042],[29.75764,36.13903],[29.75847,36.13847],[29.75931,36.13792],[29.76014,36.13736],[29.76097,36.13681],[29.76236,36.13625],[29.76319,36.13569],[29.76403,36.13486],[29.76486,36.13375],[29.76569,36.13319],[29.76625,36.13264],[29.76625,36.13208],[29.76486,36.13125],[29.76375,36.13069],[29.76153,36.13125],[29.76014,36.13181],[29.75819,36.13236],[29.75653,36.13208],[29.75597,36.13208],[29.75153,36.13208],[29.74958,36.13153],[29.74903,36.13097],[29.75042,36.12986],[29.75042,36.12903],[29.75042,36.12819],[29.74986,36.12764],[29.74931,36.12569],[29.74792,36.12514],[29.7457,36.12514],[29.74403,36.12458],[29.74264,36.12403],[29.73931,36.12236],[29.73847,36.1232],[29.73903,36.12486],[29.73959,36.12542],[29.74014,36.12625],[29.7407,36.12708],[29.74181,36.12764],[29.74236,36.12819],[29.74292,36.12903],[29.74375,36.12959],[29.74458,36.13014],[29.7457,36.13069],[29.74625,36.13125],[29.74681,36.13181],[29.74736,36.13264],[29.74792,36.13347],[29.74847,36.13458],[29.74903,36.13569],[29.74958,36.13625],[29.75069,36.13681],[29.75153,36.13736],[29.75236,36.13792],[29.75291,36.13847],[29.75347,36.13903],[29.75403,36.13986],[29.75458,36.14069],[29.7557,36.14125],[29.75653,36.14069],[29.7568,36.14042]]],[[[29.87319,36.16764],[29.87236,36.16708],[29.87069,36.16625],[29.87125,36.16792],[29.87292,36.16903],[29.87347,36.16819],[29.87319,36.16764]]],[[[29.83764,36.16986],[29.83819,36.1693],[29.83736,36.16736],[29.83597,36.16736],[29.83458,36.16792],[29.83403,36.16875],[29.83486,36.1693],[29.83542,36.17014],[29.83625,36.1707],[29.83681,36.17125],[29.83736,36.17042],[29.83764,36.16986]]],[[[29.83208,36.17042],[29.83264,36.17097],[29.83486,36.17153],[29.83625,36.17208],[29.83542,36.17125],[29.83458,36.1707],[29.83403,36.17014],[29.8332,36.1693],[29.8318,36.1693],[29.83208,36.17042]]],[[[29.62708,36.16153],[29.62625,36.16069],[29.62514,36.16014],[29.62458,36.16014],[29.62403,36.16097],[29.62542,36.16236],[29.62708,36.16236],[29.62708,36.16153]]],[[[29.62958,36.16069],[29.62875,36.16069],[29.6282,36.16125],[29.6282,36.16236],[29.62875,36.16319],[29.62986,36.16319],[29.62958,36.16069]]],[[[29.5493,36.18597],[29.54986,36.18542],[29.55042,36.18486],[29.55153,36.18431],[29.55125,36.18292],[29.55014,36.18347],[29.5493,36.18292],[29.54792,36.18292],[29.54708,36.18347],[29.54653,36.18403],[29.54597,36.18458],[29.54653,36.18597],[29.54708,36.18681],[29.54875,36.18681],[29.5493,36.18597]]],[[[29.43958,36.20347],[29.43847,36.20264],[29.43736,36.20208],[29.43736,36.20014],[29.43681,36.19931],[29.43514,36.19931],[29.43458,36.19986],[29.43458,36.2007],[29.43514,36.20347],[29.43681,36.20403],[29.43931,36.20458],[29.43986,36.20403],[29.43958,36.20347]]],[[[29.9157,36.19653],[29.91236,36.19486],[29.91014,36.19292],[29.90764,36.19097],[29.90375,36.19153],[29.90125,36.18986],[29.90014,36.18792],[29.90014,36.18486],[29.89764,36.18319],[29.89319,36.18264],[29.89042,36.18347],[29.89097,36.18181],[29.89319,36.17959],[29.89125,36.17653],[29.88736,36.17486],[29.8843,36.17208],[29.88208,36.16986],[29.87903,36.16958],[29.87736,36.17208],[29.87986,36.17458],[29.88181,36.17681],[29.87736,36.17486],[29.87486,36.17292],[29.87042,36.17403],[29.86792,36.1732],[29.8632,36.17181],[29.86347,36.16903],[29.86125,36.16958],[29.85847,36.1693],[29.85431,36.16847],[29.85125,36.16875],[29.84819,36.17042],[29.84653,36.16708],[29.84264,36.16736],[29.84069,36.17042],[29.84458,36.17236],[29.84681,36.17264],[29.84903,36.17431],[29.85264,36.17597],[29.85792,36.17764],[29.86042,36.17903],[29.86347,36.18073],[29.86708,36.18264],[29.86958,36.18431],[29.87736,36.18597],[29.88264,36.18764],[29.89153,36.18875],[29.89431,36.1893],[29.89708,36.19125],[29.90097,36.19347],[29.90347,36.19514],[29.90819,36.1968],[29.91542,36.19653],[29.9157,36.19653]]],[[[29.9132,36.19069],[29.9132,36.18986],[29.91264,36.18903],[29.91042,36.18847],[29.90986,36.1893],[29.91069,36.18986],[29.9118,36.19081],[29.91291,36.19125],[29.9132,36.19069]]],[[[29.90069,36.20514],[29.90208,36.20458],[29.90319,36.20458],[29.90375,36.20375],[29.90264,36.20292],[29.90264,36.20153],[29.90097,36.20153],[29.89958,36.20208],[29.89903,36.20264],[29.89847,36.20542],[29.89875,36.20597],[29.89931,36.20597],[29.90014,36.20514],[29.90069,36.20514]]],[[[29.90653,36.21097],[29.90625,36.21042],[29.9057,36.20958],[29.90514,36.20903],[29.90375,36.20847],[29.90319,36.20736],[29.90236,36.20681],[29.90125,36.20681],[29.90042,36.20764],[29.89819,36.20764],[29.89653,36.2082],[29.89542,36.20903],[29.89514,36.20958],[29.89597,36.21042],[29.89681,36.21097],[29.89847,36.21153],[29.89958,36.21153],[29.90125,36.21208],[29.90208,36.21264],[29.90392,36.21264],[29.90514,36.21264],[29.90736,36.21208],[29.90681,36.21097],[29.90653,36.21097]]],[[[29.36459,36.21764],[29.36319,36.21708],[29.3618,36.21653],[29.36097,36.21569],[29.36014,36.21514],[29.35903,36.21458],[29.35653,36.21375],[29.35514,36.2132],[29.35431,36.21264],[29.35347,36.21208],[29.35292,36.21153],[29.35236,36.21097],[29.35181,36.21042],[29.35041,36.20986],[29.34903,36.20931],[29.34708,36.20847],[29.34625,36.20958],[29.34625,36.21069],[29.34681,36.2132],[29.34736,36.21403],[29.34958,36.21458],[29.35041,36.21514],[29.35181,36.21569],[29.35486,36.21625],[29.35569,36.21681],[29.35625,36.21736],[29.35736,36.21792],[29.35875,36.21847],[29.36042,36.21847],[29.36303,36.21878],[29.36375,36.21931],[29.36486,36.21986],[29.36625,36.21875],[29.36542,36.21819],[29.36459,36.21764]]],[[[29.37458,36.22347],[29.37458,36.22097],[29.37403,36.22042],[29.37347,36.21986],[29.37208,36.21931],[29.36931,36.21986],[29.3682,36.22042],[29.36764,36.22125],[29.36764,36.22181],[29.36764,36.22264],[29.36847,36.22319],[29.36903,36.22403],[29.37042,36.22458],[29.37264,36.22458],[29.37431,36.22403],[29.37458,36.22347]]],[[[29.76375,36.15681],[29.68625,36.13347],[29.63486,36.17569],[29.58875,36.18403],[29.57792,36.20236],[29.44236,36.21431],[29.40542,36.25903],[29.33125,36.24486],[29.27125,36.28486],[30.35634,37.30289],[32.61649,36.18822],[32.47986,36.11792],[32.39764,36.16486],[32.32986,36.22153],[32.27153,36.29125],[32.20514,36.35347],[32.15847,36.42375],[32.09819,36.48347],[32.04236,36.52958],[31.97764,36.55014],[31.86903,36.58375],[31.7707,36.61625],[31.68542,36.64875],[31.60597,36.68431],[31.51764,36.72903],[31.39042,36.76514],[31.31042,36.81347],[31.12681,36.83514],[30.90014,36.85347],[30.72736,36.86125],[30.6357,36.85959],[30.59847,36.82486],[30.56431,36.72847],[30.55792,36.61542],[30.57375,36.56125],[30.53653,36.50319],[30.50708,36.43847],[30.48653,36.38181],[30.51875,36.32903],[30.48708,36.28347],[30.42847,36.2282],[30.41125,36.27042],[30.32458,36.29792],[30.14875,36.29903],[30.11653,36.24736],[30.02625,36.24097],[29.94264,36.2243],[29.88986,36.19903],[29.84458,36.18847],[29.81764,36.15875],[29.77875,36.15848],[29.76375,36.15681]]],[[[30.40708,36.19069],[30.40736,36.18986],[30.40791,36.18903],[30.40736,36.18819],[30.40791,36.18764],[30.40708,36.18708],[30.40764,36.18597],[30.40653,36.18542],[30.40764,36.18236],[30.40764,36.18181],[30.40764,36.18097],[30.40847,36.18014],[30.40902,36.17959],[30.40847,36.17657],[30.40791,36.17541],[30.40625,36.17597],[30.40569,36.17653],[30.40431,36.17764],[30.40431,36.17875],[30.40375,36.17986],[30.40348,36.18097],[30.40264,36.18153],[30.40292,36.18264],[30.40319,36.18431],[30.40403,36.18486],[30.40459,36.1857],[30.40403,36.18986],[30.40292,36.19042],[30.40292,36.19097],[30.40486,36.19208],[30.40653,36.19209],[30.40764,36.19208],[30.40736,36.19097],[30.40708,36.19069]]],[[[30.40514,36.20208],[30.40625,36.20153],[30.40542,36.19986],[30.40459,36.19847],[30.40403,36.19792],[30.40348,36.19736],[30.40292,36.1968],[30.40153,36.1968],[30.39986,36.19736],[30.39931,36.19847],[30.39986,36.19986],[30.40042,36.20042],[30.40097,36.20125],[30.40153,36.20208],[30.40348,36.20264],[30.40542,36.20264],[30.40542,36.20208],[30.40514,36.20208]]],[[[30.4743,36.23986],[30.47514,36.23931],[30.4757,36.23736],[30.47625,36.23625],[30.47708,36.2357],[30.47792,36.23459],[30.4782,36.23403],[30.47903,36.23347],[30.47958,36.23292],[30.48069,36.23236],[30.48097,36.23125],[30.48014,36.23069],[30.47958,36.23014],[30.4782,36.23014],[30.47764,36.23069],[30.47736,36.23153],[30.47625,36.23264],[30.4757,36.23347],[30.47486,36.23431],[30.4743,36.23514],[30.47347,36.2357],[30.47153,36.23625],[30.47014,36.23681],[30.46958,36.23931],[30.47014,36.23986],[30.47125,36.24042],[30.47292,36.24042],[30.47403,36.23986],[30.4743,36.23986]]],[[[30.14319,36.26431],[30.14153,36.26375],[30.14042,36.26431],[30.13986,36.26486],[30.14292,36.26514],[30.14403,36.26486],[30.14319,36.26431]]],[[[31.6632,36.64597],[31.66236,36.64653],[31.66125,36.64708],[31.66403,36.64736],[31.6632,36.64597]]],[[[30.5543,36.45875],[30.55403,36.45792],[30.5532,36.45764],[30.55209,36.45792],[30.55153,36.45847],[30.55042,36.45903],[30.55042,36.45764],[30.54986,36.45681],[30.54875,36.45625],[30.5482,36.45681],[30.54708,36.45736],[30.54792,36.45847],[30.54958,36.45903],[30.55014,36.45986],[30.55069,36.46069],[30.55209,36.46069],[30.55375,36.46014],[30.5543,36.45875]]],[[[30.59042,36.8032],[30.59042,36.80125],[30.58847,36.80097],[30.58792,36.80208],[30.58847,36.80375],[30.58958,36.80403],[30.59042,36.8032]]]]}},{"type":"Feature","properties":{"name":"Ardahan","iso":"TUR"},"geometry":{"type":"MultiPolygon","coordinates":[[[[42.89029,40.89336],[42.8752,40.85858],[42.87182,40.78571],[42.86051,40.75357],[42.83601,40.71354],[42.78836,40.6976],[42.7396,40.68594],[42.67725,40.67155],[42.62133,40.64386],[42.5836,40.63823],[42.52894,40.67442],[42.50083,40.70723],[42.45764,40.75165],[42.43828,40.77632],[42.40335,40.81224],[42.37902,40.83445],[42.35996,40.87691],[42.33481,40.91924],[42.33081,40.98289],[42.35897,41.02377],[42.38684,41.05635],[42.39836,41.08527],[42.41322,41.0963],[42.48965,41.15602],[42.53867,41.17508],[42.56432,41.19155],[42.58323,41.22635],[42.56002,41.25639],[42.53187,41.30082],[42.50973,41.34785],[42.49412,41.38256],[42.47979,41.4212],[42.49659,41.44522],[42.52033,41.44005],[42.52085,41.45493],[42.51054,41.46803],[42.52645,41.48332],[42.5489,41.49347],[42.56916,41.51082],[42.56516,41.52533],[42.5787,41.55626],[42.58931,41.57247],[42.59709,41.57653],[42.61551,41.58496],[42.63825,41.58916],[42.67163,41.59594],[42.69234,41.59765],[42.72197,41.59699],[42.76288,41.58437],[42.78695,41.58142],[42.81949,41.58807],[42.82928,41.58789],[42.83236,41.56499],[42.81837,41.55468],[42.79771,41.52514],[42.80717,41.50319],[42.83062,41.4833],[42.85192,41.47279],[42.86378,41.49064],[42.89541,41.5037],[42.90454,41.48081],[42.94497,41.45816],[42.9665,41.45235],[42.97352,41.43366],[42.98962,41.41267],[43.00962,41.39725],[43.02477,41.37825],[43.10152,41.35458],[43.12961,41.31792],[43.15992,41.31054],[43.19144,41.30657],[43.20288,41.29764],[43.19938,41.29366],[43.18801,41.28507],[43.15944,41.26821],[43.12817,41.25752],[43.15328,41.24557],[43.18481,41.25379],[43.20483,41.23663],[43.23684,41.17649],[43.28056,41.18324],[43.26564,41.16117],[43.26223,41.09015],[43.24556,41.05781],[43.21898,41.02573],[43.17438,41.00304],[43.12628,40.98911],[43.07916,40.98686],[43.04219,40.97047],[42.99352,40.96185],[42.94596,40.94334],[42.90889,40.92149],[42.89029,40.89336]]]]}},{"type":"Feature","properties":{"name":"Artvin","iso":"TUR"},"geometry":{"type":"MultiPolygon","coordinates":[[[[41.98873,40.88546],[41.82785,40.61796],[41.4944,40.58578],[41.39788,40.75278],[41.21566,40.91497],[41.34173,41.13028],[41.21431,41.30347],[41.2236,41.30847],[41.2332,41.31347],[41.24014,41.31764],[41.24514,41.32347],[41.25208,41.32847],[41.25708,41.33541],[41.26569,41.34153],[41.27514,41.3457],[41.29236,41.35014],[41.30292,41.35347],[41.31181,41.35542],[41.31764,41.36014],[41.32764,41.36319],[41.33625,41.36792],[41.34319,41.3732],[41.35597,41.37597],[41.37736,41.37736],[41.39208,41.37931],[41.40375,41.38292],[41.4118,41.38736],[41.41681,41.39208],[41.42208,41.3968],[41.42681,41.40264],[41.42514,41.40847],[41.43375,41.41347],[41.43958,41.42097],[41.44458,41.42708],[41.45014,41.43561],[41.45292,41.43958],[41.45847,41.44486],[41.46347,41.45014],[41.47042,41.45375],[41.47931,41.46209],[41.48736,41.46653],[41.49764,41.47097],[41.50625,41.47542],[41.51431,41.47986],[41.52347,41.48514],[41.52792,41.49236],[41.53208,41.50153],[41.53653,41.5095],[41.54319,41.51347],[41.54819,41.52403],[41.71581,41.48315],[41.88552,41.47007],[42.08643,41.51155],[42.32518,41.47372],[42.52938,41.30578],[42.38854,41.05888],[41.98873,40.88546]]]]}},{"type":"Feature","properties":{"name":"Aydin","iso":"TUR"},"geometry":{"type":"MultiPolygon","coordinates":[[[[27.3318,37.3307],[27.33375,37.33014],[27.3332,37.3293],[27.3332,37.32736],[27.33375,37.32597],[27.33291,37.32319],[27.33236,37.32264],[27.33097,37.3218],[27.32931,37.32236],[27.32847,37.32292],[27.32792,37.32347],[27.32708,37.32403],[27.3257,37.32514],[27.32597,37.32597],[27.32653,37.32681],[27.32708,37.32847],[27.32653,37.3307],[27.33153,37.33097],[27.3318,37.3307]]],[[[27.43823,37.4609],[27.38181,37.40653],[27.36153,37.37792],[27.33597,37.37181],[27.32153,37.36847],[27.3257,37.34153],[27.30597,37.35097],[27.27625,37.3493],[27.24236,37.33748],[27.21403,37.34597],[27.20125,37.35403],[27.20375,37.36709],[27.21625,37.38875],[27.22292,37.40125],[27.21958,37.41875],[27.22319,37.45903],[27.22292,37.48625],[27.20653,37.48681],[27.18264,37.47569],[27.20097,37.49681],[27.19403,37.53236],[27.19125,37.51125],[27.1807,37.48486],[27.18486,37.53514],[27.17209,37.53847],[27.16264,37.5793],[27.17347,37.56542],[27.17625,37.55264],[27.19375,37.57403],[27.21347,37.59347],[27.18542,37.60931],[27.14403,37.62208],[27.12958,37.62597],[27.08847,37.63931],[27.03931,37.64597],[27.00764,37.65486],[27.01458,37.68097],[27.04736,37.68125],[27.09708,37.68097],[27.14736,37.69264],[27.19736,37.70875],[27.23181,37.72264],[27.25042,37.74236],[27.26542,37.78268],[27.25236,37.82486],[27.24292,37.85236],[27.25931,37.86236],[27.26375,37.87986],[27.99374,38.00839],[28.79704,37.63613],[27.76411,37.48171],[27.43823,37.4609]]],[[[27.18236,37.56236],[27.18292,37.56125],[27.18264,37.56042],[27.18153,37.56042],[27.1807,37.56125],[27.1807,37.56236],[27.18125,37.56319],[27.18208,37.56292],[27.18236,37.56236]]],[[[27.14097,37.61042],[27.14181,37.60986],[27.14181,37.6082],[27.14236,37.6068],[27.14319,37.60597],[27.14403,37.60542],[27.14541,37.60375],[27.14597,37.60264],[27.14653,37.60209],[27.14708,37.60125],[27.14764,37.60069],[27.1482,37.60014],[27.14875,37.5993],[27.14931,37.59875],[27.14986,37.59819],[27.15042,37.59736],[27.15097,37.59681],[27.15153,37.59625],[27.15292,37.59653],[27.15375,37.59431],[27.15458,37.59375],[27.15514,37.59208],[27.1568,37.59125],[27.15709,37.59042],[27.15709,37.58931],[27.15792,37.58875],[27.15986,37.5882],[27.15986,37.58708],[27.15792,37.58708],[27.15653,37.58764],[27.15597,37.58847],[27.15542,37.58958],[27.15486,37.59042],[27.15403,37.59097],[27.15347,37.59181],[27.15292,37.59264],[27.15236,37.59319],[27.15181,37.59375],[27.15153,37.59458],[27.15097,37.59514],[27.15042,37.59597],[27.14958,37.59653],[27.14903,37.59764],[27.14847,37.59819],[27.14792,37.59875],[27.14736,37.59958],[27.14681,37.60014],[27.14625,37.60097],[27.1457,37.60153],[27.14514,37.60209],[27.14459,37.60292],[27.14403,37.60347],[27.14319,37.60403],[27.14236,37.60458],[27.14153,37.60514],[27.14069,37.60569],[27.14014,37.60653],[27.13958,37.60708],[27.13903,37.60792],[27.13847,37.60986],[27.13792,37.61125],[27.13736,37.61208],[27.1382,37.61292],[27.13875,37.61347],[27.14042,37.61319],[27.14097,37.61042]]],[[[27.00597,37.65125],[27.00542,37.6507],[27.00486,37.64958],[27.00347,37.64903],[27.00236,37.64847],[27.00097,37.64903],[26.99986,37.64931],[27.00042,37.6507],[27.00097,37.65153],[27.00181,37.65208],[27.00375,37.65264],[27.00542,37.65319],[27.00625,37.65319],[27.00597,37.65125]]],[[[27.01569,37.65347],[27.01514,37.65292],[27.01403,37.65236],[27.00986,37.65236],[27.0093,37.65347],[27.00986,37.65403],[27.01264,37.65458],[27.01347,37.65514],[27.01542,37.65458],[27.01569,37.65347]]],[[[27.01625,37.69069],[27.01569,37.69236],[27.01847,37.69097],[27.01625,37.69069]]],[[[27.41153,37.41097],[27.41097,37.41042],[27.41014,37.40903],[27.40792,37.40903],[27.40847,37.41125],[27.40903,37.41208],[27.41014,37.41208],[27.41069,37.41319],[27.4118,37.41292],[27.41153,37.41097]]]]}},{"type":"Feature","properties":{"name":"Balikesir","iso":"TUR"},"geometry":{"type":"MultiPolygon","coordinates":[[[[27.01271,39.30141],[26.74458,39.19653],[26.72792,39.24875],[26.65042,39.26736],[26.62097,39.28764],[26.64764,39.3218],[26.63681,39.30236],[26.65792,39.28625],[26.66542,39.30597],[26.70153,39.33931],[26.75458,39.36153],[26.79653,39.38764],[26.79958,39.42403],[26.83097,39.43125],[26.86042,39.47736],[26.93069,39.49347],[26.94931,39.5457],[26.93014,39.57847],[26.86764,39.57014],[26.80042,39.56764],[26.70097,39.55903],[27.48945,40.08038],[27.63653,40.32486],[27.66181,40.31097],[27.7343,40.30875],[27.79681,40.32597],[27.83681,40.35014],[27.87613,40.38097],[27.81181,40.39264],[27.78125,40.41014],[27.75181,40.43986],[27.70958,40.46569],[27.68458,40.50097],[27.72292,40.52042],[27.75431,40.52764],[27.78181,40.50681],[27.82097,40.5168],[27.87292,40.51514],[27.91653,40.50875],[27.96514,40.4932],[28.02514,40.48486],[28.02458,40.45403],[27.98625,40.43125],[27.93681,40.41208],[27.8968,40.38458],[27.9307,40.36236],[27.98792,40.36625],[28.04986,40.37458],[28.12236,40.38764],[28.13746,40.09899],[28.46672,39.12395],[27.01271,39.30141]]],[[[26.60042,39.30208],[26.6007,39.30041],[26.6007,39.29736],[26.60014,39.29653],[26.59958,39.29542],[26.59847,39.29486],[26.59709,39.29403],[26.59653,39.29236],[26.59653,39.29153],[26.59736,39.2907],[26.59792,39.28986],[26.59931,39.28772],[26.59986,39.2868],[26.59931,39.28597],[26.60014,39.28542],[26.6007,39.28486],[26.60181,39.28431],[26.60292,39.28347],[26.60097,39.28292],[26.59931,39.28208],[26.59653,39.28208],[26.59542,39.28264],[26.5943,39.2832],[26.59208,39.28375],[26.59125,39.2832],[26.59014,39.28236],[26.58958,39.28014],[26.58903,39.27847],[26.58764,39.27792],[26.58653,39.27736],[26.5832,39.27681],[26.58181,39.27625],[26.57903,39.27625],[26.57792,39.27681],[26.57708,39.27736],[26.57708,39.28014],[26.57875,39.28097],[26.57931,39.28153],[26.57986,39.28236],[26.58098,39.2832],[26.58236,39.28375],[26.58431,39.28431],[26.58486,39.28486],[26.58542,39.28569],[26.58597,39.28653],[26.58653,39.28931],[26.58792,39.28986],[26.58931,39.29042],[26.59069,39.29097],[26.59153,39.29153],[26.59208,39.29236],[26.59264,39.2957],[26.5932,39.29625],[26.59375,39.29681],[26.5943,39.29792],[26.5932,39.29875],[26.59264,39.29958],[26.59208,39.30041],[26.59097,39.30125],[26.59125,39.30208],[26.59486,39.30264],[26.59625,39.3032],[26.59875,39.3032],[26.60014,39.30208],[26.60042,39.30208]]],[[[26.52514,39.32069],[26.52514,39.32125],[26.52653,39.3218],[26.53042,39.32153],[26.52959,39.32097],[26.52736,39.32042],[26.52514,39.32069]]],[[[26.65958,39.32375],[26.65792,39.32292],[26.65681,39.32347],[26.65931,39.32459],[26.65986,39.32403],[26.65958,39.32375]]],[[[26.54097,39.33097],[26.54153,39.32986],[26.54208,39.32847],[26.54264,39.32764],[26.5432,39.32681],[26.54375,39.32597],[26.54264,39.32514],[26.5407,39.32431],[26.53986,39.32375],[26.53847,39.32292],[26.53736,39.32208],[26.53569,39.32208],[26.53375,39.32347],[26.53181,39.32431],[26.53042,39.32514],[26.53125,39.32597],[26.53181,39.32653],[26.53181,39.32792],[26.53125,39.3307],[26.53181,39.33153],[26.53292,39.33153],[26.53375,39.33097],[26.53542,39.33042],[26.53764,39.32986],[26.5382,39.3307],[26.53875,39.33153],[26.53986,39.33153],[26.54097,39.33097]]],[[[26.60792,39.34208],[26.60875,39.34153],[26.60945,39.34069],[26.6107,39.34014],[26.61125,39.33931],[26.61181,39.33792],[26.61264,39.33708],[26.6132,39.33653],[26.61375,39.33431],[26.61319,39.33375],[26.61208,39.33347],[26.60931,39.33292],[26.60848,39.33236],[26.60653,39.33292],[26.6007,39.33347],[26.59958,39.33403],[26.59709,39.33486],[26.59653,39.33597],[26.59514,39.33681],[26.59569,39.33736],[26.59681,39.33736],[26.59764,39.33792],[26.59847,39.33847],[26.59903,39.33903],[26.59958,39.33986],[26.60014,39.34014],[26.6007,39.34069],[26.60125,39.34125],[26.60181,39.34181],[26.60375,39.34264],[26.60597,39.34264],[26.60708,39.34264],[26.60792,39.34208]]],[[[26.57931,39.34292],[26.57986,39.34069],[26.57931,39.33875],[26.57875,39.3382],[26.57792,39.33736],[26.57736,39.33653],[26.57653,39.33597],[26.57597,39.33458],[26.57431,39.33375],[26.57292,39.3332],[26.57347,39.33486],[26.57403,39.33569],[26.57458,39.33708],[26.57514,39.33764],[26.57486,39.33903],[26.57431,39.34014],[26.57514,39.34181],[26.57625,39.34236],[26.57625,39.34319],[26.57764,39.34486],[26.57903,39.34403],[26.57931,39.34292]]],[[[26.69736,39.34875],[26.69736,39.34653],[26.69681,39.34597],[26.69625,39.34514],[26.69681,39.34403],[26.69208,39.34292],[26.6907,39.34236],[26.68875,39.34236],[26.68819,39.34292],[26.68625,39.34292],[26.68514,39.34375],[26.68431,39.34431],[26.68347,39.34486],[26.68347,39.34653],[26.68486,39.34653],[26.68708,39.34653],[26.68819,39.34708],[26.69042,39.34764],[26.69236,39.34819],[26.69375,39.34875],[26.69486,39.3493],[26.69542,39.3493],[26.69736,39.34875]]],[[[26.59653,39.34958],[26.59903,39.34958],[26.59986,39.34903],[26.6007,39.34819],[26.60125,39.34681],[26.59764,39.34431],[26.59625,39.34431],[26.59458,39.34431],[26.59236,39.34431],[26.59208,39.34514],[26.58958,39.34514],[26.58819,39.34458],[26.58736,39.34403],[26.58681,39.34319],[26.58597,39.34375],[26.58597,39.3457],[26.58514,39.34708],[26.5857,39.34819],[26.58681,39.34903],[26.58875,39.34958],[26.58986,39.35014],[26.59069,39.34958],[26.59125,39.34903],[26.59181,39.34847],[26.59264,39.34903],[26.59403,39.34958],[26.59486,39.35014],[26.59569,39.35014],[26.59653,39.34958]]],[[[26.67292,39.35375],[26.67236,39.3532],[26.67153,39.35264],[26.66875,39.35209],[26.66597,39.35209],[26.66486,39.35209],[26.6657,39.35292],[26.66708,39.35347],[26.67014,39.35403],[26.67236,39.35458],[26.6732,39.35403],[26.67292,39.35375]]],[[[26.61569,39.39431],[26.62845,39.39486],[26.62792,39.39097],[26.63431,39.38958],[26.63958,39.38847],[26.64625,39.38764],[26.64959,39.38569],[26.65597,39.38681],[26.66876,39.39014],[26.66625,39.38681],[26.66819,39.38292],[26.66236,39.37736],[26.64653,39.37597],[26.6307,39.37875],[26.62181,39.37847],[26.62292,39.37292],[26.62597,39.36792],[26.62986,39.36458],[26.63181,39.35875],[26.63986,39.35959],[26.64708,39.36347],[26.65514,39.36014],[26.65458,39.35597],[26.65264,39.35181],[26.65903,39.34792],[26.66153,39.34153],[26.67458,39.34097],[26.68458,39.34347],[26.68458,39.33708],[26.68986,39.33264],[26.67597,39.33042],[26.66736,39.32958],[26.65431,39.32986],[26.65181,39.32653],[26.63458,39.32459],[26.6232,39.32792],[26.62097,39.33292],[26.61486,39.33653],[26.61375,39.34542],[26.61569,39.35153],[26.6107,39.35153],[26.61014,39.35625],[26.62264,39.35625],[26.62181,39.36181],[26.61708,39.36653],[26.61375,39.37069],[26.61681,39.37597],[26.61292,39.38236],[26.59903,39.38514],[26.60264,39.38986],[26.61097,39.3932],[26.61569,39.39431]]],[[[26.69847,39.37153],[26.69847,39.3693],[26.69764,39.36847],[26.69708,39.36792],[26.69542,39.36764],[26.69458,39.3682],[26.69403,39.36875],[26.69403,39.36958],[26.69542,39.37181],[26.69708,39.37236],[26.6982,39.37181],[26.69847,39.37153]]],[[[26.70931,39.38125],[26.70986,39.38014],[26.71042,39.37736],[26.70986,39.37625],[26.70931,39.37486],[26.70931,39.37375],[26.70625,39.3732],[26.70375,39.37375],[26.70292,39.37431],[26.70347,39.38014],[26.70431,39.3807],[26.70486,39.38153],[26.70597,39.38236],[26.70875,39.38236],[26.70931,39.38125]]],[[[27.79042,40.37708],[27.78958,40.37597],[27.78903,40.37542],[27.78847,40.37486],[27.78791,40.37403],[27.7868,40.37347],[27.78569,40.37292],[27.78264,40.37236],[27.78181,40.37292],[27.78125,40.37458],[27.78375,40.37597],[27.78431,40.37653],[27.78486,40.37708],[27.78708,40.37764],[27.79014,40.37819],[27.7907,40.37736],[27.79042,40.37708]]],[[[27.66431,40.46486],[27.66514,40.46292],[27.6668,40.46236],[27.66819,40.46292],[27.66819,40.46236],[27.66736,40.46153],[27.6668,40.46069],[27.6668,40.4593],[27.66736,40.45847],[27.6668,40.45736],[27.66625,40.45597],[27.66569,40.45514],[27.66458,40.45458],[27.66403,40.45375],[27.66347,40.45181],[27.66292,40.45042],[27.66347,40.44986],[27.66431,40.44931],[27.66514,40.44875],[27.66569,40.44819],[27.66625,40.44736],[27.6668,40.44653],[27.6668,40.44597],[27.66569,40.44542],[27.66347,40.44486],[27.66236,40.4443],[27.66069,40.44514],[27.65958,40.44569],[27.6557,40.44569],[27.6557,40.44708],[27.6557,40.44875],[27.65514,40.44931],[27.65458,40.44986],[27.65347,40.45042],[27.65291,40.45097],[27.65208,40.45153],[27.65097,40.45208],[27.65097,40.45347],[27.65153,40.45403],[27.65264,40.45458],[27.65431,40.45514],[27.65486,40.45625],[27.65542,40.45681],[27.65653,40.45736],[27.65708,40.4593],[27.65764,40.46097],[27.65903,40.46153],[27.65958,40.46208],[27.66042,40.46264],[27.66042,40.46347],[27.66069,40.46431],[27.66125,40.46486],[27.66153,40.46582],[27.66181,40.46625],[27.66264,40.46681],[27.66375,40.46569],[27.66431,40.46486]]],[[[27.56681,40.46764],[27.56625,40.46708],[27.5657,40.46653],[27.56514,40.46597],[27.56431,40.46542],[27.56375,40.46625],[27.56319,40.46708],[27.56236,40.46764],[27.56181,40.46819],[27.56264,40.46875],[27.56514,40.46931],[27.56625,40.46931],[27.56681,40.46764]]],[[[27.62097,40.50986],[27.61958,40.50431],[27.62208,40.50153],[27.62458,40.49764],[27.63042,40.49542],[27.6357,40.49708],[27.63986,40.49931],[27.64236,40.49597],[27.64597,40.4932],[27.65069,40.49375],[27.65014,40.48903],[27.64736,40.48514],[27.64403,40.48264],[27.64069,40.48069],[27.63847,40.4782],[27.63542,40.47569],[27.63236,40.47208],[27.63458,40.46736],[27.63986,40.46569],[27.63708,40.46236],[27.64153,40.45958],[27.64597,40.45847],[27.64708,40.45347],[27.64514,40.45264],[27.64125,40.45542],[27.63653,40.45486],[27.63319,40.45681],[27.62847,40.45931],[27.62347,40.46097],[27.62042,40.45875],[27.61097,40.45847],[27.60486,40.46069],[27.59736,40.45847],[27.59236,40.46014],[27.58736,40.46236],[27.57792,40.46347],[27.57986,40.46847],[27.58042,40.47403],[27.5832,40.47792],[27.58403,40.48208],[27.59014,40.47986],[27.59875,40.4782],[27.60653,40.48042],[27.60847,40.48625],[27.60542,40.4907],[27.60347,40.49569],[27.60125,40.49875],[27.6007,40.50597],[27.60125,40.5093],[27.60569,40.50736],[27.61097,40.50792],[27.61597,40.5093],[27.61931,40.51069],[27.62097,40.50986]]],[[[26.76986,39.37875],[26.77042,39.37819],[26.76986,39.37736],[26.76931,39.37625],[26.76875,39.37542],[26.76764,39.37486],[26.76486,39.37431],[26.76097,39.37375],[26.76042,39.3732],[26.75986,39.37264],[26.75986,39.37403],[26.76042,39.37486],[26.76097,39.37542],[26.7618,39.37597],[26.76236,39.37653],[26.76375,39.37708],[26.76458,39.37764],[26.76514,39.37819],[26.76597,39.37875],[26.76736,39.37931],[26.76848,39.37931],[26.76959,39.37875],[26.76986,39.37875]]],[[[26.72819,39.37847],[26.72764,39.37736],[26.72542,39.3768],[26.72431,39.3768],[26.72431,39.37819],[26.7257,39.37875],[26.72708,39.37931],[26.72792,39.37875],[26.72819,39.37847]]],[[[26.71208,39.40847],[26.71153,39.40681],[26.71042,39.40597],[26.70736,39.40542],[26.70625,39.40542],[26.70625,39.40708],[26.70681,39.40792],[26.71042,39.40847],[26.71097,39.40931],[26.71236,39.40986],[26.71236,39.40903],[26.71208,39.40847]]],[[[26.57292,39.38403],[26.57347,39.38347],[26.57403,39.38292],[26.57458,39.38236],[26.57514,39.38181],[26.57514,39.38042],[26.57458,39.37986],[26.5732,39.37931],[26.5718,39.37875],[26.5707,39.37819],[26.5693,39.38097],[26.56875,39.38292],[26.56875,39.3843],[26.5707,39.38486],[26.57236,39.38486],[26.57292,39.38403]]],[[[26.59069,39.39653],[26.5932,39.39653],[26.59681,39.39653],[26.59875,39.39597],[26.60264,39.3957],[26.6032,39.39514],[26.60264,39.39459],[26.60208,39.39403],[26.60153,39.39347],[26.60097,39.39236],[26.59986,39.3918],[26.59931,39.39097],[26.59875,39.39042],[26.59819,39.38986],[26.59719,39.38875],[26.59569,39.38736],[26.59569,39.38625],[26.59486,39.38458],[26.59542,39.38319],[26.59542,39.38208],[26.59542,39.38014],[26.59597,39.37958],[26.59458,39.37708],[26.59394,39.37764],[26.5932,39.37819],[26.59236,39.37764],[26.59181,39.37569],[26.59181,39.37375],[26.59181,39.37292],[26.59292,39.37236],[26.59347,39.37125],[26.59347,39.37069],[26.59236,39.36958],[26.59153,39.36903],[26.59042,39.36847],[26.58986,39.36792],[26.58792,39.36847],[26.58736,39.3693],[26.58681,39.36986],[26.58625,39.37069],[26.58514,39.37125],[26.58458,39.37264],[26.58597,39.3732],[26.58653,39.37375],[26.58708,39.37431],[26.58847,39.37486],[26.58847,39.37569],[26.58792,39.37625],[26.58736,39.37708],[26.58651,39.37764],[26.5857,39.37847],[26.58514,39.37903],[26.58375,39.37847],[26.58209,39.37931],[26.58042,39.37931],[26.57903,39.37986],[26.57819,39.38042],[26.57736,39.38097],[26.57653,39.3843],[26.57736,39.38486],[26.57792,39.38569],[26.57792,39.38653],[26.57736,39.38709],[26.57653,39.38792],[26.57597,39.38958],[26.57597,39.39042],[26.57653,39.39097],[26.57764,39.39097],[26.57903,39.39125],[26.57958,39.3918],[26.58125,39.39236],[26.58125,39.3918],[26.58181,39.38986],[26.58236,39.38931],[26.58292,39.38847],[26.58347,39.38736],[26.58514,39.38681],[26.58514,39.3882],[26.58458,39.38958],[26.58514,39.39153],[26.58847,39.39208],[26.58931,39.39264],[26.58986,39.39347],[26.59002,39.3957],[26.58903,39.39653],[26.58903,39.39736],[26.59042,39.39681],[26.59069,39.39653]]],[[[27.50236,40.55347],[27.50347,40.55292],[27.50458,40.55236],[27.50597,40.55153],[27.50653,40.55042],[27.50709,40.54875],[27.50653,40.54764],[27.50514,40.5482],[27.50347,40.54875],[27.50264,40.54931],[27.50181,40.54986],[27.50014,40.54931],[27.49931,40.54847],[27.49875,40.54764],[27.49653,40.54764],[27.49597,40.54681],[27.49514,40.54681],[27.49431,40.54625],[27.49264,40.54625],[27.49042,40.54681],[27.48819,40.54681],[27.48708,40.54625],[27.4857,40.5457],[27.48319,40.54514],[27.48236,40.54458],[27.48181,40.54403],[27.4807,40.54347],[27.47875,40.54292],[27.47764,40.54208],[27.47653,40.54153],[27.4757,40.54097],[27.47514,40.54042],[27.47403,40.53986],[27.47319,40.53931],[27.47208,40.53875],[27.47097,40.53819],[27.46903,40.53764],[27.46764,40.53792],[27.46709,40.53847],[27.46625,40.53903],[27.46541,40.54042],[27.46625,40.54097],[27.46625,40.54236],[27.4657,40.54375],[27.46625,40.5443],[27.46681,40.54653],[27.46681,40.54736],[27.46764,40.54736],[27.46903,40.54736],[27.46986,40.54792],[27.47153,40.54847],[27.47208,40.54903],[27.47319,40.54847],[27.47514,40.54903],[27.47736,40.54903],[27.47847,40.54986],[27.48014,40.55042],[27.48153,40.55097],[27.48208,40.55153],[27.48486,40.55153],[27.4857,40.55153],[27.48681,40.55208],[27.48875,40.55125],[27.48931,40.55153],[27.49042,40.55208],[27.49236,40.55264],[27.4932,40.55236],[27.49681,40.55292],[27.49875,40.55292],[27.50042,40.55347],[27.50181,40.55347],[27.50236,40.55347]]],[[[27.48653,40.64681],[27.48819,40.64681],[27.48958,40.64653],[27.48903,40.64431],[27.48792,40.64375],[27.48736,40.6432],[27.48681,40.64264],[27.48597,40.64208],[27.48653,40.63986],[27.48708,40.63931],[27.48764,40.63875],[27.48819,40.63736],[27.48625,40.63681],[27.48431,40.63736],[27.48319,40.6382],[27.48236,40.63875],[27.48181,40.63931],[27.48097,40.64042],[27.48014,40.64097],[27.47959,40.64153],[27.48014,40.64236],[27.4807,40.64347],[27.48236,40.64347],[27.48292,40.64347],[27.48347,40.64459],[27.48403,40.64681],[27.4857,40.64681],[27.48653,40.64681]]],[[[28.09181,40.45208],[28.09319,40.45125],[28.09403,40.4507],[28.09403,40.44986],[28.09292,40.44986],[28.09236,40.45042],[28.08958,40.45097],[28.08847,40.45153],[28.08736,40.45097],[28.08625,40.45153],[28.08625,40.45236],[28.08625,40.45292],[28.08847,40.45347],[28.08931,40.4543],[28.08986,40.45486],[28.09264,40.45542],[28.09209,40.45486],[28.09209,40.45236],[28.09181,40.45208]]],[[[28.06736,40.46181],[28.0682,40.46125],[28.06875,40.46069],[28.06931,40.45931],[28.07014,40.45931],[28.07097,40.46014],[28.07208,40.46153],[28.07375,40.46097],[28.07514,40.46042],[28.0757,40.45875],[28.07653,40.4582],[28.07625,40.45709],[28.07486,40.45542],[28.07708,40.45486],[28.07792,40.4543],[28.07931,40.45347],[28.07986,40.45292],[28.08042,40.45181],[28.07875,40.45236],[28.07819,40.45319],[28.07764,40.45375],[28.07653,40.45319],[28.07514,40.45375],[28.07431,40.4543],[28.07236,40.45486],[28.07181,40.45542],[28.07014,40.45542],[28.06847,40.45597],[28.06764,40.45597],[28.0657,40.45653],[28.06458,40.45709],[28.06347,40.45764],[28.06264,40.45875],[28.06347,40.45931],[28.06431,40.46014],[28.06431,40.46125],[28.06514,40.46208],[28.06597,40.46264],[28.06681,40.46236],[28.06736,40.46181]]],[[[28.09958,40.46847],[28.10042,40.46847],[28.10153,40.46847],[28.10292,40.46847],[28.10542,40.46792],[28.10486,40.46736],[28.10431,40.46597],[28.1032,40.46597],[28.1007,40.46653],[28.09931,40.46597],[28.09792,40.46708],[28.09736,40.46903],[28.09875,40.46903],[28.09958,40.46847]]],[[[27.51819,40.53625],[27.52208,40.5332],[27.52597,40.52958],[27.53042,40.52847],[27.53459,40.52653],[27.5382,40.52292],[27.54236,40.52097],[27.54542,40.52236],[27.55042,40.52097],[27.55181,40.52014],[27.54736,40.51764],[27.54375,40.51514],[27.5382,40.51319],[27.53236,40.50958],[27.52986,40.50708],[27.52597,40.50375],[27.52403,40.49903],[27.52736,40.49569],[27.53014,40.49329],[27.53431,40.49097],[27.53764,40.49264],[27.53736,40.48958],[27.53264,40.48819],[27.52903,40.48542],[27.52264,40.48431],[27.51764,40.48292],[27.51236,40.48125],[27.50764,40.47875],[27.50292,40.47875],[27.50042,40.47569],[27.49847,40.47181],[27.49431,40.46903],[27.48875,40.46875],[27.48819,40.47264],[27.49014,40.47653],[27.48764,40.48236],[27.48542,40.48486],[27.48097,40.48653],[27.47903,40.49209],[27.48014,40.49542],[27.48458,40.49931],[27.48847,40.50264],[27.49291,40.50486],[27.49542,40.50875],[27.49681,40.51597],[27.49708,40.5207],[27.50097,40.52264],[27.50347,40.52708],[27.5068,40.52958],[27.51125,40.53264],[27.51597,40.53736],[27.51819,40.53625]]],[[[27.58486,40.52736],[27.58542,40.52653],[27.58653,40.52597],[27.58792,40.52597],[27.58653,40.52375],[27.58542,40.52375],[27.58458,40.52208],[27.58431,40.51986],[27.58486,40.51875],[27.58625,40.51792],[27.58625,40.51653],[27.58486,40.51597],[27.58431,40.51486],[27.58486,40.51375],[27.58542,40.51319],[27.58486,40.51236],[27.58264,40.51125],[27.58181,40.51069],[27.58125,40.50958],[27.58181,40.50708],[27.58236,40.50625],[27.58292,40.5057],[27.58486,40.5057],[27.58625,40.50625],[27.58597,40.50431],[27.58542,40.50347],[27.58486,40.50292],[27.58375,40.50208],[27.5832,40.50097],[27.58264,40.50014],[27.5832,40.49847],[27.58264,40.49597],[27.58208,40.49486],[27.58042,40.49486],[27.57958,40.49542],[27.57847,40.49597],[27.57708,40.49653],[27.57542,40.49653],[27.57403,40.49653],[27.5732,40.49736],[27.57236,40.4982],[27.5732,40.49875],[27.57375,40.49931],[27.57375,40.50125],[27.57431,40.5018],[27.57542,40.50236],[27.57597,40.50292],[27.57653,40.50458],[27.57708,40.50514],[27.57708,40.50597],[27.57653,40.50681],[27.57542,40.50792],[27.57625,40.50847],[27.57625,40.50986],[27.5757,40.51125],[27.57514,40.51236],[27.57625,40.51292],[27.57681,40.51375],[27.57736,40.51542],[27.57681,40.51764],[27.57792,40.5182],[27.57875,40.51875],[27.58125,40.51903],[27.58236,40.51986],[27.58292,40.52153],[27.58292,40.52403],[27.58236,40.52458],[27.58125,40.52542],[27.58181,40.52681],[27.58236,40.52764],[27.58347,40.52819],[27.58458,40.52764],[27.58486,40.52736]]],[[[27.71042,40.52514],[27.70958,40.52264],[27.70903,40.52347],[27.70847,40.52431],[27.70875,40.5257],[27.70986,40.5257],[27.71042,40.52514]]],[[[27.63653,40.66708],[27.64403,40.66069],[27.64681,40.65903],[27.65597,40.66153],[27.66181,40.65625],[27.66931,40.65569],[27.67153,40.66127],[27.67347,40.65375],[27.68431,40.64903],[27.69764,40.65208],[27.70625,40.65153],[27.71542,40.64486],[27.72847,40.64208],[27.7357,40.6382],[27.73847,40.6318],[27.73986,40.62958],[27.73042,40.62292],[27.71708,40.61625],[27.70347,40.61458],[27.69597,40.60875],[27.68153,40.60375],[27.66597,40.60236],[27.66153,40.5993],[27.65847,40.58986],[27.64514,40.58597],[27.63431,40.58264],[27.62431,40.58097],[27.61514,40.57847],[27.60486,40.57792],[27.59014,40.57958],[27.58069,40.57681],[27.56958,40.57681],[27.55986,40.58347],[27.55069,40.58792],[27.54181,40.59347],[27.52903,40.59736],[27.53264,40.6068],[27.53459,40.62014],[27.52819,40.62792],[27.52681,40.63319],[27.52986,40.64069],[27.53371,40.64681],[27.54569,40.65097],[27.55347,40.65375],[27.55208,40.64764],[27.55875,40.64264],[27.57208,40.6507],[27.58597,40.65486],[27.60208,40.66042],[27.60736,40.65681],[27.6157,40.66042],[27.62458,40.66459],[27.63653,40.66708]]],[[[27.75958,40.6318],[27.75875,40.63125],[27.75681,40.6318],[27.75764,40.63319],[27.75958,40.63319],[27.75958,40.6318]]],[[[27.68014,40.66319],[27.67986,40.66208],[27.6793,40.66071],[27.67875,40.65958],[27.67792,40.65903],[27.67681,40.65847],[27.67625,40.65903],[27.67653,40.66125],[27.67708,40.6618],[27.67764,40.66292],[27.67903,40.66375],[27.68014,40.66319]]]]}},{"type":"Feature","properties":{"name":"Bartın","iso":"TUR"},"geometry":{"type":"MultiPolygon","coordinates":[[[[32.75082,41.74752],[32.75031,41.48621],[32.33508,41.26181],[32.02153,41.56597],[32.02875,41.57458],[32.04708,41.57819],[32.05986,41.57069],[32.05236,41.57958],[32.07458,41.58486],[32.10069,41.5918],[32.12208,41.5957],[32.13875,41.60264],[32.1507,41.6082],[32.16042,41.61736],[32.1743,41.62736],[32.17986,41.63764],[32.1818,41.64375],[32.19421,41.65319],[32.21375,41.65986],[32.22486,41.66708],[32.22653,41.67847],[32.22514,41.68486],[32.23736,41.68403],[32.23931,41.69208],[32.25403,41.69986],[32.26514,41.70903],[32.27764,41.71625],[32.29458,41.72292],[32.32375,41.72458],[32.34069,41.72347],[32.34125,41.73292],[32.36431,41.7357],[32.37125,41.74514],[32.38292,41.7482],[32.38542,41.75069],[32.3918,41.74569],[32.4007,41.74097],[32.41847,41.74486],[32.42569,41.75819],[32.43819,41.76653],[32.45014,41.77375],[32.46625,41.77403],[32.48153,41.78042],[32.49597,41.79181],[32.50069,41.80153],[32.51069,41.80542],[32.54125,41.80903],[32.56319,41.81125],[32.57708,41.82014],[32.59542,41.82875],[32.61986,41.82875],[32.64791,41.83153],[32.67375,41.8307],[32.75082,41.74752]]],[[[32.38958,41.75236],[32.38958,41.75153],[32.38875,41.75153],[32.38792,41.75236],[32.38736,41.75292],[32.38736,41.75431],[32.38875,41.75514],[32.38931,41.75514],[32.38958,41.75236]]]]}},{"type":"Feature","properties":{"name":"Batman","iso":"TUR"},"geometry":{"type":"MultiPolygon","coordinates":[[[[41.73741,37.75237],[41.75802,37.74232],[41.7825,37.74792],[41.83011,37.76151],[41.86824,37.75908],[41.86356,37.73855],[41.81839,37.72172],[41.78203,37.71352],[41.72467,37.69184],[41.6788,37.6707],[41.6193,37.62498],[41.59089,37.59986],[41.57319,37.57748],[41.53022,37.56989],[41.46669,37.55696],[41.22876,37.55441],[41.1704,37.57866],[41.14071,37.62526],[41.12459,37.64614],[41.07615,37.69082],[41.05428,37.71387],[41.04984,37.73216],[41.07367,37.74923],[41.1036,37.7742],[41.10108,37.80673],[41.04787,37.82897],[41.03305,37.85436],[41.03738,37.87026],[41.06487,37.88435],[41.09753,37.90718],[41.12096,37.93953],[41.15302,37.99164],[41.16586,38.02113],[41.19427,38.06542],[41.20923,38.10036],[41.21672,38.13251],[41.22916,38.16386],[41.21775,38.20749],[41.21434,38.28281],[41.21786,38.3451],[41.23112,38.38582],[41.24784,38.42623],[41.27631,38.44292],[41.33355,38.46477],[41.36615,38.47366],[41.41843,38.47578],[41.43345,38.4927],[41.41693,38.52225],[41.46024,38.54241],[41.52218,38.54191],[41.58572,38.5424],[41.61892,38.52235],[41.63905,38.48668],[41.65129,38.44799],[41.66242,38.42114],[41.67762,38.3649],[41.67819,38.2068],[41.66557,38.17373],[41.65424,38.13748],[41.64614,38.10235],[41.62214,38.06551],[41.55792,38.02238],[41.49938,38.0201],[41.48305,37.99149],[41.46444,37.97411],[41.42595,37.94947],[41.41132,37.91846],[41.42494,37.90144],[41.45793,37.88105],[41.51184,37.86032],[41.66126,37.85691],[41.73457,37.85334],[41.73946,37.83149],[41.71973,37.79713],[41.73741,37.75237]]]]}},{"type":"Feature","properties":{"name":"Bayburt","iso":"TUR"},"geometry":{"type":"MultiPolygon","coordinates":[[[[39.83974,39.97258],[39.82072,39.95311],[39.7903,39.93294],[39.7251,39.95394],[39.69796,39.98753],[39.68887,40.00887],[39.7208,40.05033],[39.74581,40.08124],[39.79025,40.1072],[39.80494,40.12057],[39.82185,40.16715],[39.82343,40.24982],[39.83721,40.29134],[39.85456,40.32555],[39.87129,40.34093],[39.90419,40.35101],[39.93919,40.3603],[39.98843,40.36897],[40.0345,40.40918],[40.06039,40.4433],[40.0767,40.47203],[40.09166,40.50697],[40.15164,40.50954],[40.20972,40.50019],[40.2561,40.50827],[40.31171,40.51224],[40.36475,40.52098],[40.4446,40.52488],[40.4985,40.53533],[40.52379,40.49009],[40.53019,40.449],[40.54313,40.41137],[40.55325,40.3502],[40.55994,40.30656],[40.57515,40.29339],[40.58985,40.27136],[40.60142,40.25885],[40.64525,40.24469],[40.69825,40.23435],[40.76783,40.23291],[40.79239,40.22429],[40.79771,40.20347],[40.77949,40.17255],[40.73974,40.14263],[40.69164,40.12991],[40.64614,40.11262],[40.60391,40.09076],[40.57912,40.06958],[40.54066,40.05417],[40.49875,40.03233],[40.45334,40.02283],[40.36356,40.02583],[40.30287,40.03613],[40.2483,40.04644],[40.19527,40.05007],[40.13248,40.06849],[40.09004,40.06677],[40.03307,40.04458],[39.98553,40.02947],[39.93142,40.02175],[39.88973,40.01126],[39.86781,40.00133],[39.83974,39.97258]]]]}},{"type":"Feature","properties":{"name":"Bilecik","iso":"TUR"},"geometry":{"type":"MultiPolygon","coordinates":[[[[30.21651,39.85623],[30.17147,39.86662],[30.12443,39.86803],[30.08875,39.85869],[30.0585,39.84362],[30.00272,39.78552],[29.99901,39.74573],[30.00459,39.7271],[30.0355,39.70948],[30.04477,39.69323],[29.99835,39.68414],[29.95208,39.68216],[29.91182,39.69239],[29.85642,39.70381],[29.7977,39.71835],[29.73636,39.73906],[29.70293,39.77605],[29.69468,39.81108],[29.68473,39.83731],[29.6921,39.87534],[29.67701,39.90554],[29.76781,39.90504],[29.78597,39.92418],[29.78929,39.9677],[29.75503,39.97772],[29.71761,40.00865],[29.69091,40.05037],[29.68869,40.06542],[29.69938,40.08954],[29.71282,40.1279],[29.71838,40.16985],[29.73473,40.19569],[29.76519,40.22038],[29.79927,40.23756],[29.82413,40.27436],[29.83255,40.29823],[29.81059,40.33241],[29.80528,40.41009],[29.81827,40.43944],[29.8426,40.47711],[29.88321,40.50977],[29.92472,40.52816],[29.94482,40.52095],[29.96302,40.4843],[30.01633,40.43837],[30.04519,40.42453],[30.10586,40.37995],[30.12765,40.36928],[30.18725,40.36944],[30.22489,40.37902],[30.26434,40.39206],[30.30373,40.40286],[30.38659,40.40137],[30.43285,40.39051],[30.47164,40.38692],[30.52566,40.36599],[30.57651,40.34651],[30.62383,40.33518],[30.64403,40.29725],[30.67392,40.2507],[30.70197,40.21815],[30.71995,40.1898],[30.68202,40.16988],[30.64126,40.16053],[30.59977,40.15485],[30.56009,40.13403],[30.55367,40.10405],[30.53756,40.0666],[30.52468,40.01609],[30.5023,39.97787],[30.46485,39.95089],[30.42768,39.93829],[30.3495,39.92986],[30.28282,39.87704],[30.27223,39.86244],[30.21651,39.85623]]]]}},{"type":"Feature","properties":{"name":"Bingöl","iso":"TUR"},"geometry":{"type":"MultiPolygon","coordinates":[[[[41.1089,38.66262],[40.98846,38.6166],[40.9101,38.5924],[40.76245,38.59156],[40.65313,38.61452],[40.50267,38.59766],[40.48267,38.53171],[40.4131,38.47433],[40.29791,38.54964],[40.23947,38.60807],[40.25859,38.68588],[40.31574,38.7219],[40.35682,38.72501],[40.37836,38.78786],[40.36464,38.84625],[40.31639,38.88326],[40.28444,38.96503],[40.30718,39.07472],[40.39395,39.16281],[40.35978,39.22667],[40.26028,39.18939],[40.16613,39.15984],[40.08775,39.12032],[40.00977,39.08989],[40.04388,39.15027],[40.03183,39.20495],[40.07236,39.27922],[40.16668,39.29244],[40.25067,39.31505],[40.32632,39.34896],[40.39086,39.3945],[40.3352,39.41557],[40.35855,39.43836],[40.46724,39.48554],[40.53847,39.5234],[40.62029,39.52822],[40.68697,39.5122],[40.78299,39.543],[40.85949,39.56567],[40.89362,39.55635],[40.93623,39.52087],[41.00494,39.47854],[41.11093,39.46404],[41.15833,39.4207],[41.20994,39.35143],[41.17155,39.30061],[41.18888,39.22319],[41.23234,39.15725],[41.27668,39.09227],[41.23224,38.98791],[41.16192,38.92068],[41.16887,38.87535],[41.20703,38.80807],[41.25962,38.74734],[41.19585,38.69647],[41.1089,38.66262]]]]}},{"type":"Feature","properties":{"name":"Bitlis","iso":"TUR"},"geometry":{"type":"MultiPolygon","coordinates":[[[[42.26993,38.20079],[42.1883,38.21766],[42.10457,38.20418],[42.02595,38.12946],[41.94846,38.15042],[41.84612,38.15988],[41.75723,38.18048],[41.67973,38.22349],[41.66092,38.42665],[41.63345,38.50515],[41.575,38.54384],[41.57017,38.58501],[41.71906,38.60184],[41.8633,38.59047],[41.95103,38.625],[42.03347,38.67698],[42.02928,38.7615],[42.00215,38.81477],[42.13662,38.82386],[42.14586,38.85664],[42.23575,38.90628],[42.34036,38.93931],[42.45692,38.9271],[42.55452,38.94161],[42.71638,38.92963],[42.77411,38.94646],[42.75775,38.99802],[42.79383,39.05317],[42.91169,39.06928],[43.02248,39.09549],[43.00218,39.01707],[43.03442,38.96971],[43.13637,38.92792],[43.18608,38.8092],[43.13693,38.77451],[43.05609,38.7233],[43.00509,38.66982],[42.95969,38.61477],[42.91101,38.54809],[42.8356,38.49821],[42.72961,38.45822],[42.68571,38.40904],[42.71487,38.35036],[42.73443,38.28802],[42.71644,38.21982],[42.7498,38.17858],[42.77975,38.14872],[42.78579,38.11573],[42.82777,38.0605],[42.75703,38.01966],[42.70196,38.02676],[42.61816,38.06461],[42.51196,38.10236],[42.44966,38.12237],[42.36477,38.1415],[42.26993,38.20079]]]]}},{"type":"Feature","properties":{"name":"Bolu","iso":"TUR"},"geometry":{"type":"MultiPolygon","coordinates":[[[[31.03853,40.38472],[31.04793,40.28807],[31.02759,40.25604],[30.90576,40.18487],[30.82838,40.15476],[30.72675,40.17191],[30.68577,40.23385],[30.63358,40.31335],[30.64773,40.37251],[30.60411,40.42373],[30.59973,40.44837],[30.67617,40.51832],[30.8996,40.53757],[30.94784,40.57903],[30.99162,40.6679],[31.05789,40.66825],[31.16338,40.6822],[31.24607,40.65072],[31.36094,40.66146],[31.42706,40.70134],[31.44661,40.83221],[31.52527,40.86909],[31.62542,40.88879],[31.71602,40.93513],[31.75563,40.98263],[31.7363,41.04272],[31.87068,41.02929],[32.14074,41.01908],[32.25198,41.00698],[32.33739,40.92105],[32.4188,40.89156],[32.50112,40.86722],[32.53914,40.81435],[32.52406,40.73738],[32.45704,40.6753],[32.45998,40.5775],[32.46768,40.51689],[32.40166,40.43732],[32.35423,40.41292],[32.21729,40.42514],[32.08978,40.3997],[31.99376,40.36879],[31.86852,40.34344],[31.77458,40.33263],[31.70509,40.34394],[31.61618,40.3164],[31.51919,40.31185],[31.41138,40.32987],[31.29224,40.34353],[31.21038,40.37214],[31.11408,40.40541],[31.03853,40.38472]]]]}},{"type":"Feature","properties":{"name":"Burdur","iso":"TUR"},"geometry":{"type":"MultiPolygon","coordinates":[[[[29.67695,36.93264],[29.63556,36.98387],[29.5811,37.01636],[29.51177,37.02421],[29.46297,36.9766],[29.39956,36.94865],[29.39172,36.96149],[29.40667,36.99905],[29.40389,37.04076],[29.39288,37.09671],[29.40968,37.18445],[29.44981,37.24534],[29.52326,37.31515],[29.56268,37.38735],[29.54249,37.45024],[29.52678,37.59138],[29.57904,37.61452],[29.65104,37.65396],[29.73213,37.69763],[29.81078,37.74421],[29.86533,37.77055],[29.967,37.78397],[30.01235,37.74692],[30.05633,37.70441],[30.12253,37.72031],[30.20127,37.7672],[30.28205,37.81668],[30.33226,37.84017],[30.3844,37.81575],[30.44584,37.74872],[30.53401,37.70538],[30.67261,37.69305],[30.71599,37.64927],[30.74249,37.5728],[30.76959,37.5209],[30.82655,37.46395],[30.89336,37.42169],[30.89223,37.36562],[30.86847,37.35133],[30.85259,37.31408],[30.83176,37.26065],[30.79019,37.23623],[30.70229,37.22858],[30.45467,37.22417],[30.38665,37.25201],[30.33488,37.30704],[30.23304,37.29126],[30.13638,37.26119],[30.04769,37.23776],[29.92027,37.18823],[29.84829,37.12187],[29.8289,37.05547],[29.77158,36.95654],[29.68426,36.919],[29.67695,36.93264]]]]}},{"type":"Feature","properties":{"name":"Bursa","iso":"TUR"},"geometry":{"type":"MultiPolygon","coordinates":[[[[28.93774,39.61145],[28.42692,39.81223],[28.12344,40.20986],[28.25931,40.40153],[28.28736,40.39819],[28.34347,40.40181],[28.37681,40.39764],[28.50986,40.39403],[28.49708,40.38625],[28.48875,40.37708],[28.48431,40.36514],[28.49208,40.37792],[28.50181,40.38764],[28.51708,40.39403],[28.53986,40.38597],[28.56625,40.37764],[28.59736,40.3693],[28.64042,40.36236],[28.65792,40.36069],[28.67708,40.37042],[28.6968,40.3768],[28.72486,40.38181],[28.74181,40.38708],[28.76292,40.39153],[28.80125,40.39347],[28.82264,40.3882],[28.84875,40.38153],[28.87375,40.38264],[28.8868,40.37653],[28.90181,40.36875],[28.91458,40.36097],[28.94153,40.35653],[28.98181,40.35736],[29.00514,40.35986],[29.03847,40.36403],[29.06458,40.36986],[29.06959,40.38597],[29.07458,40.39903],[29.08431,40.41125],[29.0957,40.41903],[29.12236,40.41903],[29.15375,40.42542],[29.14236,40.43986],[29.12875,40.44903],[29.11403,40.45764],[29.1032,40.46542],[29.09236,40.47403],[29.06014,40.47709],[29.0158,40.51019],[29.88007,40.58706],[29.71598,40.16173],[29.44524,39.9239],[29.10439,39.54252],[28.93774,39.61145]]],[[[28.53986,40.56653],[28.54875,40.56597],[28.55486,40.56486],[28.55431,40.56375],[28.55292,40.56181],[28.55181,40.5607],[28.55069,40.55931],[28.55069,40.55653],[28.54764,40.55542],[28.54625,40.55486],[28.54208,40.55431],[28.53847,40.55347],[28.53736,40.54958],[28.53653,40.54653],[28.53764,40.54458],[28.53875,40.54264],[28.53958,40.53931],[28.54125,40.53514],[28.54208,40.53375],[28.54319,40.53181],[28.54431,40.52986],[28.54542,40.52792],[28.54431,40.52514],[28.54375,40.5207],[28.54264,40.51708],[28.54153,40.51542],[28.53681,40.51486],[28.53403,40.51375],[28.53208,40.51264],[28.52847,40.51209],[28.52431,40.51153],[28.52264,40.51264],[28.5207,40.51403],[28.51931,40.51625],[28.51819,40.51736],[28.51708,40.51903],[28.51597,40.52097],[28.51653,40.52181],[28.51764,40.52319],[28.51875,40.52486],[28.51986,40.52653],[28.52097,40.52847],[28.52236,40.53069],[28.52347,40.53292],[28.52403,40.53458],[28.52458,40.53875],[28.52569,40.5407],[28.52625,40.54375],[28.52681,40.54958],[28.52569,40.55125],[28.52625,40.55458],[28.52569,40.55653],[28.52458,40.55986],[28.52292,40.56097],[28.52125,40.56208],[28.51959,40.56319],[28.51819,40.5643],[28.51931,40.56569],[28.52236,40.56514],[28.52903,40.56514],[28.53181,40.56625],[28.53903,40.56681],[28.53986,40.56653]]]]}},{"type":"Feature","properties":{"name":"Çanakkale","iso":"TUR"},"geometry":{"type":"MultiPolygon","coordinates":[[[[26.66659,39.65068],[26.59236,39.5443],[26.51486,39.52903],[26.43653,39.5132],[26.37042,39.48819],[26.29347,39.48403],[26.23319,39.47264],[26.16236,39.45903],[26.09542,39.46486],[26.07181,39.50542],[26.09531,39.55819],[26.12819,39.5993],[26.15569,39.64097],[26.15819,39.71958],[26.1468,39.76292],[26.16208,39.80958],[26.14153,39.84347],[26.15903,39.89069],[26.16236,39.93653],[26.18486,39.99653],[26.2443,40.00014],[26.31569,40.01736],[26.35347,40.05486],[26.36986,40.10375],[26.40569,40.13208],[26.40375,40.16986],[26.43931,40.19486],[26.49653,40.20847],[26.54347,40.24209],[26.56292,40.26847],[26.61542,40.29292],[26.65208,40.32847],[26.69153,40.35764],[26.73486,40.38903],[26.77375,40.40458],[26.85764,40.39903],[26.91736,40.40236],[26.96764,40.38486],[27.03403,40.39014],[27.06069,40.42708],[27.11847,40.44653],[27.16486,40.44458],[27.21931,40.44514],[27.26792,40.4632],[27.31042,40.44847],[27.32014,40.40903],[27.30958,40.37292],[27.35597,40.35597],[27.41264,40.33208],[27.48847,40.30819],[27.46825,40.19469],[26.66659,39.65068]]],[[[26.05609,39.84681],[26.05875,39.84375],[26.06808,39.84125],[26.07069,39.8382],[26.07458,39.83569],[26.07569,39.83319],[26.07525,39.83042],[26.07819,39.82764],[26.07986,39.82403],[26.07819,39.82208],[26.07403,39.82014],[26.07569,39.81542],[26.07431,39.81236],[26.07764,39.80958],[26.08069,39.80569],[26.07847,39.80375],[26.08264,39.80014],[26.07931,39.79736],[26.07681,39.79542],[26.07403,39.79347],[26.06986,39.79236],[26.06514,39.78986],[26.06181,39.78736],[26.06014,39.78958],[26.05458,39.78736],[26.04958,39.78875],[26.04792,39.79292],[26.04542,39.79363],[26.03969,39.79792],[26.03347,39.80014],[26.02764,39.80292],[26.02264,39.80681],[26.01514,39.80847],[26.01153,39.81074],[26.00653,39.81236],[26.00486,39.81514],[26.00069,39.81764],[25.99514,39.82042],[25.98875,39.81986],[25.98375,39.81681],[25.97903,39.82042],[25.97319,39.82292],[25.96986,39.8268],[25.96736,39.83181],[25.96375,39.83431],[25.96264,39.83931],[25.97736,39.84014],[25.98514,39.84125],[25.99486,39.84292],[25.99931,39.84458],[26.01431,39.84486],[26.03042,39.84319],[26.03875,39.84208],[26.04569,39.84514],[26.0507,39.84736],[26.05609,39.84681]]],[[[26.08708,39.91986],[26.08764,39.9193],[26.08764,39.91819],[26.08653,39.91764],[26.08403,39.91708],[26.08181,39.91764],[26.08125,39.91819],[26.08208,39.91875],[26.0832,39.9193],[26.08431,39.91986],[26.08653,39.92042],[26.08708,39.91986]]],[[[26.05375,39.93097],[26.05264,39.92959],[26.05097,39.92959],[26.05042,39.93042],[26.05125,39.93125],[26.05347,39.93125],[26.05375,39.93097]]],[[[26.06403,39.94014],[26.06653,39.93958],[26.06875,39.93903],[26.06931,39.93847],[26.07014,39.93792],[26.07181,39.93736],[26.07264,39.93681],[26.0734,39.93625],[26.07458,39.93681],[26.07597,39.93736],[26.07764,39.93792],[26.07847,39.93847],[26.07986,39.93792],[26.07875,39.93708],[26.07792,39.93653],[26.07736,39.93597],[26.07653,39.93542],[26.07569,39.93486],[26.07514,39.93431],[26.07458,39.93375],[26.07375,39.93319],[26.0732,39.93264],[26.07097,39.93208],[26.07014,39.93153],[26.06708,39.93153],[26.06597,39.93208],[26.06458,39.93264],[26.06264,39.93319],[26.0582,39.93375],[26.05764,39.93542],[26.05708,39.93653],[26.05736,39.93847],[26.05792,39.93903],[26.05875,39.93958],[26.05958,39.94014],[26.06042,39.94069],[26.06236,39.94014],[26.06403,39.94014]]],[[[25.75736,40.09736],[25.74514,40.09431],[25.73097,40.09319],[25.72403,40.1068],[25.70708,40.11264],[25.68563,40.12097],[25.66653,40.12375],[25.66958,40.14153],[25.67611,40.1557],[25.69097,40.16097],[25.69931,40.16986],[25.71569,40.17736],[25.73097,40.18458],[25.74792,40.19125],[25.76653,40.20042],[25.78153,40.20847],[25.80875,40.21347],[25.83486,40.21208],[25.84875,40.21653],[25.86625,40.22319],[25.88125,40.23097],[25.89319,40.23335],[25.90542,40.23686],[25.92542,40.23986],[25.94042,40.23903],[25.94736,40.23403],[25.95292,40.22319],[25.97236,40.21986],[25.97403,40.20764],[25.97569,40.19209],[25.96986,40.17847],[25.96847,40.16764],[25.96681,40.15653],[25.96958,40.14736],[25.98903,40.14514],[26.00042,40.15347],[26.01264,40.16375],[26.01431,40.15208],[26.00619,40.14236],[25.99542,40.13486],[25.97542,40.12736],[25.95708,40.1232],[25.94014,40.12819],[25.92347,40.1232],[25.89847,40.11764],[25.87625,40.11125],[25.85819,40.10768],[25.84375,40.10125],[25.82236,40.10069],[25.80236,40.10431],[25.79208,40.0957],[25.76819,40.0993],[25.75736,40.09736]]],[[[26.45569,40.23958],[26.42042,40.21958],[26.36708,40.20292],[26.36653,40.1743],[26.37514,40.14014],[26.34243,40.1193],[26.31181,40.09499],[26.26875,40.07514],[26.2243,40.04986],[26.18458,40.04236],[26.18069,40.06903],[26.20458,40.09792],[26.22403,40.13347],[26.24542,40.16125],[26.26597,40.19153],[26.27625,40.22834],[26.26903,40.26208],[26.23736,40.28375],[26.24458,40.30958],[26.23236,40.32653],[26.28042,40.34875],[26.32708,40.36319],[26.36347,40.39014],[26.40792,40.41097],[26.44764,40.43736],[26.51014,40.45819],[26.5493,40.48014],[26.59486,40.49847],[26.64875,40.50764],[26.69653,40.51042],[26.73236,40.5443],[26.74958,40.54625],[26.80431,40.56181],[26.83625,40.58347],[26.82792,40.62764],[26.80486,40.65264],[27.01764,40.58125],[26.97431,40.55458],[26.89958,40.53597],[26.86375,40.51597],[26.81986,40.49875],[26.7582,40.48208],[26.71792,40.45875],[26.69458,40.4193],[26.65431,40.40514],[26.63091,40.36764],[26.60903,40.34153],[26.58153,40.31958],[26.52931,40.29542],[26.49375,40.27319],[26.46514,40.24514],[26.45569,40.23958]]],[[[26.71403,40.38792],[26.71292,40.38736],[26.71292,40.38542],[26.71347,40.3843],[26.71403,40.38375],[26.71458,40.38319],[26.71541,40.38264],[26.71569,40.38208],[26.71541,40.38125],[26.71514,40.38153],[26.71153,40.38236],[26.70986,40.38292],[26.70764,40.38347],[26.70625,40.38292],[26.70569,40.3843],[26.70625,40.38486],[26.70681,40.38542],[26.70764,40.38597],[26.70847,40.38653],[26.71014,40.38708],[26.71264,40.38764],[26.71319,40.38819],[26.71403,40.38875],[26.71403,40.38792]]]]}},{"type":"Feature","properties":{"name":"Çankiri","iso":"TUR"},"geometry":{"type":"MultiPolygon","coordinates":[[[[34.13446,40.4829],[34.1497,40.44807],[34.1613,40.4178],[34.14903,40.38766],[34.12043,40.34339],[34.10217,40.32225],[34.06013,40.30612],[34.02748,40.28773],[33.98176,40.27011],[33.91788,40.26161],[33.87012,40.27206],[33.81395,40.28143],[33.75558,40.28388],[33.71824,40.28035],[33.67229,40.30092],[33.62137,40.3214],[33.5739,40.34006],[33.52544,40.34715],[33.46815,40.36986],[33.42052,40.38755],[33.35942,40.3824],[33.3479,40.35794],[33.33076,40.33474],[33.28034,40.3284],[33.23102,40.34465],[33.21163,40.36508],[33.1968,40.40003],[33.17869,40.42825],[33.14764,40.45253],[33.11769,40.46576],[33.09841,40.48341],[33.07011,40.50214],[32.98666,40.57278],[32.96145,40.59567],[32.90425,40.61415],[32.87275,40.62577],[32.81097,40.6479],[32.73962,40.67086],[32.68899,40.6905],[32.6429,40.70399],[32.52143,40.72863],[32.52999,40.77527],[32.54009,40.8088],[32.51926,40.83923],[32.5986,40.89854],[32.62554,40.91052],[32.68881,40.95665],[32.71909,40.96308],[32.75458,40.97168],[32.82832,40.97765],[32.89101,40.9931],[32.9325,40.99872],[32.99258,41.01034],[33.02794,41.01646],[33.06869,41.0757],[33.14825,41.08701],[33.18547,41.07446],[33.23854,41.04837],[33.27753,41.03186],[33.32293,41.00494],[33.34279,40.97997],[33.37924,40.96279],[33.42261,40.95971],[33.4513,40.96931],[33.47804,40.98102],[33.51635,40.99369],[33.55352,41.00432],[33.60802,41.02692],[33.65321,41.03842],[33.69809,41.05046],[33.75084,41.07141],[33.78709,41.08749],[33.82797,41.09727],[33.8467,41.08907],[33.86185,41.06679],[33.84212,41.03632],[33.79123,40.99593],[33.78593,40.97679],[33.78946,40.94865],[33.82385,40.91937],[33.8628,40.90307],[33.92569,40.88292],[33.9803,40.86327],[34.03589,40.85097],[34.05629,40.80988],[34.0534,40.77403],[34.04126,40.73524],[34.04486,40.68084],[34.05752,40.64315],[34.06881,40.6176],[34.08627,40.56338],[34.10348,40.52045],[34.13117,40.49349],[34.13446,40.4829]]]]}},{"type":"Feature","properties":{"name":"Çorum","iso":"TUR"},"geometry":{"type":"MultiPolygon","coordinates":[[[[35.07986,40.71763],[35.16113,40.66824],[35.27263,40.65784],[35.39425,40.62313],[35.46424,40.57353],[35.45317,40.5029],[35.4167,40.4287],[35.36371,40.36794],[35.34472,40.29874],[35.28865,40.21374],[35.17824,40.14234],[35.17215,40.08522],[35.07624,40.03875],[35.0027,40.04145],[34.89412,40.0473],[34.80805,39.99617],[34.41933,39.99321],[34.35139,39.96077],[34.17872,39.93482],[34.08632,39.92035],[34.06596,39.95509],[34.17105,40.02221],[34.19881,40.04237],[34.15417,40.06953],[34.10939,40.12637],[34.09003,40.17793],[34.07397,40.22721],[33.97554,40.2508],[34.0212,40.28513],[34.09941,40.32087],[34.1435,40.37782],[34.15698,40.43676],[34.11615,40.4935],[34.08281,40.57389],[34.05527,40.65825],[34.04211,40.74807],[34.05375,40.81857],[34.10891,40.86705],[34.19661,40.89427],[34.28319,40.94594],[34.22845,41.00704],[34.21918,41.05333],[34.27983,41.14628],[34.32156,41.19728],[34.38518,41.26266],[34.44138,41.3076],[34.49768,41.28565],[34.59879,41.26214],[34.67812,41.23997],[34.77705,41.21211],[34.86017,41.20648],[34.92209,41.23031],[34.95713,41.16149],[34.97923,41.08328],[35.04696,41.08266],[35.08861,41.02642],[35.04856,40.94506],[35.04456,40.80605],[35.07986,40.71763]]]]}},{"type":"Feature","properties":{"name":"Denizli","iso":"TUR"},"geometry":{"type":"MultiPolygon","coordinates":[[[[29.38776,37.07609],[29.3416,37.04569],[29.33143,36.96367],[29.30794,36.93594],[29.27253,36.89217],[29.24246,36.87674],[29.20096,36.88673],[29.10119,36.96367],[29.07887,36.9993],[29.07476,37.0503],[29.05914,37.11093],[29.03299,37.1444],[28.98799,37.16772],[28.95617,37.18307],[28.89919,37.21655],[28.80488,37.23809],[28.76697,37.27108],[28.73958,37.35907],[28.63338,37.37867],[28.61362,37.4527],[28.58603,37.50657],[28.56015,37.55908],[28.59973,37.60822],[28.67544,37.59914],[28.76503,37.61972],[28.85578,37.67169],[28.8662,37.73301],[28.805,37.79102],[28.77558,37.83725],[28.78963,37.89983],[28.85896,37.97955],[28.84416,38.01469],[28.75778,38.0633],[28.73334,38.10719],[28.79486,38.15807],[28.81144,38.22558],[28.92095,38.26545],[29.02725,38.23754],[29.15815,38.21466],[29.27244,38.21439],[29.35256,38.2308],[29.4259,38.26173],[29.48963,38.22815],[29.55649,38.19238],[29.59142,38.26077],[29.6272,38.31369],[29.6617,38.37672],[29.69122,38.43505],[29.81896,38.4351],[29.89869,38.42371],[29.9492,38.37695],[30.00903,38.29538],[30.03595,38.20322],[29.97607,38.14141],[29.92803,38.1137],[29.85902,38.07413],[29.80252,38.04376],[29.72739,38.00884],[29.66515,37.87302],[29.75434,37.84042],[29.81963,37.79432],[29.81642,37.74697],[29.73995,37.7029],[29.66363,37.65839],[29.58968,37.62131],[29.5362,37.59376],[29.53679,37.45447],[29.56557,37.39199],[29.5274,37.32147],[29.47007,37.26202],[29.41167,37.18968],[29.39343,37.11695],[29.38776,37.07609]]]]}},{"type":"Feature","properties":{"name":"Diyarbakir","iso":"TUR"},"geometry":{"type":"MultiPolygon","coordinates":[[[[40.56878,37.76563],[40.53714,37.68691],[40.43674,37.6482],[40.2957,37.57742],[40.19012,37.57609],[40.10509,37.58929],[40.0173,37.55631],[39.86167,37.60364],[39.83607,37.775],[39.76775,37.82719],[39.63452,37.85918],[39.55091,37.91163],[39.44062,37.98463],[39.2548,37.99921],[39.20258,38.0459],[39.23283,38.10572],[39.24728,38.15828],[39.20502,38.1913],[39.14935,38.17264],[39.12427,38.20029],[39.14227,38.27322],[39.14328,38.34524],[39.26344,38.36758],[39.35797,38.33567],[39.47004,38.35537],[39.56395,38.36806],[39.74505,38.37428],[39.82105,38.43934],[39.86201,38.49817],[39.96881,38.48746],[40.4131,38.47433],[40.48267,38.53171],[40.50267,38.59766],[40.65313,38.61452],[40.76245,38.59156],[40.9101,38.5924],[40.98846,38.6166],[41.1089,38.66262],[41.20732,38.70201],[41.28348,38.70128],[41.33335,38.67334],[41.39457,38.60486],[41.37959,38.55856],[41.4053,38.5257],[41.42558,38.48077],[41.35119,38.47163],[41.2558,38.43423],[41.22684,38.36181],[41.21412,38.22851],[41.22588,38.1492],[41.19887,38.07837],[41.15685,38.00751],[41.10584,37.9163],[41.04663,37.87752],[41.03516,37.84619],[41.1081,37.78478],[41.05848,37.74167],[40.94812,37.72944],[40.81855,37.71722],[40.72774,37.75388],[40.64053,37.76831],[40.56878,37.76563]]]]}},{"type":"Feature","properties":{"name":"Düzce","iso":"TUR"},"geometry":{"type":"MultiPolygon","coordinates":[[[[31.05153,40.66649],[30.98705,40.71925],[30.87362,40.83535],[30.97025,40.93159],[31.00299,41.0383],[30.99319,41.07236],[31.00264,41.07264],[31.01292,41.07264],[31.01792,41.07514],[31.0218,41.07681],[31.02903,41.07625],[31.03708,41.07653],[31.05153,41.07736],[31.05597,41.07792],[31.06486,41.07792],[31.07597,41.08014],[31.08292,41.08236],[31.08875,41.08403],[31.09153,41.08708],[31.10208,41.08764],[31.11403,41.08958],[31.12042,41.09236],[31.13153,41.09069],[31.14514,41.09153],[31.15542,41.09264],[31.16903,41.09319],[31.18292,41.09486],[31.19458,41.09597],[31.20792,41.09708],[31.21431,41.09819],[31.22181,41.09958],[31.23319,41.10125],[31.24069,41.10292],[31.25236,41.10458],[31.25681,41.1068],[31.26847,41.10903],[31.27736,41.11125],[31.28403,41.11347],[31.29236,41.1157],[31.29875,41.11792],[31.30486,41.12014],[31.31069,41.12264],[31.31514,41.12486],[31.31958,41.12708],[31.32514,41.12958],[31.32931,41.13236],[31.33542,41.13458],[31.43903,41.0563],[31.75924,40.99318],[31.65255,40.89946],[31.46113,40.85577],[31.37047,40.67054],[31.19075,40.6818],[31.05153,40.66649]]]]}},{"type":"Feature","properties":{"name":"Edirne","iso":"TUR"},"geometry":{"type":"MultiPolygon","coordinates":[[[[26.04434,40.74289],[26.22815,40.88219],[26.35192,40.95207],[26.35388,40.99658],[26.36119,41.01072],[26.3166,41.11279],[26.33285,41.14509],[26.32109,41.18213],[26.31814,41.19653],[26.37497,41.24958],[26.39503,41.24944],[26.41035,41.25822],[26.42847,41.27178],[26.48083,41.30206],[26.49069,41.3138],[26.51444,41.33009],[26.52637,41.33408],[26.54452,41.33932],[26.60118,41.54313],[26.56593,41.86695],[26.79574,41.97435],[26.99551,41.54497],[26.76788,41.02596],[26.78569,40.65736],[26.74764,40.64708],[26.7182,40.64292],[26.68681,40.63903],[26.64375,40.63764],[26.61514,40.63681],[26.59069,40.63097],[26.57486,40.61764],[26.55375,40.60903],[26.53764,40.59431],[26.51431,40.59514],[26.49653,40.60236],[26.47708,40.61208],[26.4407,40.61264],[26.41931,40.60014],[26.38792,40.60569],[26.35108,40.60403],[26.33014,40.59431],[26.26653,40.59542],[26.17764,40.59375],[26.12347,40.59431],[26.10347,40.60042],[26.08625,40.60986],[26.07347,40.62014],[26.06347,40.6343],[26.06542,40.65181],[26.06208,40.68319],[26.0482,40.69764],[26.0507,40.71153],[26.03958,40.72709],[26.04434,40.74289]]],[[[26.03125,40.7518],[26.0318,40.75069],[26.0307,40.74986],[26.03014,40.75153],[26.03097,40.75236],[26.03125,40.7518]]],[[[26.01181,40.78903],[26.01236,40.78847],[26.01292,40.78736],[26.01347,40.7868],[26.01431,40.78625],[26.01486,40.78542],[26.01542,40.78431],[26.01597,40.78375],[26.01653,40.7832],[26.01708,40.78236],[26.01764,40.78181],[26.01847,40.78125],[26.01958,40.78042],[26.02042,40.77986],[26.02181,40.77931],[26.02264,40.77736],[26.0232,40.7757],[26.02375,40.77458],[26.02431,40.77403],[26.02514,40.77347],[26.02597,40.77292],[26.02681,40.77236],[26.02736,40.77014],[26.02681,40.76931],[26.02597,40.76986],[26.02597,40.77042],[26.02514,40.77153],[26.02458,40.77125],[26.02403,40.77208],[26.02347,40.77264],[26.02292,40.77347],[26.02236,40.77458],[26.02181,40.77681],[26.02042,40.77764],[26.01931,40.77819],[26.01875,40.77903],[26.01819,40.77986],[26.01736,40.78069],[26.01653,40.78125],[26.01597,40.78181],[26.01542,40.78236],[26.01486,40.78292],[26.01431,40.78375],[26.01375,40.78486],[26.01292,40.78542],[26.01208,40.7868],[26.01153,40.78764],[26.01041,40.78847],[26.01097,40.78959],[26.01181,40.78903]]],[[[26.73958,40.61847],[26.74069,40.61792],[26.74125,40.61708],[26.74069,40.61597],[26.74069,40.61319],[26.73958,40.61264],[26.73819,40.61208],[26.73764,40.61153],[26.73653,40.61153],[26.73708,40.61236],[26.73542,40.61375],[26.73319,40.61292],[26.73264,40.61375],[26.73125,40.61431],[26.7307,40.61514],[26.73125,40.61597],[26.73208,40.61653],[26.73319,40.61708],[26.73653,40.61764],[26.73764,40.61875],[26.7393,40.61875],[26.73958,40.61847]]],[[[26.7582,40.62153],[26.75875,40.62069],[26.7582,40.61986],[26.75736,40.61931],[26.75653,40.61875],[26.75431,40.61875],[26.75431,40.61986],[26.75486,40.62153],[26.75653,40.62208],[26.7582,40.62153]]]]}},{"type":"Feature","properties":{"name":"Elazığ","iso":"TUR"},"geometry":{"type":"MultiPolygon","coordinates":[[[[39.24215,38.36135],[39.11914,38.33826],[39.0047,38.32389],[38.92059,38.33751],[38.84942,38.3914],[38.72691,38.40821],[38.66364,38.42534],[38.5727,38.44321],[38.46801,38.46731],[38.39606,38.50056],[38.35134,38.56811],[38.3814,38.64058],[38.44528,38.7055],[38.48341,38.74182],[38.60928,38.74309],[38.63271,38.80896],[38.59974,38.94077],[38.59279,38.99237],[38.65977,39.01072],[38.74078,39.03447],[38.78188,38.99328],[38.77194,38.91991],[38.78409,38.88504],[38.89286,38.88152],[39.02745,38.89573],[39.13501,38.87061],[39.23443,38.83862],[39.31559,38.80868],[39.41803,38.76823],[39.53231,38.76873],[39.63027,38.80182],[39.77246,38.81531],[39.85125,38.88177],[39.89454,38.95552],[39.8687,39.032],[39.90518,39.07714],[40.00977,39.08989],[40.08775,39.12032],[40.16613,39.15984],[40.26028,39.18939],[40.35978,39.22667],[40.39395,39.16281],[40.30718,39.07472],[40.28444,38.96503],[40.31639,38.88326],[40.36464,38.84625],[40.37836,38.78786],[40.35682,38.72501],[40.31574,38.7219],[40.25859,38.68588],[40.23947,38.60807],[40.29791,38.54964],[40.05464,38.47504],[39.95181,38.49053],[39.85225,38.49495],[39.81112,38.42493],[39.73397,38.37127],[39.51769,38.35551],[39.44367,38.34532],[39.33854,38.33819],[39.24215,38.36135]]]]}},{"type":"Feature","properties":{"name":"Erzincan","iso":"TUR"},"geometry":{"type":"MultiPolygon","coordinates":[[[[38.72469,39.03209],[38.65647,39.05071],[38.55715,39.1029],[38.41633,39.1175],[38.38995,39.1874],[38.38342,39.44131],[38.35011,39.53068],[38.36337,39.60653],[38.36912,39.68865],[38.41382,39.74619],[38.44577,39.78325],[38.52255,39.79716],[38.549,39.83617],[38.49816,39.84149],[38.40207,39.82607],[38.36487,39.84473],[38.38592,39.90015],[38.44741,39.96938],[38.55136,39.95485],[38.75243,39.97181],[38.77372,40.0488],[38.91935,40.06065],[39.03261,40.03471],[39.11575,40.00083],[39.18891,39.96961],[39.27015,39.93194],[39.38409,39.8877],[39.47191,39.87245],[39.55838,39.88396],[39.67339,39.89649],[39.75101,39.91179],[39.82072,39.95311],[39.86781,40.00133],[39.93142,40.02175],[40.03307,40.04458],[40.13248,40.06849],[40.2483,40.04644],[40.2579,39.99086],[40.24479,39.93096],[40.49852,39.90306],[40.54089,39.83675],[40.53556,39.78374],[40.60051,39.7295],[40.665,39.70841],[40.69147,39.67971],[40.64379,39.61649],[40.61718,39.54304],[40.50421,39.54575],[40.14209,39.55763],[39.98635,39.51869],[39.83411,39.53724],[39.76223,39.51287],[39.70689,39.45947],[39.61517,39.44588],[39.6025,39.48591],[39.49435,39.4763],[39.37373,39.4892],[39.29982,39.49852],[39.22144,39.48045],[39.12517,39.46741],[39.02807,39.41754],[38.95031,39.37004],[38.84872,39.33583],[38.80034,39.29024],[38.90216,39.25538],[38.89365,39.2135],[38.78942,39.18625],[38.75881,39.15714],[38.72783,39.10289],[38.7532,39.03482],[38.72469,39.03209]]]]}},{"type":"Feature","properties":{"name":"Erzurum","iso":"TUR"},"geometry":{"type":"MultiPolygon","coordinates":[[[[41.92683,39.19377],[41.75846,39.16855],[41.64519,39.21332],[41.54428,39.31131],[41.43723,39.36872],[41.26319,39.37017],[41.14512,39.44155],[41.02729,39.46696],[40.92915,39.53296],[40.86518,39.56503],[40.75269,39.53186],[40.62548,39.52422],[40.64959,39.62622],[40.68089,39.70396],[40.58785,39.73388],[40.53022,39.81266],[40.49193,39.9054],[40.25179,39.96393],[40.3488,40.0311],[40.5347,40.05085],[40.64073,40.1097],[40.76617,40.15577],[40.77496,40.23227],[40.60415,40.25743],[40.56298,40.30159],[40.53317,40.44096],[40.52972,40.54481],[40.692,40.60173],[40.86045,40.67248],[40.95314,40.72001],[41.07761,40.78437],[41.19908,40.78025],[41.39772,40.74736],[41.33907,40.64103],[41.41745,40.56754],[41.54208,40.60891],[41.64822,40.66171],[41.81465,40.62123],[41.90904,40.64646],[41.94409,40.76588],[41.99196,40.8905],[42.12123,40.96507],[42.34366,40.90559],[42.40923,40.80269],[42.50472,40.70298],[42.56627,40.57856],[42.53647,40.43909],[42.40641,40.36884],[42.23672,40.31197],[42.14049,40.27048],[42.19703,40.17418],[42.31609,40.14086],[42.43645,40.08795],[42.5292,39.99704],[42.48118,39.90844],[42.36726,39.87127],[42.25838,39.87152],[42.30913,39.80497],[42.44444,39.77564],[42.50795,39.69749],[42.51931,39.55442],[42.42862,39.47631],[42.28194,39.44186],[42.19287,39.38152],[42.19103,39.2964],[42.07096,39.22108],[41.95184,39.19599],[41.92683,39.19377]]]]}},{"type":"Feature","properties":{"name":"Eskisehir","iso":"TUR"},"geometry":{"type":"MultiPolygon","coordinates":[[[[30.98364,39.15845],[30.88596,39.21287],[30.80764,39.17714],[30.76663,39.12854],[30.67731,39.08904],[30.60274,39.08421],[30.50917,39.18552],[30.43896,39.23769],[30.34931,39.33826],[30.31404,39.3855],[30.23205,39.55758],[30.15146,39.60929],[30.13808,39.63459],[30.18247,39.68674],[30.08843,39.69599],[30.02806,39.7141],[29.99895,39.76016],[30.06703,39.84943],[30.13602,39.8683],[30.24866,39.85491],[30.32612,39.91068],[30.43772,39.94063],[30.51536,39.99686],[30.54462,40.08758],[30.57136,40.14688],[30.66284,40.16742],[30.77166,40.1603],[30.87635,40.13744],[30.91605,40.09019],[30.94406,40.02216],[31.0569,40.02797],[31.21148,40.04164],[31.39975,40.03026],[31.60068,40.01795],[31.69595,39.98823],[31.75418,39.92379],[31.81778,39.87859],[31.86543,39.85572],[31.88543,39.80605],[31.84776,39.73587],[31.87945,39.66945],[31.91512,39.60471],[31.98467,39.51823],[32.00668,39.40203],[32.00092,39.27386],[31.97955,39.21621],[31.87417,39.17084],[31.83891,39.10675],[31.75891,39.07554],[31.68463,39.09682],[31.51375,39.08927],[31.41152,39.10642],[31.36044,39.16964],[31.30749,39.25356],[31.2489,39.28445],[31.14186,39.2185],[31.02688,39.1765],[30.98364,39.15845]]]]}},{"type":"Feature","properties":{"name":"Gaziantep","iso":"TUR"},"geometry":{"type":"MultiPolygon","coordinates":[[[[37.69448,36.73823],[37.56081,36.68974],[37.49636,36.68543],[37.45544,36.7477],[37.41051,36.79829],[37.33782,36.82594],[37.24036,36.86549],[37.21786,36.91458],[37.17896,36.99061],[37.00486,37.00736],[36.94903,36.96022],[36.90999,36.90265],[36.83406,36.86623],[36.78189,36.82395],[36.67073,36.84272],[36.62071,36.84403],[36.54536,36.88931],[36.46484,36.93582],[36.45795,36.97017],[36.48453,37.03299],[36.53906,37.11362],[36.65477,37.20287],[36.69206,37.24347],[36.75936,37.28484],[36.83786,37.33153],[36.89927,37.36666],[36.9283,37.34966],[36.94612,37.29139],[36.9708,37.22674],[37.04829,37.2347],[37.09856,37.28762],[37.1859,37.33286],[37.28798,37.34984],[37.38428,37.36848],[37.50826,37.38083],[37.58894,37.39481],[37.62379,37.46698],[37.71267,37.52412],[37.79579,37.54465],[37.88212,37.52113],[37.96204,37.50004],[38.03765,37.45599],[37.98842,37.43914],[37.92082,37.38314],[37.85897,37.31615],[37.83223,37.23071],[37.85948,37.12512],[37.88094,37.05742],[37.98448,36.96658],[38.01224,36.8998],[37.95811,36.81043],[37.76701,36.74658],[37.69448,36.73823]]]]}},{"type":"Feature","properties":{"name":"Giresun","iso":"TUR"},"geometry":{"type":"MultiPolygon","coordinates":[[[[38.52334,40.11689],[38.14476,40.53856],[38.12931,40.95319],[38.16292,40.94847],[38.18542,40.94403],[38.22236,40.93875],[38.26125,40.94514],[38.29125,40.93764],[38.30847,40.93014],[38.32486,40.91958],[38.34708,40.91208],[38.37458,40.91319],[38.3843,40.92042],[38.39347,40.92181],[38.42209,40.91514],[38.4507,40.91597],[38.47792,40.91403],[38.51708,40.91764],[38.54292,40.92181],[38.55931,40.92931],[38.57347,40.93875],[38.59319,40.94847],[38.60903,40.96292],[38.63153,40.97125],[38.65125,40.96819],[38.66069,40.95681],[38.68431,40.94792],[38.72042,40.95403],[38.73431,40.96181],[38.75042,40.9707],[38.76431,40.97986],[38.77681,40.98875],[38.79181,40.99569],[38.80375,41.00125],[38.81681,41.00903],[38.83375,41.00542],[38.85986,41.01153],[38.88375,41.0168],[38.89736,41.02514],[38.91236,41.03486],[38.93014,41.04181],[38.95653,41.03792],[38.99236,41.03792],[39.03264,41.03458],[39.06792,41.04153],[39.10153,41.04792],[39.12792,41.05653],[39.14375,41.06597],[39.15569,41.07486],[39.17403,41.07458],[38.87952,40.61716],[38.90616,40.19892],[38.52334,40.11689]]],[[[38.43847,40.92903],[38.43597,40.9282],[38.43514,40.92875],[38.4357,40.92986],[38.43736,40.92986],[38.43847,40.92903]]]]}},{"type":"Feature","properties":{"name":"Gümüshane","iso":"TUR"},"geometry":{"type":"MultiPolygon","coordinates":[[[[39.70554,40.03659],[39.71644,39.96063],[39.75101,39.91179],[39.67339,39.89649],[39.55838,39.88396],[39.47191,39.87245],[39.38409,39.8877],[39.27015,39.93194],[39.18891,39.96961],[39.11575,40.00083],[39.03261,40.03471],[38.93473,40.06813],[38.94416,40.11009],[38.90571,40.16978],[38.91067,40.25876],[38.99445,40.31211],[39.07099,40.36428],[39.04344,40.39349],[38.96484,40.43518],[38.86564,40.4552],[38.84653,40.49815],[38.86424,40.59399],[38.92199,40.68321],[38.98101,40.72485],[39.10798,40.75846],[39.20994,40.73492],[39.27671,40.69373],[39.34375,40.655],[39.42555,40.63022],[39.52448,40.60297],[39.62623,40.5685],[39.68981,40.56207],[39.73476,40.59936],[39.76425,40.6693],[39.82667,40.70568],[39.82582,40.62731],[39.87729,40.61724],[39.92637,40.57383],[39.98499,40.56915],[39.97632,40.61794],[39.98912,40.65125],[40.0862,40.58596],[40.09568,40.53187],[40.07474,40.4668],[40.00876,40.38892],[39.93216,40.35933],[39.86583,40.33696],[39.83718,40.2797],[39.82064,40.15823],[39.7781,40.10263],[39.71152,40.04258],[39.70554,40.03659]]]]}},{"type":"Feature","properties":{"name":"Hakkari","iso":"TUR"},"geometry":{"type":"MultiPolygon","coordinates":[[[[44.62445,37.48172],[44.66861,37.42148],[44.72188,37.38189],[44.83499,37.28638],[44.77908,37.2281],[44.80709,37.15452],[44.75581,37.16376],[44.67846,37.17516],[44.61882,37.1763],[44.53813,37.12111],[44.4741,37.07859],[44.35068,37.04929],[44.33194,36.99251],[44.30333,36.97488],[44.24272,37.03408],[44.21486,37.07333],[44.23346,37.13981],[44.28166,37.16215],[44.26719,37.25208],[44.14184,37.31565],[44.06145,37.32207],[44.00444,37.29964],[43.95124,37.25651],[43.80025,37.22991],[43.7094,37.23538],[43.58688,37.25327],[43.48106,37.28833],[43.43529,37.34073],[43.43852,37.52855],[43.46772,37.64204],[43.4959,37.70259],[43.53656,37.7206],[43.63909,37.717],[43.77751,37.72618],[43.85323,37.70449],[43.9795,37.72605],[44.05825,37.71609],[44.15538,37.75249],[44.22113,37.75895],[44.24647,37.70339],[44.21875,37.64315],[44.24624,37.62624],[44.33672,37.6569],[44.39674,37.64528],[44.46114,37.66711],[44.5334,37.72322],[44.59711,37.76376],[44.63273,37.70279],[44.58517,37.64118],[44.63345,37.56898],[44.62281,37.4912],[44.62445,37.48172]]]]}},{"type":"Feature","properties":{"name":"Hatay","iso":"TUR"},"geometry":{"type":"MultiPolygon","coordinates":[[[[36.18092,35.90174],[35.92875,35.95903],[35.95181,35.98014],[35.97347,36.00097],[35.97292,36.03014],[35.95597,36.0607],[35.93847,36.09403],[35.92125,36.12153],[35.90681,36.14208],[35.88792,36.16764],[35.86458,36.1932],[35.84625,36.21958],[35.8257,36.24375],[35.80514,36.26653],[35.78403,36.29097],[35.7868,36.32792],[35.81486,36.35097],[35.8568,36.3732],[35.8768,36.41292],[35.90625,36.44014],[35.93097,36.45958],[35.9782,36.47292],[36.00042,36.49569],[36.02819,36.51792],[36.0568,36.54097],[36.09069,36.55542],[36.12263,36.57347],[36.15569,36.5918],[36.18875,36.59514],[36.19708,36.62764],[36.21569,36.65931],[36.20681,36.68292],[36.19486,36.71069],[36.19569,36.73097],[36.19569,36.75764],[36.19986,36.79236],[36.18014,36.81597],[36.16403,36.83375],[36.14514,36.85792],[36.13986,36.86042],[36.12014,36.88125],[36.08708,36.89958],[36.07958,36.90347],[36.04125,36.9207],[36.00292,36.92708],[35.99014,36.91542],[35.97792,36.91153],[35.95292,36.89042],[35.94403,36.86847],[36.5533,36.88427],[36.49065,36.22525],[36.18092,35.90174]]],[[[36.18653,36.72375],[36.18875,36.72319],[36.18597,36.72236],[36.18486,36.72292],[36.18431,36.72347],[36.18514,36.7243],[36.18653,36.72375]]]]}},{"type":"Feature","properties":{"name":"Iğdır","iso":"TUR"},"geometry":{"type":"MultiPolygon","coordinates":[[[[44.36103,40.01742],[44.39162,40.00374],[44.4149,40.0],[44.4656,39.9702],[44.4887,39.96506],[44.54055,39.91875],[44.57363,39.86869],[44.59774,39.83391],[44.62551,39.8283],[44.64674,39.80303],[44.69823,39.79356],[44.70485,39.76759],[44.72505,39.74878],[44.74665,39.73677],[44.7726,39.71365],[44.77602,39.70262],[44.81274,39.67701],[44.81383,39.63913],[44.67836,39.71992],[44.63858,39.76055],[44.61477,39.77621],[44.58764,39.7579],[44.5132,39.70837],[44.46449,39.69575],[44.38018,39.6932],[44.3208,39.67269],[44.23258,39.67171],[44.19203,39.68489],[44.1403,39.69469],[44.02408,39.69067],[43.99332,39.6865],[43.93669,39.70826],[43.87682,39.73183],[43.83169,39.75502],[43.76847,39.77922],[43.70459,39.79938],[43.66429,39.80903],[43.62249,39.82236],[43.54348,39.82286],[43.52149,39.81414],[43.49407,39.77795],[43.46326,39.7664],[43.42327,39.77959],[43.39566,39.9258],[43.38041,39.95558],[43.35047,39.96276],[43.3463,39.99918],[43.30824,40.04514],[43.29121,40.08489],[43.30695,40.1092],[43.32176,40.11347],[43.35461,40.10472],[43.37475,40.1088],[43.39253,40.12636],[43.38536,40.14759],[43.38366,40.16721],[43.40578,40.17997],[43.44221,40.18425],[43.55175,40.18373],[43.61311,40.1964],[43.64998,40.21472],[43.69168,40.19716],[43.71363,40.16636],[43.65504,40.14826],[43.65548,40.11077],[43.69576,40.09517],[43.73746,40.07634],[43.80561,40.05866],[43.84256,40.04349],[43.90548,40.01847],[43.96938,40.01878],[44.01683,40.03064],[44.07607,40.03527],[44.12825,40.02807],[44.16253,40.03316],[44.20748,40.03629],[44.24189,40.04662],[44.29736,40.04089],[44.3314,40.03427],[44.36103,40.01742]]]]}},{"type":"Feature","properties":{"name":"Isparta","iso":"TUR"},"geometry":{"type":"MultiPolygon","coordinates":[[[[31.24663,37.42236],[31.21539,37.41172],[31.15254,37.38443],[31.09536,37.37365],[31.04711,37.36149],[30.99974,37.34338],[30.96944,37.35317],[30.92228,37.37378],[30.88976,37.4261],[30.81664,37.47239],[30.7653,37.5256],[30.73551,37.58426],[30.71583,37.65509],[30.65805,37.69881],[30.50424,37.71703],[30.4382,37.75437],[30.38153,37.81994],[30.32951,37.8399],[30.27369,37.81227],[30.19332,37.76217],[30.11439,37.71599],[30.05296,37.70568],[30.00294,37.75488],[30.11733,37.78725],[30.18296,37.83352],[30.18878,37.89117],[30.20922,37.95747],[30.27379,38.0216],[30.34427,38.0602],[30.51736,38.18641],[30.61013,38.23392],[30.72058,38.26151],[30.7944,38.2872],[30.84188,38.3321],[30.91454,38.38047],[31.09424,38.51487],[31.13811,38.50512],[31.19964,38.44957],[31.24583,38.41686],[31.25562,38.36682],[31.34992,38.3034],[31.49695,38.19988],[31.57802,38.15034],[31.61876,38.09999],[31.57492,38.05363],[31.47483,38.02069],[31.42307,37.96018],[31.43217,37.88123],[31.44885,37.77224],[31.41721,37.68852],[31.38703,37.60703],[31.36346,37.54112],[31.34395,37.44909],[31.24663,37.42236]]]]}},{"type":"Feature","properties":{"name":"Istanbul","iso":"TUR"},"geometry":{"type":"MultiPolygon","coordinates":[[[[29.11236,40.81792],[29.11181,40.81847],[29.11125,40.81931],[29.1107,40.81986],[29.11097,40.82042],[29.11431,40.81958],[29.11236,40.81792]]],[[[29.13541,40.87486],[29.13736,40.87431],[29.13764,40.8732],[29.13958,40.87264],[29.13903,40.86931],[29.13847,40.86847],[29.13792,40.86764],[29.13736,40.86709],[29.13681,40.86625],[29.13625,40.86542],[29.13569,40.86486],[29.13514,40.86403],[29.13458,40.86347],[29.13403,40.86264],[29.13347,40.86208],[29.13292,40.86153],[29.13236,40.8607],[29.13181,40.86014],[29.12958,40.85958],[29.12875,40.85903],[29.1282,40.85847],[29.12736,40.85792],[29.12653,40.85736],[29.12597,40.85597],[29.12597,40.85264],[29.12653,40.85042],[29.12708,40.84819],[29.12653,40.8457],[29.12597,40.84458],[29.12514,40.84403],[29.12542,40.84181],[29.12486,40.84125],[29.12542,40.84042],[29.12542,40.83875],[29.12486,40.83792],[29.12431,40.83681],[29.12375,40.83736],[29.12292,40.83792],[29.11375,40.83847],[29.11236,40.83958],[29.11181,40.84097],[29.11014,40.84153],[29.11014,40.84292],[29.11097,40.84347],[29.11236,40.84403],[29.11319,40.84458],[29.11375,40.84514],[29.11431,40.84681],[29.11375,40.84792],[29.11319,40.84903],[29.11264,40.85014],[29.11208,40.85069],[29.11153,40.85125],[29.11097,40.85209],[29.11014,40.85264],[29.10959,40.85375],[29.11014,40.85431],[29.11097,40.85486],[29.11153,40.85736],[29.11153,40.8582],[29.11097,40.85986],[29.10875,40.85986],[29.10681,40.86097],[29.10736,40.86153],[29.10875,40.86153],[29.11097,40.86153],[29.11208,40.86153],[29.11347,40.86208],[29.11431,40.86291],[29.11486,40.8657],[29.11403,40.86625],[29.11403,40.86736],[29.11458,40.87069],[29.11514,40.87125],[29.11708,40.87097],[29.11792,40.87153],[29.12097,40.87208],[29.12236,40.87264],[29.12375,40.8732],[29.12431,40.87375],[29.12514,40.87431],[29.12736,40.87486],[29.12792,40.87542],[29.13042,40.87542],[29.13541,40.87486]]],[[[28.99597,40.86403],[28.99514,40.86347],[28.99181,40.86291],[28.99125,40.86208],[28.99125,40.86458],[28.99097,40.86514],[28.99014,40.8657],[28.99181,40.8657],[28.99375,40.8657],[28.99458,40.86625],[28.99597,40.86625],[28.99597,40.86403]]],[[[29.09792,40.88458],[29.09847,40.88403],[29.09903,40.88347],[29.09958,40.88236],[29.10014,40.88153],[29.1007,40.88042],[29.10125,40.87958],[29.10181,40.87847],[29.10236,40.8768],[29.10264,40.87542],[29.10375,40.87403],[29.10458,40.8732],[29.10375,40.87264],[29.1032,40.87208],[29.10125,40.87153],[29.1007,40.87097],[29.10014,40.87042],[29.09903,40.86986],[29.09709,40.86931],[29.09458,40.86875],[29.09208,40.86875],[29.09014,40.86792],[29.08792,40.86847],[29.08681,40.86958],[29.08792,40.87069],[29.08708,40.87125],[29.08542,40.87125],[29.08403,40.87069],[29.0832,40.87014],[29.0832,40.86903],[29.08375,40.8682],[29.08375,40.86709],[29.07819,40.86764],[29.07486,40.86847],[29.07486,40.87014],[29.07542,40.87153],[29.07486,40.87208],[29.07486,40.8732],[29.07542,40.87403],[29.07625,40.87458],[29.07764,40.87514],[29.07819,40.87569],[29.07986,40.87625],[29.08069,40.8768],[29.08209,40.8768],[29.08458,40.87736],[29.08542,40.87792],[29.08653,40.87847],[29.08736,40.87903],[29.08819,40.87986],[29.08903,40.88042],[29.08986,40.88125],[29.08903,40.88181],[29.08847,40.88237],[29.09097,40.88347],[29.09153,40.88403],[29.09274,40.88486],[29.09306,40.88514],[29.09597,40.88514],[29.09709,40.88514],[29.09764,40.88458],[29.09792,40.88458]]],[[[29.14458,40.85403],[29.14542,40.85347],[29.14625,40.85264],[29.14681,40.85153],[29.14736,40.85069],[29.14792,40.84986],[29.14847,40.84764],[29.14486,40.84653],[29.14431,40.84708],[29.14375,40.84764],[29.14319,40.84819],[29.14264,40.84875],[29.14181,40.8493],[29.14125,40.84986],[29.14042,40.85042],[29.14097,40.85153],[29.14153,40.85264],[29.14208,40.8532],[29.14264,40.85403],[29.14319,40.85542],[29.14375,40.85597],[29.14431,40.85431],[29.14458,40.85403]]],[[[29.42034,40.94762],[29.27153,40.85736],[29.25653,40.86597],[29.23764,40.86986],[29.21208,40.87903],[29.1768,40.88681],[29.15514,40.90014],[29.13486,40.90986],[29.1232,40.92514],[29.11097,40.93819],[29.08819,40.95375],[29.06097,40.96264],[29.04014,40.96653],[29.02764,40.97931],[29.01736,40.99597],[29.00847,41.01208],[29.01292,41.02736],[29.03431,41.03986],[29.05292,41.05819],[29.06069,41.0757],[29.06764,41.10458],[29.09653,41.12041],[29.07931,41.13736],[29.07681,41.15625],[29.08792,41.17319],[29.11597,41.18653],[29.13014,41.20597],[29.14792,41.21208],[29.17319,41.22403],[29.21375,41.22125],[29.23069,41.22875],[29.25708,41.2318],[29.28514,41.2243],[29.32764,41.21708],[29.3693,41.21181],[29.40403,41.2093],[29.44431,41.19875],[29.48986,41.18847],[29.54486,41.17708],[29.60042,41.17153],[29.6043,41.17931],[29.6193,41.1782],[29.63847,41.17014],[29.67458,41.16153],[29.70736,41.1582],[29.73653,41.15736],[29.75792,41.15764],[29.78431,41.15708],[29.81403,41.1468],[29.85347,41.14014],[29.59856,41.0118],[29.42034,40.94762]]],[[[29.06097,40.88597],[29.06238,40.88569],[29.06542,40.88514],[29.06736,40.88514],[29.06847,40.88458],[29.06903,40.88403],[29.06986,40.88347],[29.07042,40.88292],[29.06959,40.88208],[29.07236,40.87986],[29.07125,40.87847],[29.0707,40.87792],[29.07014,40.87736],[29.06959,40.87653],[29.06903,40.87597],[29.06847,40.87542],[29.06764,40.87486],[29.06597,40.87431],[29.06431,40.87375],[29.06375,40.8732],[29.06292,40.87264],[29.06236,40.8732],[29.06181,40.87403],[29.06014,40.87458],[29.05792,40.87514],[29.05653,40.87458],[29.05541,40.87514],[29.0543,40.87569],[29.05347,40.87625],[29.05264,40.87736],[29.05319,40.87875],[29.05375,40.87931],[29.0543,40.88097],[29.05514,40.88153],[29.05597,40.88208],[29.05653,40.88264],[29.05653,40.8843],[29.05597,40.88514],[29.05459,40.88569],[29.05569,40.88653],[29.05736,40.88653],[29.05847,40.88653],[29.06042,40.88653],[29.06097,40.88597]]],[[[29.07875,40.88569],[29.07931,40.88514],[29.07986,40.88458],[29.07847,40.88347],[29.07764,40.88181],[29.07653,40.88125],[29.07597,40.88236],[29.07653,40.88542],[29.07708,40.88597],[29.07764,40.88653],[29.07819,40.88597],[29.07875,40.88569]]],[[[29.05264,40.91375],[29.05319,40.91319],[29.05403,40.91264],[29.05459,40.91208],[29.05514,40.91153],[29.05597,40.91097],[29.05708,40.90903],[29.05764,40.90764],[29.05764,40.90625],[29.05708,40.90542],[29.05653,40.90458],[29.05597,40.90375],[29.0543,40.90319],[29.05097,40.90264],[29.04514,40.90208],[29.04458,40.90264],[29.04514,40.90403],[29.04514,40.90514],[29.04347,40.90569],[29.04236,40.90625],[29.0418,40.90681],[29.04125,40.90736],[29.04069,40.90792],[29.04014,40.90847],[29.03958,40.90958],[29.03903,40.91097],[29.03958,40.91264],[29.04097,40.91319],[29.04236,40.91319],[29.04458,40.91375],[29.04736,40.91375],[29.04875,40.91431],[29.04925,40.91486],[29.05208,40.91403],[29.05264,40.91375]]],[[[28.97431,40.87514],[28.97348,40.87403],[28.97181,40.87403],[28.96986,40.87347],[28.96931,40.87403],[28.96931,40.87542],[28.97042,40.87597],[28.97153,40.87653],[28.97319,40.87708],[28.97403,40.87653],[28.97431,40.87514]]],[[[28.93736,41.04433],[28.96736,41.01986],[28.93597,41.00042],[28.90569,40.98042],[28.86347,40.97375],[28.82292,40.95681],[28.78486,40.97181],[28.74264,40.97347],[28.69069,40.97181],[28.65597,40.96292],[28.59653,40.97625],[28.58514,41.01792],[28.54625,40.99597],[28.50986,40.99875],[28.47347,41.02042],[28.42653,41.03931],[28.36014,41.05264],[28.28236,41.06292],[28.22264,41.07736],[28.1557,41.06903],[28.22577,41.49311],[28.21903,41.52458],[28.25653,41.50764],[28.29764,41.48653],[28.34181,41.46875],[28.3868,41.44958],[28.43431,41.42986],[28.48569,41.41097],[28.53431,41.3918],[28.57819,41.37375],[28.61958,41.35486],[28.67792,41.34431],[28.70903,41.33181],[28.75375,41.32125],[28.78542,41.30236],[28.82514,41.29375],[28.86764,41.28181],[28.92597,41.27042],[28.97986,41.25264],[29.04181,41.2557],[29.07486,41.25019],[29.09819,41.24292],[29.10792,41.22181],[29.08875,41.19653],[29.05931,41.16847],[29.05375,41.14597],[29.06569,41.11653],[29.04875,41.07903],[29.02597,41.04681],[28.98486,41.02653],[28.94791,41.04264],[28.93847,41.05542],[28.93736,41.04433]]]]}},{"type":"Feature","properties":{"name":"Izmir","iso":"TUR"},"geometry":{"type":"MultiPolygon","coordinates":[[[[26.43931,38.18764],[26.43986,38.18708],[26.44042,38.18625],[26.43986,38.18319],[26.43764,38.18264],[26.43681,38.18319],[26.43625,38.18486],[26.43625,38.18625],[26.43681,38.18736],[26.43736,38.18792],[26.43847,38.18819],[26.43931,38.18764]]],[[[26.43431,38.19792],[26.43431,38.19653],[26.43431,38.19514],[26.43431,38.19375],[26.43347,38.1932],[26.43097,38.1932],[26.42931,38.19375],[26.42792,38.19431],[26.42875,38.19569],[26.42986,38.19625],[26.43042,38.1968],[26.43097,38.19736],[26.43153,38.19792],[26.43208,38.19847],[26.43375,38.19847],[26.43431,38.19792]]],[[[26.45236,38.20014],[26.45181,38.19931],[26.45125,38.19847],[26.45014,38.19792],[26.44931,38.19736],[26.44848,38.1968],[26.44681,38.19597],[26.44597,38.1968],[26.44514,38.19819],[26.4432,38.19819],[26.44181,38.19819],[26.44236,38.19959],[26.44292,38.20014],[26.44514,38.20014],[26.44625,38.2007],[26.44848,38.20042],[26.45042,38.20097],[26.45181,38.20097],[26.45264,38.20014],[26.45236,38.20014]]],[[[26.46014,38.20042],[26.39208,38.23903],[26.31042,38.23903],[26.28181,38.30042],[26.3082,38.36736],[26.36681,38.30764],[26.43153,38.34347],[26.45042,38.42688],[26.48347,38.45375],[26.40486,38.48681],[26.37096,38.55785],[26.40458,38.67236],[26.52542,38.63319],[26.60236,38.53708],[26.59069,38.46292],[26.62986,38.38375],[26.67847,38.34819],[26.71208,38.43181],[26.76764,38.36625],[26.98125,38.39721],[27.1264,38.41986],[27.12792,38.46041],[27.00958,38.45931],[26.94875,38.44542],[26.86014,38.51597],[26.84125,38.55986],[26.81653,38.58931],[26.73931,38.64542],[26.72903,38.69486],[26.79736,38.74847],[26.89681,38.74875],[26.89208,38.82292],[26.96875,38.83042],[27.05931,38.86681],[27.03069,38.93458],[26.93903,38.93819],[26.81764,38.93847],[26.80264,39.03375],[26.87153,39.10375],[27.16702,39.41016],[27.26339,37.91097],[27.1843,37.98792],[27.06514,38.03542],[26.90125,38.06236],[26.84431,38.11097],[26.76986,38.17708],[26.73097,38.20681],[26.63903,38.20042],[26.59931,38.10597],[26.52153,38.14153],[26.46125,38.19403],[26.46014,38.20042]]],[[[26.77125,38.20014],[26.77208,38.19959],[26.77125,38.19819],[26.76959,38.19819],[26.76903,38.19931],[26.76875,38.2007],[26.77014,38.2007],[26.77125,38.20014]]],[[[26.67931,38.33236],[26.67875,38.32986],[26.6782,38.32986],[26.67653,38.33042],[26.67486,38.32986],[26.6743,38.3293],[26.6743,38.33125],[26.6743,38.33209],[26.67653,38.33264],[26.67709,38.33347],[26.67875,38.33347],[26.67931,38.33236]]],[[[26.77181,38.40986],[26.77292,38.40931],[26.77347,38.40875],[26.77347,38.40736],[26.77208,38.40681],[26.77153,38.40625],[26.77097,38.40569],[26.77014,38.40458],[26.76959,38.40458],[26.76959,38.40569],[26.76903,38.40792],[26.76848,38.40847],[26.76848,38.41042],[26.77042,38.41042],[26.77181,38.40986]]],[[[26.20986,38.29597],[26.21042,38.29542],[26.21097,38.29375],[26.21097,38.29264],[26.2107,38.29097],[26.20958,38.2907],[26.20875,38.29125],[26.2082,38.29208],[26.20764,38.29458],[26.20709,38.29709],[26.20903,38.29736],[26.20986,38.29597]]],[[[26.45486,38.36764],[26.45542,38.36709],[26.45597,38.36542],[26.45653,38.36458],[26.45736,38.36375],[26.45792,38.36319],[26.45736,38.36042],[26.45625,38.35986],[26.45347,38.35931],[26.45236,38.35931],[26.45153,38.35986],[26.4507,38.36042],[26.44986,38.36097],[26.44903,38.36181],[26.44736,38.36236],[26.44681,38.36292],[26.44625,38.36375],[26.44625,38.36486],[26.44681,38.36542],[26.44792,38.36625],[26.44875,38.36681],[26.44958,38.36736],[26.45264,38.36792],[26.45403,38.36847],[26.45458,38.36792],[26.45486,38.36764]]],[[[26.46736,38.38097],[26.46681,38.37931],[26.46681,38.37597],[26.46597,38.37514],[26.46458,38.37458],[26.4632,38.37458],[26.46125,38.37458],[26.4618,38.37569],[26.46236,38.37653],[26.46292,38.37708],[26.46347,38.37792],[26.46403,38.37847],[26.46486,38.37903],[26.46542,38.38042],[26.46597,38.38181],[26.46653,38.38181],[26.46736,38.38097]]],[[[26.45014,38.38958],[26.4507,38.38875],[26.4507,38.38736],[26.45014,38.38653],[26.44903,38.38569],[26.44848,38.38653],[26.44792,38.38736],[26.44792,38.38958],[26.44848,38.39014],[26.44958,38.39014],[26.45014,38.38958]]],[[[26.44931,38.39264],[26.44848,38.3918],[26.44736,38.39125],[26.44653,38.39125],[26.44708,38.39264],[26.44764,38.3932],[26.4482,38.39431],[26.44958,38.39486],[26.44958,38.3932],[26.44931,38.39264]]],[[[26.46569,38.40153],[26.46625,38.4007],[26.46569,38.39931],[26.46625,38.39847],[26.46625,38.39708],[26.46597,38.39542],[26.4665,38.39486],[26.46681,38.39428],[26.46764,38.39236],[26.46814,38.3918],[26.46847,38.39119],[26.46792,38.38986],[26.46736,38.3893],[26.46736,38.38792],[26.46542,38.38709],[26.46431,38.38709],[26.46375,38.38958],[26.4632,38.39042],[26.46264,38.39153],[26.46208,38.39236],[26.46208,38.39431],[26.46153,38.39542],[26.46208,38.39819],[26.46264,38.40153],[26.46403,38.40236],[26.46514,38.40236],[26.46569,38.40153]]],[[[26.46903,38.39542],[26.4682,38.39625],[26.46708,38.39681],[26.46764,38.39847],[26.4682,38.40014],[26.46931,38.39792],[26.46931,38.3957],[26.46903,38.39542]]],[[[26.49264,38.40431],[26.4918,38.40375],[26.49014,38.40375],[26.49014,38.40486],[26.49153,38.40542],[26.49292,38.40486],[26.49264,38.40431]]],[[[26.85653,38.04514],[26.85542,38.0443],[26.85375,38.04542],[26.85486,38.04653],[26.85708,38.0457],[26.85653,38.04514]]],[[[26.80347,38.15097],[26.80292,38.14958],[26.80208,38.15125],[26.80264,38.15264],[26.80347,38.15319],[26.80403,38.15208],[26.80347,38.15097]]],[[[26.80486,38.16069],[26.80431,38.16014],[26.80375,38.15958],[26.80319,38.15819],[26.80264,38.15764],[26.80181,38.15708],[26.80069,38.15764],[26.80125,38.16069],[26.80181,38.16208],[26.80236,38.16264],[26.80403,38.16264],[26.80597,38.16264],[26.80542,38.16153],[26.80486,38.16069]]],[[[26.97431,38.43819],[26.97375,38.43681],[26.97209,38.43597],[26.9707,38.43458],[26.96903,38.43514],[26.96847,38.43597],[26.96903,38.43653],[26.97014,38.43587],[26.9707,38.43681],[26.97125,38.43736],[26.97153,38.43847],[26.97153,38.44125],[26.97209,38.44208],[26.97375,38.44209],[26.97403,38.44014],[26.97458,38.43847],[26.97431,38.43819]]],[[[26.92458,38.4468],[26.92708,38.44597],[26.92764,38.44486],[26.92597,38.44542],[26.92375,38.44736],[26.92292,38.44792],[26.92347,38.44792],[26.92431,38.44708],[26.92458,38.4468]]],[[[26.79042,38.3768],[26.79097,38.37625],[26.79125,38.37458],[26.78958,38.37375],[26.78875,38.37236],[26.7882,38.37097],[26.78764,38.37014],[26.78681,38.36958],[26.78597,38.36875],[26.78542,38.3682],[26.78486,38.36736],[26.78375,38.36736],[26.78292,38.36919],[26.78292,38.36986],[26.78347,38.37125],[26.78403,38.37208],[26.78486,38.37264],[26.78542,38.37347],[26.78486,38.37403],[26.78486,38.37569],[26.78542,38.37625],[26.78625,38.3768],[26.78708,38.37736],[26.78958,38.37792],[26.78986,38.37736],[26.79042,38.3768]]],[[[26.79153,38.39875],[26.79208,38.39736],[26.79264,38.39625],[26.79208,38.39542],[26.7907,38.39486],[26.78847,38.39431],[26.78792,38.39375],[26.78653,38.3932],[26.78542,38.3932],[26.78459,38.39375],[26.78403,38.39431],[26.78403,38.39597],[26.78459,38.39653],[26.78514,38.39708],[26.78569,38.39764],[26.78625,38.39819],[26.78736,38.39875],[26.78847,38.39931],[26.78931,38.39986],[26.7907,38.39931],[26.79153,38.39875]]],[[[26.79708,38.41319],[26.79764,38.4118],[26.7982,38.41042],[26.79875,38.40958],[26.79931,38.40736],[26.79875,38.40681],[26.79653,38.40736],[26.79486,38.40736],[26.79431,38.40653],[26.79292,38.4082],[26.79236,38.40958],[26.79236,38.41125],[26.79292,38.4118],[26.79347,38.41347],[26.79403,38.41458],[26.79486,38.41514],[26.79569,38.41514],[26.79681,38.41347],[26.79708,38.41319]]],[[[26.8532,38.53368],[26.85458,38.53264],[26.85125,38.5332],[26.84959,38.53375],[26.84903,38.53431],[26.85097,38.53431],[26.85314,38.53375],[26.8532,38.53368]]],[[[26.86292,38.53431],[26.85847,38.53347],[26.85792,38.53486],[26.85847,38.53597],[26.85958,38.53653],[26.85986,38.53569],[26.85931,38.53431],[26.86125,38.53514],[26.86292,38.53431]]],[[[26.81958,38.54347],[26.82069,38.54292],[26.82125,38.54208],[26.8232,38.53986],[26.82375,38.54014],[26.82458,38.53931],[26.82403,38.53792],[26.82458,38.53736],[26.82514,38.53792],[26.82625,38.53792],[26.82542,38.53736],[26.82486,38.53597],[26.82431,38.53542],[26.82486,38.53542],[26.82597,38.53486],[26.82653,38.53403],[26.82736,38.53347],[26.82736,38.53292],[26.82486,38.53208],[26.8243,38.53264],[26.8232,38.5332],[26.82264,38.53431],[26.82125,38.53514],[26.82069,38.53569],[26.82014,38.53625],[26.81931,38.53653],[26.81875,38.53708],[26.8182,38.53792],[26.81764,38.53875],[26.81708,38.53959],[26.81625,38.54014],[26.8157,38.54208],[26.81514,38.54292],[26.81458,38.54347],[26.81403,38.5443],[26.81458,38.54486],[26.81597,38.54542],[26.81681,38.54597],[26.81764,38.54653],[26.81875,38.54709],[26.81931,38.54764],[26.81986,38.5482],[26.82097,38.54875],[26.82042,38.54792],[26.81986,38.54736],[26.81931,38.54681],[26.81903,38.54625],[26.81847,38.54542],[26.81903,38.54458],[26.81958,38.54347]]],[[[26.88403,38.85542],[26.8857,38.85486],[26.88681,38.85431],[26.88736,38.85375],[26.88792,38.85264],[26.88792,38.85153],[26.88792,38.84958],[26.88736,38.84736],[26.88681,38.84681],[26.88542,38.84625],[26.88319,38.84597],[26.88236,38.84792],[26.87986,38.84708],[26.87931,38.84653],[26.87847,38.84708],[26.87625,38.84792],[26.87625,38.85208],[26.87709,38.85292],[26.87764,38.85347],[26.87903,38.85403],[26.88042,38.85458],[26.88181,38.85542],[26.88236,38.85625],[26.88319,38.85625],[26.88375,38.85569],[26.88403,38.85542]]],[[[26.3093,38.42153],[26.30986,38.41986],[26.31069,38.41819],[26.31208,38.41764],[26.31264,38.41819],[26.31458,38.41819],[26.31542,38.41708],[26.31486,38.4157],[26.31431,38.41514],[26.31347,38.41458],[26.31014,38.41486],[26.3093,38.41625],[26.30875,38.41708],[26.30792,38.4193],[26.30792,38.4207],[26.30736,38.42236],[26.30792,38.42319],[26.30875,38.42292],[26.3093,38.42153]]],[[[26.38736,38.43514],[26.38764,38.43431],[26.3882,38.43292],[26.38764,38.43208],[26.38708,38.43264],[26.38625,38.43153],[26.38542,38.4307],[26.38625,38.42986],[26.38708,38.42903],[26.38764,38.42708],[26.3882,38.42656],[26.38875,38.42597],[26.38958,38.42542],[26.38958,38.42486],[26.38958,38.42236],[26.38514,38.42236],[26.38347,38.42292],[26.38264,38.42347],[26.38125,38.42347],[26.38014,38.42431],[26.37958,38.42542],[26.37847,38.42542],[26.37764,38.42542],[26.37625,38.42486],[26.37569,38.42708],[26.37347,38.42708],[26.37292,38.42708],[26.37347,38.42847],[26.37319,38.42931],[26.37403,38.43181],[26.37514,38.43236],[26.37542,38.43208],[26.37653,38.43292],[26.37792,38.43264],[26.37931,38.43264],[26.3807,38.43319],[26.38153,38.43514],[26.38264,38.4357],[26.38375,38.43625],[26.38653,38.4357],[26.38736,38.43514]]],[[[26.37181,38.43653],[26.37264,38.4357],[26.37319,38.43514],[26.37375,38.43458],[26.37347,38.43403],[26.37292,38.43236],[26.37181,38.43181],[26.37125,38.42986],[26.3707,38.42903],[26.36931,38.42847],[26.36847,38.42736],[26.36764,38.42736],[26.36764,38.42792],[26.36681,38.42903],[26.36681,38.42986],[26.36736,38.43181],[26.36792,38.43375],[26.36792,38.43486],[26.36736,38.4357],[26.36847,38.43764],[26.36986,38.43708],[26.37181,38.43653]]],[[[26.3607,38.45542],[26.36125,38.45236],[26.36014,38.44986],[26.36181,38.44875],[26.36292,38.44736],[26.36292,38.44347],[26.36181,38.44069],[26.35931,38.43986],[26.35792,38.43875],[26.35819,38.43681],[26.35819,38.43431],[26.35597,38.43181],[26.35764,38.42959],[26.35514,38.42708],[26.35403,38.42542],[26.35125,38.42569],[26.34986,38.42681],[26.34931,38.42847],[26.35042,38.43042],[26.35125,38.43181],[26.34958,38.4307],[26.34736,38.42875],[26.34569,38.42736],[26.34403,38.42903],[26.34236,38.42986],[26.34069,38.43014],[26.34014,38.42792],[26.34014,38.42486],[26.33847,38.4232],[26.33708,38.42653],[26.33458,38.42847],[26.3357,38.42403],[26.33347,38.42209],[26.33125,38.42292],[26.33014,38.42458],[26.32875,38.42625],[26.32736,38.42736],[26.32764,38.43014],[26.32875,38.43264],[26.32903,38.43486],[26.32792,38.4357],[26.32597,38.43681],[26.32486,38.44042],[26.32708,38.44125],[26.32847,38.44347],[26.33125,38.44486],[26.33708,38.44597],[26.33903,38.44708],[26.34292,38.44819],[26.34403,38.45014],[26.34597,38.45153],[26.34736,38.45264],[26.34819,38.45403],[26.35208,38.45514],[26.35681,38.45514],[26.35986,38.45625],[26.3607,38.45542]]],[[[26.78375,38.41681],[26.78486,38.41625],[26.78569,38.41542],[26.78514,38.41458],[26.7818,38.41514],[26.78097,38.4157],[26.78042,38.41708],[26.78097,38.41764],[26.78153,38.41819],[26.7832,38.41736],[26.78375,38.41681]]],[[[26.76875,38.45458],[26.77042,38.45458],[26.77153,38.45403],[26.77264,38.45347],[26.7732,38.45264],[26.7732,38.45187],[26.77264,38.4507],[26.77208,38.44903],[26.77208,38.44792],[26.77292,38.44736],[26.77375,38.4468],[26.77486,38.44597],[26.77486,38.44514],[26.77542,38.44431],[26.77597,38.4432],[26.77597,38.44097],[26.77486,38.44014],[26.77347,38.43958],[26.77153,38.43903],[26.76959,38.43847],[26.76869,38.43792],[26.76792,38.43736],[26.76736,38.43653],[26.76681,38.43597],[26.76625,38.43542],[26.76458,38.43486],[26.7632,38.43542],[26.76236,38.43625],[26.7618,38.43736],[26.7607,38.43792],[26.75986,38.43847],[26.75903,38.43903],[26.75847,38.43986],[26.75792,38.44181],[26.75847,38.44264],[26.75903,38.44514],[26.75903,38.44653],[26.75958,38.44764],[26.75958,38.45208],[26.75958,38.45347],[26.7607,38.45403],[26.76347,38.45458],[26.76542,38.4543],[26.76653,38.45486],[26.76736,38.45542],[26.76792,38.45486],[26.76875,38.45458]]],[[[26.70014,38.54597],[26.70208,38.54236],[26.70486,38.54153],[26.7107,38.54292],[26.71569,38.54097],[26.71792,38.53764],[26.72125,38.53486],[26.72542,38.53292],[26.72931,38.52903],[26.72847,38.52375],[26.73125,38.51903],[26.73347,38.51514],[26.73264,38.51292],[26.73153,38.5093],[26.73153,38.50486],[26.73153,38.50042],[26.73208,38.49486],[26.73597,38.49264],[26.74486,38.49264],[26.74347,38.48903],[26.74597,38.48486],[26.74903,38.48208],[26.74792,38.47736],[26.74736,38.46958],[26.74514,38.46597],[26.74292,38.45958],[26.73792,38.45986],[26.73097,38.45875],[26.72458,38.46042],[26.72375,38.46181],[26.72597,38.46764],[26.72764,38.47125],[26.72431,38.47125],[26.71764,38.47292],[26.71403,38.47514],[26.71153,38.47542],[26.70792,38.47736],[26.7032,38.47542],[26.69875,38.47597],[26.69514,38.4782],[26.69458,38.4857],[26.69292,38.49514],[26.69403,38.50236],[26.69514,38.50847],[26.69403,38.51347],[26.69514,38.51959],[26.69986,38.51986],[26.70264,38.52403],[26.70208,38.53042],[26.70458,38.53403],[26.70542,38.53819],[26.7018,38.54014],[26.69903,38.54347],[26.69875,38.54709],[26.70014,38.54597]]],[[[26.5232,38.65292],[26.52431,38.65236],[26.52514,38.65181],[26.52569,38.65125],[26.52625,38.65042],[26.52681,38.64986],[26.52514,38.65042],[26.52403,38.65153],[26.52292,38.65208],[26.52208,38.65292],[26.52153,38.65375],[26.52208,38.65375],[26.52264,38.65319],[26.5232,38.65292]]],[[[26.51903,38.65931],[26.51986,38.65792],[26.51875,38.65736],[26.51819,38.65681],[26.51431,38.65681],[26.51375,38.65625],[26.51153,38.65681],[26.5107,38.65764],[26.5107,38.65903],[26.51181,38.65958],[26.51236,38.66042],[26.5132,38.66097],[26.51431,38.66153],[26.51486,38.66264],[26.51597,38.66319],[26.51875,38.66292],[26.51875,38.65958],[26.51903,38.65931]]],[[[26.72681,38.67597],[26.72764,38.67542],[26.72847,38.67458],[26.72931,38.67403],[26.72931,38.67209],[26.72875,38.67097],[26.72792,38.67014],[26.72625,38.6707],[26.7257,38.67125],[26.72514,38.67209],[26.72458,38.67347],[26.72403,38.67403],[26.72347,38.67458],[26.72347,38.67569],[26.72403,38.67625],[26.72458,38.67681],[26.7257,38.67681],[26.72625,38.67625],[26.72681,38.67597]]],[[[26.71847,38.67625],[26.71709,38.67569],[26.71625,38.67514],[26.71569,38.67458],[26.71486,38.67403],[26.71375,38.67347],[26.71264,38.67347],[26.71181,38.67403],[26.71125,38.67542],[26.71236,38.67597],[26.71319,38.67653],[26.71403,38.67708],[26.71541,38.67764],[26.71736,38.6782],[26.71847,38.67736],[26.71847,38.67625]]],[[[26.88347,38.02347],[26.88458,38.02292],[26.88431,38.02181],[26.88347,38.02097],[26.8807,38.02042],[26.8807,38.02292],[26.88125,38.02403],[26.88181,38.02403],[26.88347,38.02347]]],[[[27.0143,38.04403],[27.01292,38.04319],[27.01208,38.04375],[27.01236,38.04486],[27.01403,38.0457],[27.01458,38.0443],[27.0143,38.04403]]],[[[26.71042,38.70097],[26.71097,38.69986],[26.71181,38.69903],[26.71236,38.69819],[26.71319,38.69736],[26.71375,38.69653],[26.71458,38.69569],[26.71569,38.69514],[26.71709,38.69347],[26.71875,38.69292],[26.71958,38.69292],[26.72153,38.69347],[26.72403,38.69375],[26.72514,38.6932],[26.7257,38.69208],[26.72514,38.69014],[26.72403,38.6893],[26.72292,38.68792],[26.72208,38.68653],[26.72014,38.68708],[26.71931,38.68764],[26.7182,38.68819],[26.71736,38.68875],[26.71653,38.6893],[26.71541,38.68986],[26.71403,38.69042],[26.71264,38.69097],[26.71208,38.69153],[26.71153,38.69208],[26.70986,38.69181],[26.70875,38.69181],[26.70792,38.69403],[26.70736,38.69458],[26.70792,38.69653],[26.70764,38.69875],[26.7082,38.69931],[26.7082,38.70097],[26.70903,38.70264],[26.70958,38.70264],[26.71042,38.70097]]],[[[26.70986,38.71569],[26.70986,38.71486],[26.70986,38.71375],[26.70931,38.71292],[26.70875,38.71236],[26.70792,38.71097],[26.70792,38.71347],[26.70847,38.71431],[26.70903,38.71653],[26.70958,38.71597],[26.70986,38.71569]]],[[[26.73319,38.7318],[26.73181,38.73264],[26.73236,38.73347],[26.73375,38.73403],[26.73431,38.73347],[26.73319,38.7318]]],[[[26.7882,39.01069],[26.78875,39.0093],[26.78875,39.00847],[26.7882,39.00792],[26.7882,39.00597],[26.78764,39.00514],[26.78681,39.00403],[26.78681,39.00264],[26.78597,39.0018],[26.78542,39.00097],[26.78403,39.00014],[26.78347,39.00097],[26.78292,39.00403],[26.78347,39.00625],[26.78264,39.00764],[26.78097,39.00764],[26.78042,39.00847],[26.78153,39.0093],[26.78208,39.01097],[26.7832,39.01153],[26.78569,39.01153],[26.78625,39.01209],[26.78764,39.01209],[26.7882,39.01069]]],[[[26.83486,38.90764],[26.83542,38.90625],[26.83625,38.90569],[26.83709,38.90514],[26.83847,38.90431],[26.83931,38.90319],[26.83931,38.90125],[26.83709,38.90125],[26.83597,38.90181],[26.83514,38.90236],[26.83431,38.90292],[26.83347,38.90403],[26.83264,38.90486],[26.83208,38.90597],[26.83208,38.90708],[26.83292,38.90792],[26.83403,38.90847],[26.83458,38.90792],[26.83486,38.90764]]],[[[26.81264,38.92597],[26.81403,38.92542],[26.81486,38.92403],[26.81542,38.92292],[26.81625,38.92236],[26.82042,38.92292],[26.82208,38.92347],[26.82291,38.92347],[26.82431,38.92347],[26.82542,38.92292],[26.82597,38.92181],[26.82653,38.91958],[26.82486,38.91625],[26.82431,38.9157],[26.82375,38.91459],[26.82303,38.91403],[26.82208,38.91403],[26.82208,38.91348],[26.82291,38.91264],[26.82236,38.91153],[26.82014,38.91042],[26.81903,38.91097],[26.81736,38.91153],[26.81681,38.91208],[26.81597,38.91264],[26.81542,38.91347],[26.81458,38.91459],[26.81236,38.91459],[26.81097,38.91375],[26.81014,38.91459],[26.80903,38.91542],[26.8082,38.91597],[26.80681,38.91681],[26.80653,38.91792],[26.80959,38.91847],[26.80986,38.91903],[26.8107,38.91986],[26.81125,38.92236],[26.81181,38.9232],[26.80959,38.92292],[26.80875,38.92347],[26.80708,38.92708],[26.80847,38.92736],[26.81208,38.92736],[26.81264,38.92653],[26.81264,38.92597]]],[[[26.80514,38.93653],[26.8057,38.93514],[26.8057,38.93375],[26.80458,38.93458],[26.80458,38.93542],[26.80347,38.93764],[26.80458,38.93708],[26.80514,38.93653]]],[[[26.79931,39.01014],[26.79875,39.00958],[26.7982,39.00847],[26.79764,39.0057],[26.79708,39.00514],[26.79653,39.00208],[26.79598,39.00153],[26.79569,39.00014],[26.79653,38.99875],[26.79653,38.99736],[26.79598,38.99681],[26.79514,38.99625],[26.79458,38.99597],[26.79236,38.99653],[26.79153,38.99708],[26.79153,38.99931],[26.79097,39.00005],[26.79153,39.00097],[26.79208,39.00208],[26.79264,39.00319],[26.79319,39.00458],[26.79319,39.00653],[26.79319,39.00847],[26.79375,39.0093],[26.79431,39.00986],[26.79569,39.01042],[26.79681,39.01097],[26.79894,39.01097],[26.79958,39.01014],[26.79931,39.01014]]],[[[26.89375,38.86486],[26.89319,38.86292],[26.89236,38.86208],[26.89125,38.86431],[26.89181,38.86542],[26.89236,38.86653],[26.89319,38.86597],[26.89375,38.86486]]],[[[27.04014,38.88569],[27.04125,38.88653],[27.0382,38.8843],[27.03986,38.88542],[27.04014,38.88569]]]]}},{"type":"Feature","properties":{"name":"K. Maras","iso":"TUR"},"geometry":{"type":"MultiPolygon","coordinates":[[[[37.62296,37.51213],[37.59473,37.39748],[37.51622,37.38173],[37.39157,37.36997],[37.29439,37.35154],[37.19588,37.33517],[37.11106,37.29223],[37.05196,37.23854],[36.97596,37.2235],[36.94824,37.27607],[36.93052,37.34513],[36.9024,37.36701],[36.84351,37.33431],[36.77514,37.29491],[36.67939,37.31153],[36.60214,37.3949],[36.55517,37.40328],[36.47433,37.37074],[36.38666,37.35015],[36.25526,37.36343],[36.23679,37.40794],[36.21391,37.49193],[36.23384,37.55059],[36.28969,37.6243],[36.32976,37.69868],[36.36252,37.76446],[36.31717,37.86907],[36.33398,37.99077],[36.37332,38.08223],[36.39611,38.1597],[36.41896,38.22038],[36.44863,38.27855],[36.50912,38.32291],[36.55721,38.37079],[36.61947,38.44267],[36.6787,38.50409],[36.70501,38.5787],[36.77174,38.59737],[36.88873,38.61995],[36.96682,38.61999],[37.05989,38.57819],[37.25169,38.5936],[37.27408,38.5544],[37.20146,38.50159],[37.19355,38.46462],[37.26725,38.46557],[37.44413,38.45333],[37.54937,38.41661],[37.66317,38.36879],[37.75928,38.32661],[37.77407,38.22706],[37.74167,38.16354],[37.71606,38.09433],[37.68741,38.0219],[37.64288,37.94021],[37.59707,37.85897],[37.5468,37.79939],[37.50868,37.76039],[37.43454,37.71383],[37.41376,37.66211],[37.43944,37.59454],[37.53224,37.5663],[37.62296,37.51213]]]]}},{"type":"Feature","properties":{"name":"Karabük","iso":"TUR"},"geometry":{"type":"MultiPolygon","coordinates":[[[[32.51101,40.85793],[32.48482,40.87462],[32.4458,40.88725],[32.41231,40.8929],[32.37646,40.90467],[32.32302,40.93009],[32.28376,40.94971],[32.21717,41.00728],[32.17868,41.01603],[32.092,41.01837],[32.09092,41.06752],[32.10385,41.09791],[32.12268,41.14619],[32.14834,41.16673],[32.20261,41.19817],[32.24168,41.21474],[32.29877,41.23664],[32.33451,41.23979],[32.38916,41.24796],[32.42741,41.25708],[32.43109,41.26319],[32.49186,41.29233],[32.55734,41.31914],[32.60329,41.33632],[32.64523,41.36643],[32.6605,41.38569],[32.67427,41.41794],[32.68842,41.45024],[32.70807,41.4705],[32.75563,41.48917],[32.77547,41.51385],[32.79364,41.52718],[32.80634,41.52807],[32.81598,41.52032],[32.87092,41.53266],[32.93851,41.55235],[32.96035,41.53941],[32.9894,41.49467],[33.01918,41.44806],[33.03535,41.40308],[33.01094,41.37085],[32.96613,41.3433],[32.94767,41.32916],[32.9189,41.28511],[32.91733,41.21457],[32.93906,41.19277],[32.9837,41.17492],[33.03193,41.13593],[33.04898,41.11346],[33.06355,41.06561],[33.0176,41.01653],[32.98586,41.00863],[32.92575,40.99701],[32.88424,40.99134],[32.80984,40.97366],[32.74372,40.97083],[32.71243,40.96163],[32.68296,40.95364],[32.61998,40.90715],[32.59292,40.89541],[32.51573,40.84922],[32.51101,40.85793]]]]}},{"type":"Feature","properties":{"name":"Karaman","iso":"TUR"},"geometry":{"type":"MultiPolygon","coordinates":[[[[32.48903,36.59575],[32.45555,36.68302],[32.47058,36.75113],[32.58422,36.77976],[32.65617,36.814],[32.74813,36.85089],[32.7857,36.91822],[32.6951,36.93579],[32.6164,36.94893],[32.5618,37.00485],[32.62166,37.06358],[32.67567,37.13832],[32.68676,37.20847],[32.76184,37.23322],[32.84116,37.21238],[32.86657,37.25641],[32.87273,37.30338],[32.91761,37.36951],[33.02698,37.38543],[33.0979,37.43116],[33.14751,37.45632],[33.29631,37.37743],[33.35382,37.37535],[33.38956,37.41146],[33.42764,37.48492],[33.49506,37.54654],[33.61517,37.59312],[33.72614,37.60812],[33.7655,37.53134],[33.80581,37.45414],[33.82705,37.38631],[33.88277,37.33658],[33.92744,37.27792],[33.99359,37.25911],[34.08226,37.24483],[34.18077,37.18979],[34.17582,37.15951],[34.08533,37.13005],[33.97218,37.11984],[33.89613,37.07602],[33.81503,37.04612],[33.75039,37.02803],[33.71294,37.03514],[33.64284,37.04773],[33.57518,37.01948],[33.52961,37.00298],[33.37125,36.99218],[33.27768,36.94976],[33.18468,36.89218],[33.10317,36.84801],[33.02798,36.82499],[32.96965,36.78152],[33.02362,36.69815],[33.10625,36.63067],[33.19016,36.59799],[33.23061,36.55921],[33.19297,36.52161],[33.13233,36.49897],[33.05965,36.47045],[33.00941,36.46255],[32.93791,36.45362],[32.85873,36.43898],[32.77208,36.43415],[32.66227,36.44537],[32.59128,36.48888],[32.54255,36.52381],[32.50061,36.56854],[32.48903,36.59575]]]]}},{"type":"Feature","properties":{"name":"Kars","iso":"TUR"},"geometry":{"type":"MultiPolygon","coordinates":[[[[42.8833,39.95424],[42.77235,39.93596],[42.68686,39.91628],[42.56636,39.94755],[42.50702,40.03232],[42.43645,40.08795],[42.35836,40.1357],[42.26634,40.15057],[42.19703,40.17418],[42.14047,40.25068],[42.15675,40.29069],[42.23672,40.31197],[42.34629,40.3456],[42.4666,40.392],[42.53647,40.43909],[42.55565,40.51896],[42.57049,40.60542],[42.61486,40.64112],[42.71456,40.68383],[42.82512,40.7097],[42.87096,40.77633],[42.88828,40.88821],[42.94596,40.94334],[43.04219,40.97047],[43.12628,40.98911],[43.21898,41.02573],[43.26223,41.09015],[43.28056,41.18324],[43.37068,41.20207],[43.4101,41.18692],[43.45105,41.16719],[43.44978,41.09215],[43.47171,41.04491],[43.5236,41.00827],[43.59941,40.98563],[43.67624,40.9277],[43.67356,40.88174],[43.70677,40.81746],[43.74188,40.69825],[43.74062,40.66729],[43.68649,40.593],[43.63186,40.53735],[43.60827,40.51783],[43.5538,40.4642],[43.60852,40.43391],[43.60342,40.37883],[43.63993,40.28234],[43.68226,40.25438],[43.65989,40.22939],[43.61976,40.19818],[43.49313,40.18397],[43.38527,40.16941],[43.39331,40.13175],[43.35802,40.10446],[43.30936,40.11085],[43.29314,40.06836],[43.35065,39.97725],[43.26202,39.98243],[43.18399,39.99725],[43.09636,40.00714],[42.98541,39.98196],[42.8833,39.95424]]]]}},{"type":"Feature","properties":{"name":"Kastamonu","iso":"TUR"},"geometry":{"type":"MultiPolygon","coordinates":[[[[33.75084,41.07141],[32.92013,41.20565],[32.68264,41.83541],[32.7168,41.84819],[32.75125,41.84792],[32.77542,41.85597],[32.81875,41.85625],[32.84375,41.86069],[32.86597,41.86486],[32.91486,41.87375],[32.94986,41.8843],[32.97986,41.89486],[32.97736,41.90042],[32.99736,41.91014],[33.02347,41.91958],[33.04542,41.9318],[33.08514,41.93903],[33.11875,41.94792],[33.14542,41.95153],[33.1707,41.95875],[33.19042,41.96792],[33.21014,41.9782],[33.24597,41.98569],[33.27347,41.99514],[33.30153,42.00875],[33.3293,42.01847],[33.36014,42.01792],[33.38458,42.01597],[33.41208,42.00958],[33.44708,42.01097],[33.47236,42.00653],[33.50597,42.00347],[33.54153,41.9982],[33.57764,41.9907],[33.61875,41.9857],[33.66153,41.98431],[33.71792,41.98014],[33.76431,41.9818],[33.77514,41.97486],[33.80792,41.97569],[33.86069,41.9743],[33.90097,41.97219],[33.93625,41.9743],[33.98458,41.97986],[34.04681,41.98208],[34.08792,41.97847],[34.13042,41.97153],[34.16736,41.96458],[34.22292,41.95403],[34.47833,41.33064],[33.95992,40.86708],[33.75084,41.07141]]]]}},{"type":"Feature","properties":{"name":"Kayseri","iso":"TUR"},"geometry":{"type":"MultiPolygon","coordinates":[[[[35.53194,37.93317],[35.45681,37.91957],[35.36206,37.9333],[35.28068,37.95314],[35.31087,38.03141],[35.29512,38.19845],[35.22852,38.25657],[35.0881,38.27081],[35.03882,38.32622],[34.99368,38.42171],[34.91908,38.44258],[34.92493,38.53614],[34.98427,38.55756],[35.0461,38.59408],[35.07273,38.7396],[35.03447,38.76904],[34.95396,38.83855],[34.97222,38.90844],[34.99598,38.98346],[35.0374,39.03805],[35.15048,39.01688],[35.23812,39.00473],[35.37555,39.05851],[35.47812,39.09671],[35.47072,39.13829],[35.46913,39.18519],[35.55098,39.20298],[35.69145,39.20926],[35.83301,39.2877],[35.91154,39.23835],[36.00208,39.15557],[36.08169,39.12968],[36.32309,39.13341],[36.42451,39.13895],[36.49071,39.13909],[36.59587,39.17458],[36.78507,39.17357],[36.87265,39.13993],[36.92435,39.09528],[36.93858,39.04455],[36.90328,38.96721],[36.87118,38.89523],[36.83184,38.82042],[36.80035,38.74522],[36.75841,38.6744],[36.72846,38.59086],[36.6939,38.5332],[36.64127,38.46959],[36.59363,38.40918],[36.5359,38.34389],[36.47338,38.33663],[36.43354,38.42326],[36.3931,38.46385],[36.27145,38.45244],[36.19422,38.42683],[36.12623,38.3724],[36.0759,38.2809],[36.02713,38.20311],[35.97468,38.17245],[35.87965,38.13136],[35.82283,38.10564],[35.73402,38.07985],[35.65582,38.01892],[35.62343,37.95731],[35.53194,37.93317]]]]}},{"type":"Feature","properties":{"name":"Kilis","iso":"TUR"},"geometry":{"type":"MultiPolygon","coordinates":[[[[37.39027,36.65104],[37.33133,36.65584],[37.21821,36.66105],[37.17445,36.65457],[37.13311,36.6622],[37.10357,36.62696],[37.06458,36.64232],[37.0314,36.65766],[37.0527,36.70692],[37.05183,36.72683],[36.99886,36.75532],[36.92226,36.77936],[36.80418,36.79856],[36.78261,36.82949],[36.80579,36.85262],[36.84837,36.87545],[36.88469,36.89064],[36.91386,36.90674],[36.94155,36.93916],[36.95133,36.96514],[36.97226,36.99379],[37.01332,37.01048],[37.14459,37.00689],[37.18313,36.9859],[37.21095,36.94407],[37.21908,36.90913],[37.2324,36.87688],[37.24527,36.86211],[37.29081,36.8455],[37.35058,36.8217],[37.38172,36.80059],[37.41709,36.79557],[37.43954,36.77658],[37.45877,36.7343],[37.47636,36.7059],[37.49919,36.68034],[37.5085,36.6554],[37.46114,36.63815],[37.39027,36.65104]]]]}},{"type":"Feature","properties":{"name":"Kinkkale","iso":"TUR"},"geometry":{"type":"MultiPolygon","coordinates":[[[[33.5042,39.23984],[33.48391,39.21489],[33.44856,39.1767],[33.42879,39.16071],[33.4169,39.16111],[33.40372,39.17712],[33.37415,39.21233],[33.36579,39.23622],[33.38818,39.26983],[33.38838,39.28508],[33.35256,39.32014],[33.31139,39.32977],[33.24013,39.3663],[33.23332,39.37669],[33.2509,39.40539],[33.27286,39.43471],[33.28727,39.47068],[33.29821,39.515],[33.31355,39.56142],[33.31861,39.60975],[33.32185,39.65482],[33.33419,39.70135],[33.35056,39.73997],[33.37461,39.7691],[33.43999,39.81683],[33.49989,39.83616],[33.51549,39.85152],[33.58238,39.87846],[33.60329,39.89191],[33.61946,39.92737],[33.6072,39.98254],[33.57854,40.02662],[33.57647,40.04805],[33.58834,40.07226],[33.60125,40.11082],[33.61704,40.14553],[33.64706,40.19205],[33.67888,40.22546],[33.70154,40.25265],[33.74487,40.28262],[33.80622,40.28294],[33.84677,40.27317],[33.90678,40.26353],[33.96886,40.25502],[33.9943,40.24661],[34.05451,40.23543],[34.0812,40.22275],[34.08643,40.19122],[34.09778,40.16381],[34.10379,40.13372],[34.12534,40.11065],[34.14641,40.07784],[34.16508,40.06382],[34.196,40.04692],[34.19862,40.03731],[34.18596,40.02782],[34.14324,40.00352],[34.1042,39.9841],[34.05787,39.94542],[34.05434,39.90491],[34.06881,39.86653],[34.06112,39.80085],[34.03836,39.7854],[33.99639,39.7663],[33.96333,39.74765],[33.9073,39.70091],[33.89229,39.66606],[33.87726,39.63113],[33.86353,39.59859],[33.85577,39.56327],[33.82715,39.52971],[33.80137,39.51472],[33.77878,39.46802],[33.7047,39.44648],[33.67631,39.44255],[33.60654,39.39096],[33.57606,39.36375],[33.55607,39.31386],[33.53936,39.28434],[33.51379,39.2471],[33.5042,39.23984]]]]}},{"type":"Feature","properties":{"name":"Kirklareli","iso":"TUR"},"geometry":{"type":"MultiPolygon","coordinates":[[[[27.54211,41.90701],[27.6761,41.9649],[27.81538,41.94312],[27.91152,41.9707],[28.02681,41.98069],[28.03264,41.9668],[28.04264,41.96292],[28.04792,41.94986],[28.04486,41.93819],[28.04764,41.92542],[28.04708,41.90875],[28.05264,41.89958],[28.05764,41.88292],[28.03986,41.88236],[28.02597,41.88903],[28.00986,41.8932],[27.99681,41.88792],[27.98931,41.87792],[27.97958,41.86847],[27.97292,41.86458],[27.97847,41.83764],[27.98542,41.81708],[27.99208,41.80431],[27.99875,41.79375],[28.00736,41.7832],[28.01569,41.77403],[28.02486,41.76569],[28.03486,41.76069],[28.04208,41.74903],[28.04431,41.73903],[28.04514,41.72681],[28.05597,41.71764],[28.06375,41.70514],[28.07236,41.69569],[28.08875,41.68903],[28.09986,41.67681],[28.09792,41.66431],[28.08819,41.65375],[28.09153,41.64014],[28.09875,41.63097],[28.10958,41.62292],[28.12292,41.61069],[28.14097,41.5993],[28.14181,41.59042],[28.00506,41.54857],[27.63329,41.33536],[27.25498,41.34811],[26.99575,41.62457],[27.00257,42.04061],[27.24807,42.10666],[27.46052,41.96956],[27.54211,41.90701]]]]}},{"type":"Feature","properties":{"name":"Kirsehir","iso":"TUR"},"geometry":{"type":"MultiPolygon","coordinates":[[[[34.22814,38.80936],[34.20521,38.84115],[34.18149,38.87844],[34.15912,38.88949],[34.10165,38.89857],[34.07766,38.90355],[34.0301,38.93841],[34.00023,38.95189],[33.94005,39.02019],[33.94499,39.03139],[33.93856,39.03913],[33.87094,39.06493],[33.81064,39.08905],[33.74255,39.11185],[33.69149,39.12953],[33.64933,39.15151],[33.60375,39.16869],[33.57253,39.1898],[33.55478,39.21238],[33.52954,39.26522],[33.54868,39.30489],[33.56832,39.33994],[33.59472,39.38443],[33.66203,39.43391],[33.68299,39.44469],[33.74949,39.44555],[33.78483,39.48634],[33.81254,39.52382],[33.83923,39.53802],[33.86004,39.58813],[33.87395,39.62054],[33.88682,39.64744],[33.90243,39.68501],[33.91766,39.71251],[33.97738,39.75668],[34.01137,39.77471],[34.04915,39.79139],[34.09143,39.8058],[34.12263,39.79003],[34.16071,39.77375],[34.20025,39.75343],[34.22672,39.74173],[34.28138,39.74025],[34.35738,39.74854],[34.42028,39.73547],[34.44754,39.7026],[34.47618,39.66575],[34.51311,39.64792],[34.54103,39.62704],[34.54739,39.61405],[34.53174,39.58614],[34.52262,39.56243],[34.54452,39.54268],[34.57034,39.52573],[34.593,39.51267],[34.63209,39.49213],[34.65224,39.46062],[34.63592,39.42312],[34.61058,39.38051],[34.61683,39.32308],[34.63868,39.31706],[34.66808,39.31928],[34.71569,39.35413],[34.73516,39.36304],[34.74886,39.35983],[34.75457,39.35156],[34.74365,39.33156],[34.70532,39.29751],[34.68673,39.26987],[34.68639,39.25057],[34.69653,39.23116],[34.68905,39.21616],[34.64009,39.18753],[34.6253,39.17361],[34.62318,39.14974],[34.63472,39.12095],[34.63741,39.09971],[34.62492,39.08761],[34.58456,39.08485],[34.56926,39.08116],[34.56915,39.06819],[34.57875,39.04397],[34.57389,39.02522],[34.54667,39.0108],[34.52081,38.9906],[34.50161,38.95125],[34.47659,38.92053],[34.47301,38.88665],[34.42797,38.87596],[34.38533,38.88588],[34.3395,38.88554],[34.31091,38.86242],[34.3072,38.82614],[34.29404,38.80844],[34.24908,38.79654],[34.22814,38.80936]]]]}},{"type":"Feature","properties":{"name":"Kocaeli","iso":"TUR"},"geometry":{"type":"MultiPolygon","coordinates":[[[[29.65514,40.58041],[29.47264,40.71014],[29.50236,40.72736],[29.52069,40.72236],[29.53125,40.71375],[29.55042,40.69181],[29.60375,40.69236],[29.65208,40.70042],[29.70736,40.70903],[29.76153,40.71847],[29.81097,40.72736],[29.84597,40.72792],[29.90236,40.7153],[29.93847,40.73625],[29.91931,40.75986],[29.85514,40.75125],[29.80069,40.74653],[29.76597,40.74542],[29.73903,40.76903],[29.68236,40.77764],[29.60931,40.78208],[29.56681,40.76764],[29.51236,40.77097],[29.4693,40.77236],[29.41264,40.76403],[29.37208,40.75653],[29.35041,40.78097],[29.34958,40.79403],[29.32347,40.81792],[29.28153,40.81292],[29.25931,40.81569],[29.27986,40.82903],[29.27347,40.83181],[29.28125,40.83958],[29.85637,41.07195],[29.89681,41.1432],[29.95764,41.13875],[29.99208,41.13653],[30.02236,41.13486],[30.05153,41.13653],[30.08764,41.13986],[30.11486,41.14236],[30.16042,41.1418],[30.18764,41.14903],[30.20264,41.16264],[30.22681,41.16569],[30.22625,41.18486],[30.25708,41.19542],[30.28125,41.20486],[30.33069,41.19875],[30.35986,41.18264],[30.14715,40.61988],[29.65514,40.58041]]],[[[30.26375,41.21597],[30.26292,41.21542],[30.26125,41.21486],[30.25986,41.21431],[30.25819,41.21486],[30.25653,41.21486],[30.25597,41.21514],[30.25653,41.21625],[30.25708,41.21736],[30.25847,41.21736],[30.25903,41.21736],[30.26403,41.21681],[30.26375,41.21597]]]]}},{"type":"Feature","properties":{"name":"Konya","iso":"TUR"},"geometry":{"type":"MultiPolygon","coordinates":[[[[32.42606,36.82073],[32.26463,36.91024],[32.11847,37.07828],[31.85261,37.28459],[31.5546,37.33246],[31.35087,37.40629],[31.37571,37.57161],[31.44885,37.77224],[31.43994,37.99175],[31.61876,38.09999],[31.45866,38.22076],[31.24583,38.41686],[31.42635,38.51572],[31.62624,38.60417],[31.58915,38.71716],[31.67427,38.8838],[31.73532,39.07918],[31.88321,39.1738],[32.07797,39.04624],[32.25567,39.06098],[32.46511,38.99485],[32.63661,39.04941],[32.85122,39.15584],[32.9984,39.14464],[33.08435,39.22437],[33.25323,39.19167],[33.37683,38.90569],[33.42412,38.70203],[33.37569,38.55639],[33.29161,38.33229],[33.26743,38.16491],[33.40152,37.96663],[33.65483,37.9461],[33.95907,37.98166],[34.18108,37.9833],[34.34213,37.83559],[34.45324,37.64763],[34.38426,37.454],[34.4859,37.30685],[34.30094,37.22134],[34.19761,37.17826],[33.97206,37.26566],[33.8357,37.3726],[33.75967,37.54963],[33.52508,37.55821],[33.38298,37.39574],[33.20131,37.45334],[32.96878,37.38583],[32.86349,37.26423],[32.74362,37.22732],[32.63191,37.076],[32.62638,36.94532],[32.76234,36.86582],[32.55277,36.76991],[32.42606,36.82073]]]]}},{"type":"Feature","properties":{"name":"Kütahya","iso":"TUR"},"geometry":{"type":"MultiPolygon","coordinates":[[[[29.03285,38.85133],[29.00778,38.89135],[28.9799,38.97321],[28.92559,39.04591],[28.84897,39.08783],[28.74499,39.10127],[28.67946,39.13624],[28.69699,39.25018],[28.79334,39.28375],[28.87664,39.35998],[28.90544,39.42257],[28.92115,39.4952],[28.94498,39.56707],[28.99761,39.56693],[29.10439,39.54252],[29.21639,39.55423],[29.24717,39.58116],[29.26257,39.66882],[29.31069,39.74911],[29.34582,39.79927],[29.38569,39.87368],[29.44524,39.9239],[29.53272,39.89492],[29.65623,39.90049],[29.6846,39.84648],[29.70044,39.78485],[29.77377,39.72666],[29.88847,39.69458],[29.98721,39.68217],[30.08843,39.69599],[30.18247,39.68674],[30.13808,39.63459],[30.15146,39.60929],[30.23205,39.55758],[30.31404,39.3855],[30.34931,39.33826],[30.43896,39.23769],[30.42763,39.15892],[30.35218,39.12117],[30.27587,39.09221],[30.23393,39.01652],[30.17822,38.92477],[30.11536,38.82087],[30.04164,38.77552],[29.95396,38.73606],[29.89273,38.77788],[29.86271,38.85515],[29.7559,38.87566],[29.66875,38.88997],[29.59393,38.87585],[29.49758,38.83379],[29.38101,38.79927],[29.29048,38.7766],[29.23879,38.73551],[29.16816,38.73935],[29.03646,38.8301],[29.03285,38.85133]]]]}},{"type":"Feature","properties":{"name":"Malatya","iso":"TUR"},"geometry":{"type":"MultiPolygon","coordinates":[[[[38.14543,38.04686],[38.16636,37.97413],[38.14863,37.9087],[38.05822,37.89086],[37.96261,37.86051],[37.87087,37.88318],[37.77581,37.86903],[37.71812,37.83595],[37.61486,37.8251],[37.57044,37.82835],[37.62719,37.90551],[37.66826,37.9825],[37.70331,38.05656],[37.72832,38.12279],[37.75768,38.19814],[37.77565,38.30151],[37.72294,38.34438],[37.60939,38.39336],[37.48943,38.4401],[37.38712,38.46183],[37.2116,38.459],[37.18981,38.48002],[37.23725,38.52753],[37.28945,38.58],[37.33285,38.61155],[37.42826,38.67329],[37.5013,38.71733],[37.5535,38.76972],[37.59457,38.81832],[37.56365,38.90663],[37.56155,38.98193],[37.62524,39.00479],[37.74705,39.00067],[37.85105,39.02593],[37.97424,39.0595],[38.17368,39.07107],[38.25156,39.1112],[38.33298,39.14011],[38.43898,39.1163],[38.58708,39.0912],[38.66195,39.04319],[38.62032,39.01197],[38.58732,38.97253],[38.62943,38.88258],[38.62735,38.74781],[38.5366,38.74519],[38.46236,38.72851],[38.40984,38.67323],[38.35934,38.60506],[38.3646,38.53543],[38.42989,38.47503],[38.52538,38.462],[38.61423,38.43043],[38.69589,38.41473],[38.81383,38.40562],[38.86945,38.36578],[38.96862,38.30895],[39.05335,38.33342],[39.14008,38.29728],[39.12877,38.23606],[39.09404,38.16225],[39.00512,38.11749],[38.90268,38.10276],[38.7687,38.09185],[38.58704,38.1112],[38.56578,38.1332],[38.62433,38.16922],[38.55239,38.22588],[38.49857,38.22113],[38.40826,38.20119],[38.32972,38.16396],[38.22437,38.11771],[38.1378,38.06103],[38.14543,38.04686]]]]}},{"type":"Feature","properties":{"name":"Manisa","iso":"TUR"},"geometry":{"type":"MultiPolygon","coordinates":[[[[28.68299,38.11478],[28.53578,38.12613],[28.49307,38.19788],[28.46263,38.27343],[28.3917,38.30572],[28.29455,38.31875],[28.22293,38.33587],[28.14708,38.38938],[28.03337,38.40285],[27.95563,38.37707],[27.87138,38.33321],[27.82133,38.35077],[27.76276,38.42705],[27.71833,38.45415],[27.59549,38.47483],[27.46119,38.56221],[27.39907,38.5773],[27.33178,38.58825],[27.27861,38.58902],[27.26776,38.61438],[27.25637,38.65406],[27.24692,38.69014],[27.23932,38.70459],[27.22968,38.74163],[27.20304,38.75616],[27.15137,38.77488],[27.13974,38.82102],[27.16129,38.88043],[27.22891,38.90231],[27.35653,38.92401],[27.4083,38.9608],[27.45573,38.99256],[27.50565,39.10818],[27.47381,39.18031],[27.46091,39.25176],[27.43397,39.34684],[27.50228,39.4147],[27.56749,39.38297],[27.65779,39.35341],[27.73174,39.35666],[27.83788,39.34834],[27.91714,39.32901],[27.88166,39.26402],[27.92886,39.22853],[28.04279,39.18552],[28.07766,39.13052],[28.10917,39.06724],[28.15921,39.0436],[28.24824,39.067],[28.33841,39.09013],[28.4349,39.12048],[28.51305,39.14497],[28.60983,39.18135],[28.67946,39.13624],[28.74499,39.10127],[28.84897,39.08783],[28.92559,39.04591],[28.9799,38.97321],[29.00778,38.89135],[29.03285,38.85133],[29.00889,38.71812],[28.94168,38.67643],[28.87878,38.63742],[28.85243,38.55912],[28.84029,38.49908],[28.85608,38.43296],[28.83828,38.36959],[28.87319,38.30964],[28.90137,38.26033],[28.80159,38.21888],[28.79219,38.14659],[28.70912,38.106],[28.68299,38.11478]]]]}},{"type":"Feature","properties":{"name":"Mardin","iso":"TUR"},"geometry":{"type":"MultiPolygon","coordinates":[[[[40.85432,37.1075],[40.82818,37.11609],[40.76493,37.11212],[40.72077,37.10105],[40.67838,37.08083],[40.60225,37.05407],[40.50269,37.02001],[40.42296,37.00118],[40.3696,36.9674],[40.29436,36.9348],[40.26021,36.91999],[40.20676,36.93461],[40.17779,36.95092],[40.15737,36.98383],[40.13234,37.0234],[40.12965,37.0919],[40.11488,37.13092],[40.0882,37.17196],[40.06932,37.21142],[40.04348,37.25353],[40.0135,37.3001],[39.98357,37.34669],[39.95351,37.39323],[39.93451,37.43269],[39.9197,37.46766],[39.90505,37.50286],[39.88619,37.52832],[39.88011,37.54991],[40.00516,37.55522],[40.05165,37.57323],[40.09449,37.58913],[40.13295,37.58149],[40.18393,37.57799],[40.24615,37.56641],[40.28694,37.572],[40.3431,37.61112],[40.42542,37.64731],[40.5161,37.65042],[40.5365,37.68098],[40.53932,37.72585],[40.56119,37.75912],[40.63437,37.771],[40.66379,37.76463],[40.72242,37.75822],[40.75202,37.73033],[40.80225,37.7174],[40.85882,37.71893],[40.91151,37.72926],[40.98926,37.73819],[41.05179,37.73957],[41.05128,37.71852],[41.07289,37.6954],[41.09618,37.66843],[41.1367,37.63266],[41.16499,37.58856],[41.20718,37.55495],[41.45869,37.55545],[41.52288,37.56798],[41.55656,37.57657],[41.58651,37.59199],[41.60735,37.61569],[41.66919,37.66325],[41.70742,37.68444],[41.76753,37.70755],[41.81242,37.71956],[41.85719,37.7367],[41.8913,37.72069],[41.91884,37.69365],[41.94228,37.66258],[41.95758,37.63539],[41.93958,37.60429],[41.9338,37.57742],[41.94686,37.54756],[41.91157,37.50269],[41.88717,37.49595],[41.82655,37.49226],[41.78098,37.48362],[41.73891,37.45686],[41.74033,37.33046],[41.76067,37.2929],[41.77912,37.28806],[41.82307,37.3001],[41.8483,37.30718],[41.85746,37.30156],[41.87201,37.26515],[41.88337,37.22939],[41.88778,37.19711],[41.87518,37.1657],[41.84994,37.13528],[41.68692,37.11446],[41.62648,37.10511],[41.50085,37.07954],[41.26865,37.07849],[41.23677,37.06491],[41.20772,37.0765],[41.1188,37.09457],[41.00052,37.112],[40.92108,37.12711],[40.87047,37.11805],[40.85432,37.1075]]]]}},{"type":"Feature","properties":{"name":"Mersin","iso":"TUR"},"geometry":{"type":"MultiPolygon","coordinates":[[[[33.53125,36.12847],[33.53181,36.12764],[33.53236,36.1268],[33.53292,36.12569],[33.53347,36.12486],[33.53403,36.12375],[33.53458,36.12264],[33.53458,36.12153],[33.53403,36.12041],[33.53181,36.11986],[33.53014,36.11986],[33.52931,36.12041],[33.52903,36.11958],[33.52847,36.11958],[33.52847,36.12014],[33.52931,36.12125],[33.53014,36.12181],[33.53042,36.12347],[33.53153,36.12403],[33.53069,36.12514],[33.52986,36.12569],[33.52931,36.12736],[33.52931,36.12875],[33.53097,36.12875],[33.53125,36.12847]]],[[[33.69625,36.16069],[33.69819,36.15931],[33.69431,36.15903],[33.69347,36.15958],[33.69236,36.16014],[33.69181,36.16069],[33.69486,36.16125],[33.69625,36.16069]]],[[[33.78014,36.20014],[33.78069,36.19959],[33.78153,36.19903],[33.78347,36.19847],[33.78403,36.19792],[33.78403,36.1968],[33.78347,36.19625],[33.78236,36.19542],[33.78181,36.19347],[33.78125,36.19236],[33.78014,36.19181],[33.77958,36.19125],[33.77903,36.18903],[33.77819,36.18847],[33.77875,36.18792],[33.77819,36.18625],[33.77764,36.18542],[33.77708,36.18458],[33.77597,36.18403],[33.77375,36.18319],[33.77403,36.18264],[33.77236,36.18208],[33.77125,36.18181],[33.77069,36.18181],[33.76931,36.18181],[33.76792,36.18181],[33.76736,36.18181],[33.76569,36.18181],[33.76458,36.18125],[33.76403,36.1807],[33.7632,36.1807],[33.76209,36.17986],[33.76097,36.17986],[33.76042,36.1807],[33.75847,36.18125],[33.75764,36.18181],[33.75708,36.18236],[33.75708,36.18514],[33.75764,36.18597],[33.75819,36.18653],[33.75875,36.18708],[33.75958,36.18764],[33.76014,36.18819],[33.76069,36.18903],[33.76125,36.18958],[33.76181,36.19014],[33.76292,36.19069],[33.76375,36.19125],[33.76431,36.19181],[33.76486,36.19236],[33.76569,36.19292],[33.76625,36.19347],[33.76736,36.19403],[33.7682,36.19458],[33.76986,36.19514],[33.77042,36.19569],[33.77125,36.19625],[33.77208,36.19708],[33.77264,36.19764],[33.77319,36.19847],[33.77375,36.19931],[33.77431,36.19986],[33.77542,36.2007],[33.77958,36.2007],[33.78014,36.20014]]],[[[33.44542,36.15403],[33.39514,36.12625],[33.3532,36.15403],[33.29125,36.13236],[33.21708,36.12736],[33.12375,36.12792],[33.08875,36.08541],[33.05375,36.09042],[32.98097,36.09736],[32.9193,36.08542],[32.86375,36.06625],[32.81125,36.02958],[32.75375,36.02903],[32.67792,36.04208],[32.60986,36.07486],[32.63554,36.37869],[34.02362,37.12926],[34.91097,36.72792],[34.87569,36.76542],[34.81569,36.79709],[34.70653,36.80764],[34.63931,36.7957],[34.56486,36.77014],[34.51514,36.73097],[34.46347,36.69986],[34.42931,36.66347],[34.36292,36.63708],[34.31958,36.6032],[34.26486,36.57458],[34.22736,36.53069],[34.18375,36.49597],[34.1418,36.45709],[34.11181,36.43347],[34.08042,36.41236],[34.06986,36.31458],[34.02847,36.30153],[33.98681,36.29125],[33.98514,36.27236],[33.94847,36.25014],[33.91486,36.30459],[33.85042,36.29792],[33.81871,36.26708],[33.78736,36.22569],[33.72375,36.19181],[33.69014,36.1582],[33.67264,36.14736],[33.66097,36.18597],[33.59097,36.17181],[33.56319,36.12847],[33.53764,36.13986],[33.46653,36.15792],[33.44542,36.15403]]],[[[33.82875,36.26847],[33.82875,36.26708],[33.82819,36.26625],[33.82764,36.26542],[33.82708,36.26486],[33.82597,36.26486],[33.82597,36.26736],[33.82653,36.26847],[33.82819,36.26931],[33.82875,36.26847]]]]}},{"type":"Feature","properties":{"name":"Mugla","iso":"TUR"},"geometry":{"type":"MultiPolygon","coordinates":[[[[29.06153,36.53959],[29.06042,36.53875],[29.05931,36.53931],[29.05875,36.54042],[29.05931,36.54208],[29.06042,36.5407],[29.06153,36.53959]]],[[[29.07514,36.55431],[29.07597,36.55347],[29.07375,36.55347],[29.07292,36.55264],[29.07097,36.55208],[29.07042,36.55153],[29.06847,36.55153],[29.06653,36.55208],[29.06653,36.55264],[29.06625,36.5532],[29.0657,36.55375],[29.06486,36.55431],[29.06486,36.55459],[29.0657,36.55542],[29.0682,36.55486],[29.07153,36.55542],[29.0732,36.55486],[29.07514,36.55431]]],[[[28.76458,36.62736],[28.76514,36.6268],[28.76431,36.62625],[28.76153,36.62625],[28.76181,36.62736],[28.76236,36.62792],[28.76292,36.62875],[28.76403,36.62792],[28.76458,36.62736]]],[[[29.10569,36.65181],[29.10514,36.65125],[29.10375,36.65042],[29.1032,36.64986],[29.10153,36.64931],[29.09958,36.64875],[29.09958,36.64736],[29.09986,36.64653],[29.09875,36.6457],[29.09764,36.64625],[29.09764,36.64792],[29.0982,36.64931],[29.09875,36.65153],[29.09792,36.65236],[29.09903,36.65236],[29.09986,36.65181],[29.10236,36.65181],[29.1032,36.65236],[29.10431,36.65292],[29.10486,36.65292],[29.10597,36.65292],[29.10597,36.65208],[29.10569,36.65181]]],[[[29.04764,36.66236],[29.04847,36.6618],[29.04931,36.66236],[29.05014,36.66097],[29.05097,36.66014],[29.05319,36.66097],[29.05375,36.66153],[29.0543,36.66097],[29.05319,36.66014],[29.05264,36.65875],[29.05264,36.65736],[29.05208,36.65625],[29.05014,36.65569],[29.04847,36.65514],[29.04792,36.65375],[29.04708,36.65292],[29.04597,36.65403],[29.04569,36.65264],[29.04458,36.65181],[29.04292,36.65319],[29.04236,36.65431],[29.04292,36.65542],[29.04292,36.65653],[29.04347,36.65764],[29.04292,36.65847],[29.04292,36.65931],[29.0418,36.66042],[29.04125,36.66153],[29.04375,36.6618],[29.04431,36.66236],[29.04486,36.66319],[29.04514,36.66431],[29.04653,36.66319],[29.04736,36.66264],[29.04764,36.66236]]],[[[28.89792,36.66986],[28.89931,36.66819],[28.89981,36.66764],[28.90264,36.66708],[28.90403,36.66653],[28.90542,36.66597],[28.90653,36.66542],[28.90708,36.66486],[28.90764,36.66375],[28.9082,36.6618],[28.9082,36.66042],[28.90872,36.65975],[28.90903,36.65888],[28.90931,36.65486],[28.90875,36.65236],[28.9082,36.65153],[28.9068,36.65153],[28.90569,36.65153],[28.90403,36.65153],[28.90264,36.65208],[28.90208,36.65319],[28.90153,36.65403],[28.90097,36.65514],[28.90042,36.65764],[28.89986,36.6582],[28.89931,36.65903],[28.89875,36.66042],[28.89653,36.66097],[28.89486,36.66236],[28.89431,36.66292],[28.89292,36.66347],[28.89125,36.66431],[28.89069,36.66486],[28.88958,36.6657],[28.88875,36.66653],[28.8882,36.66791],[28.8882,36.66958],[28.88875,36.67014],[28.88931,36.67014],[28.89014,36.66903],[28.89069,36.66819],[28.89125,36.66764],[28.89181,36.66708],[28.89264,36.66708],[28.89319,36.66796],[28.89375,36.66847],[28.89431,36.66903],[28.89514,36.66986],[28.89597,36.67042],[28.89736,36.66986],[28.89792,36.66986]]],[[[28.91847,36.6807],[28.91931,36.68014],[28.91931,36.67792],[28.92069,36.67764],[28.92236,36.6782],[28.92486,36.6782],[28.92542,36.67708],[28.92681,36.67764],[28.92819,36.67681],[28.92958,36.67625],[28.93014,36.67569],[28.93125,36.67569],[28.93264,36.67569],[28.93792,36.67514],[28.93931,36.67486],[28.93958,36.67375],[28.93875,36.6732],[28.93819,36.67264],[28.93736,36.67209],[28.93653,36.67153],[28.93514,36.6707],[28.9343,36.67014],[28.93375,36.6693],[28.9332,36.66875],[28.93181,36.66958],[28.93097,36.67042],[28.93014,36.6707],[28.92764,36.67125],[28.92681,36.6707],[28.92625,36.6693],[28.92653,36.66736],[28.92653,36.66653],[28.92681,36.66431],[28.92569,36.66431],[28.92375,36.66403],[28.92375,36.66292],[28.9232,36.66208],[28.92264,36.66125],[28.92209,36.66069],[28.92153,36.66014],[28.92097,36.65958],[28.92014,36.65903],[28.91958,36.6582],[28.91875,36.65764],[28.91847,36.65653],[28.91764,36.65569],[28.91681,36.65458],[28.91486,36.65458],[28.91375,36.65514],[28.91264,36.65569],[28.91292,36.65736],[28.91292,36.66153],[28.91236,36.66236],[28.91181,36.66292],[28.91125,36.66486],[28.91125,36.66736],[28.91069,36.66903],[28.90986,36.66986],[28.90931,36.67209],[28.90986,36.67403],[28.91042,36.67486],[28.91097,36.67625],[28.91153,36.67681],[28.91236,36.67681],[28.91347,36.67597],[28.91403,36.67514],[28.91458,36.67458],[28.91597,36.67514],[28.91597,36.67556],[28.91486,36.67597],[28.91431,36.67653],[28.91375,36.67736],[28.9132,36.67792],[28.91236,36.67847],[28.91236,36.67903],[28.91236,36.67986],[28.91292,36.68097],[28.91542,36.68153],[28.91764,36.68153],[28.91847,36.68097],[28.91847,36.6807]]],[[[29.03264,36.66958],[29.03319,36.66819],[29.03569,36.66875],[29.03625,36.66791],[29.03403,36.66653],[29.03292,36.66708],[29.03292,36.66819],[29.03125,36.66819],[29.02959,36.66986],[29.02791,36.67125],[29.02848,36.67181],[29.02986,36.67181],[29.03208,36.67125],[29.03264,36.66958]]],[[[28.12875,36.59958],[28.12958,36.59903],[28.12958,36.59792],[28.12958,36.59653],[28.12903,36.59569],[28.12681,36.59569],[28.12514,36.59625],[28.12319,36.59681],[28.12236,36.59736],[28.12181,36.59847],[28.12236,36.59903],[28.12403,36.59903],[28.12569,36.59958],[28.12708,36.60042],[28.12764,36.59986],[28.12875,36.59958]]],[[[28.69847,36.69292],[28.69597,36.69236],[28.69403,36.69236],[28.69375,36.69181],[28.69264,36.69125],[28.69181,36.69125],[28.69097,36.69181],[28.69042,36.69264],[28.69097,36.6932],[28.69208,36.69403],[28.69347,36.69458],[28.69653,36.69458],[28.6982,36.69458],[28.69875,36.6932],[28.69847,36.69292]]],[[[28.24792,36.71264],[28.24736,36.71208],[28.24514,36.71264],[28.2432,36.71264],[28.24264,36.71403],[28.24458,36.71458],[28.24819,36.71458],[28.24875,36.7132],[28.24792,36.71264]]],[[[28.44347,36.77347],[28.44292,36.77208],[28.44208,36.77153],[28.44125,36.77097],[28.43931,36.77042],[28.43792,36.77097],[28.43542,36.77042],[28.43292,36.77042],[28.43153,36.76986],[28.43097,36.77042],[28.4318,36.77125],[28.43347,36.77181],[28.43431,36.77236],[28.43458,36.77292],[28.43514,36.77347],[28.43569,36.77403],[28.43681,36.77514],[28.43681,36.77764],[28.43847,36.77819],[28.44042,36.77875],[28.44264,36.77903],[28.44208,36.77819],[28.44153,36.77764],[28.44097,36.77708],[28.44125,36.77403],[28.44347,36.77347]]],[[[29.66066,36.85363],[29.13458,36.37736],[29.11236,36.49125],[29.01681,36.54125],[29.07764,36.64597],[29.01681,36.70208],[28.90959,36.71264],[28.89431,36.64486],[28.84958,36.63625],[28.67236,36.70125],[28.61347,36.79709],[28.49931,36.81708],[28.37875,36.84486],[28.30458,36.80153],[28.24653,36.8332],[28.2607,36.73264],[28.14347,36.64014],[28.01042,36.57097],[28.0557,36.60653],[28.04847,36.67542],[28.01319,36.70236],[28.09458,36.76486],[28.05181,36.76514],[27.90792,36.7557],[27.73958,36.76431],[27.61514,36.67708],[27.44375,36.66125],[27.42052,36.7132],[27.61153,36.76542],[27.8368,36.81014],[28.04986,36.79958],[28.04736,36.86625],[28.06736,36.93125],[28.17264,36.92569],[28.2457,37.00097],[28.09986,37.03375],[27.88292,37.02597],[27.69208,37.00292],[27.50847,36.98958],[27.37542,36.99875],[27.28514,36.9582],[27.29264,37.10736],[27.31153,37.13542],[27.4157,37.12736],[27.56208,37.12708],[27.57208,37.21043],[27.60236,37.2482],[27.5232,37.22736],[27.47319,37.28069],[27.39236,37.32459],[29.49309,37.00313],[29.66066,36.85363]]],[[[29.00958,36.69708],[29.01097,36.69653],[29.01153,36.69597],[29.01264,36.69597],[29.01319,36.69597],[29.01347,36.69486],[29.01292,36.6932],[29.01208,36.69236],[29.01097,36.69264],[29.00931,36.69236],[29.00792,36.69347],[29.00597,36.69431],[29.00542,36.69486],[29.00486,36.69569],[29.00431,36.6968],[29.00458,36.69792],[29.0057,36.69903],[29.00819,36.69764],[29.00958,36.69708]]],[[[28.93403,36.69458],[28.93347,36.69403],[28.93153,36.69486],[28.93125,36.69653],[28.93236,36.69708],[28.93292,36.69708],[28.93375,36.69625],[28.93403,36.69458]]],[[[28.93014,36.69764],[28.93014,36.69597],[28.92931,36.69514],[28.92819,36.69458],[28.92819,36.69375],[28.92736,36.6932],[28.92597,36.6932],[28.92542,36.69375],[28.92486,36.69431],[28.92431,36.69514],[28.92375,36.69597],[28.92431,36.69708],[28.92375,36.69792],[28.9232,36.69875],[28.92403,36.69931],[28.92458,36.70014],[28.92931,36.69931],[28.93014,36.69764]]],[[[27.79153,36.7518],[27.79097,36.75125],[27.79014,36.75236],[27.7907,36.75292],[27.79153,36.75292],[27.79181,36.75208],[27.79153,36.7518]]],[[[27.76347,36.75208],[27.76236,36.75153],[27.75986,36.75097],[27.75903,36.75153],[27.75986,36.75264],[27.76153,36.75319],[27.76458,36.75319],[27.76403,36.75236],[27.76347,36.75208]]],[[[27.77569,36.75292],[27.77514,36.75236],[27.77375,36.75236],[27.77319,36.75486],[27.77403,36.75542],[27.77458,36.75597],[27.77514,36.75653],[27.77597,36.75653],[27.77597,36.75347],[27.77569,36.75292]]],[[[27.80764,36.75875],[27.80625,36.75791],[27.80458,36.75819],[27.80514,36.7593],[27.80625,36.76069],[27.80792,36.75958],[27.80764,36.75875]]],[[[28.59847,36.79653],[28.59792,36.7957],[28.59708,36.79514],[28.59569,36.7957],[28.59569,36.79653],[28.59625,36.79709],[28.59792,36.79764],[28.59931,36.79709],[28.59847,36.79653]]],[[[28.26014,36.80792],[28.2607,36.80764],[28.26125,36.80625],[28.26042,36.8057],[28.25958,36.80514],[28.25847,36.80431],[28.25903,36.8032],[28.25986,36.80264],[28.25931,36.80181],[28.25847,36.80042],[28.25931,36.79875],[28.25986,36.79792],[28.25847,36.79875],[28.25764,36.79986],[28.25653,36.80125],[28.25653,36.80181],[28.25597,36.80302],[28.25514,36.80375],[28.25403,36.80431],[28.25264,36.80486],[28.24958,36.80431],[28.24736,36.80486],[28.24458,36.80542],[28.24375,36.80736],[28.2432,36.80819],[28.24403,36.80875],[28.24597,36.80819],[28.24736,36.80875],[28.24819,36.80903],[28.25042,36.80958],[28.25069,36.80764],[28.2532,36.80736],[28.25458,36.80792],[28.2557,36.80875],[28.25625,36.80931],[28.25875,36.80986],[28.25986,36.80903],[28.26014,36.80792]]],[[[28.02736,36.86764],[28.02819,36.86653],[28.02764,36.86597],[28.0207,36.86653],[28.01875,36.86709],[28.01819,36.86792],[28.01931,36.8682],[28.02236,36.8682],[28.02542,36.86875],[28.02653,36.8682],[28.02736,36.86764]]],[[[28.03653,36.86986],[28.03486,36.86931],[28.03431,36.86875],[28.03347,36.8682],[28.03264,36.86903],[28.03319,36.86958],[28.03403,36.87042],[28.03514,36.87097],[28.03625,36.87153],[28.03764,36.87042],[28.03653,36.86986]]],[[[28.04514,36.87431],[28.04458,36.87375],[28.04347,36.8732],[28.04208,36.87458],[28.04153,36.87542],[28.04153,36.87625],[28.04236,36.87625],[28.04542,36.87458],[28.04514,36.87431]]],[[[28.03597,36.8843],[28.03569,36.88347],[28.03486,36.88264],[28.03403,36.8843],[28.03403,36.88569],[28.03486,36.88514],[28.03597,36.8843]]],[[[28.28875,36.81986],[28.28792,36.81931],[28.27931,36.81875],[28.27847,36.81958],[28.27847,36.82069],[28.28264,36.82125],[28.28875,36.82069],[28.28875,36.81986]]],[[[28.44569,36.86292],[28.44569,36.86236],[28.44486,36.86236],[28.44431,36.86319],[28.44431,36.86486],[28.44514,36.86403],[28.44569,36.86292]]],[[[28.15708,36.93625],[28.15764,36.93458],[28.15681,36.93375],[28.15486,36.93375],[28.15375,36.93431],[28.15431,36.93597],[28.15458,36.93708],[28.1557,36.93736],[28.15681,36.93653],[28.15708,36.93625]]],[[[28.15653,36.94431],[28.15597,36.94375],[28.15403,36.94458],[28.15347,36.94569],[28.15458,36.94569],[28.15681,36.94458],[28.15653,36.94431]]],[[[28.19903,36.96208],[28.19958,36.96125],[28.20014,36.96014],[28.19986,36.95958],[28.19958,36.95847],[28.19708,36.95792],[28.19625,36.95736],[28.19431,36.95736],[28.19208,36.95792],[28.18958,36.95792],[28.18958,36.95875],[28.19014,36.95958],[28.19125,36.96014],[28.19208,36.96069],[28.19292,36.96153],[28.19375,36.96208],[28.19542,36.96264],[28.19625,36.96347],[28.19848,36.9632],[28.19903,36.96208]]],[[[28.20625,36.99486],[28.20542,36.99403],[28.20542,36.9932],[28.20958,36.99236],[28.21014,36.99209],[28.21014,36.99125],[28.20847,36.9907],[28.20591,36.9907],[28.20042,36.99153],[28.20097,36.99236],[28.20153,36.9932],[28.20319,36.99375],[28.20375,36.99431],[28.20431,36.99514],[28.20514,36.99569],[28.20653,36.99514],[28.20625,36.99486]]],[[[28.20958,36.99792],[28.20958,36.99708],[28.20681,36.99764],[28.20486,36.99931],[28.20569,36.99931],[28.20653,36.99875],[28.20764,36.99931],[28.20875,36.99903],[28.20958,36.99792]]],[[[28.2418,37.00236],[28.2418,37.00153],[28.23819,37.00208],[28.23875,37.00319],[28.24125,37.00319],[28.2418,37.00236]]],[[[28.9357,36.70736],[28.93514,36.70319],[28.93459,36.70181],[28.93403,36.69986],[28.93347,36.69931],[28.93208,36.69875],[28.93264,36.69986],[28.93375,36.70264],[28.93375,36.70458],[28.93375,36.70736],[28.9343,36.70792],[28.93486,36.70875],[28.93542,36.70792],[28.9357,36.70736]]],[[[28.93264,36.71125],[28.93208,36.71069],[28.93208,36.71014],[28.93264,36.70903],[28.9332,36.7082],[28.93264,36.70764],[28.93125,36.70764],[28.9307,36.7082],[28.93014,36.70875],[28.92958,36.70958],[28.93042,36.71042],[28.93125,36.71153],[28.9332,36.71208],[28.9332,36.71153],[28.93264,36.71125]]],[[[28.94097,36.73597],[28.94153,36.73542],[28.94236,36.73486],[28.94292,36.73431],[28.94375,36.73347],[28.94431,36.73292],[28.94458,36.73236],[28.94597,36.7318],[28.94625,36.73069],[28.94569,36.73014],[28.94569,36.72903],[28.94764,36.72847],[28.94875,36.72792],[28.94931,36.72736],[28.95014,36.72681],[28.95014,36.72542],[28.94875,36.72458],[28.94764,36.72514],[28.94569,36.72542],[28.94514,36.72486],[28.94458,36.72236],[28.94292,36.72153],[28.94236,36.7207],[28.94208,36.71986],[28.94153,36.71931],[28.9407,36.71875],[28.94014,36.71819],[28.93847,36.71847],[28.93764,36.71847],[28.9357,36.71958],[28.93514,36.7207],[28.93459,36.72236],[28.93403,36.72347],[28.93403,36.72375],[28.93486,36.72375],[28.93625,36.72444],[28.93625,36.72569],[28.9357,36.72625],[28.9357,36.7282],[28.93514,36.72958],[28.93597,36.73097],[28.93708,36.73153],[28.93764,36.73208],[28.93681,36.7332],[28.93681,36.73431],[28.93792,36.73514],[28.93847,36.73597],[28.93931,36.73653],[28.93986,36.73708],[28.9407,36.73625],[28.94097,36.73597]]],[[[28.03625,36.55486],[28.03514,36.55486],[28.03458,36.5568],[28.03458,36.55847],[28.03514,36.55903],[28.03625,36.55819],[28.03625,36.55486]]],[[[28.04014,36.56208],[28.03875,36.56153],[28.03764,36.56097],[28.03597,36.56236],[28.03653,36.56292],[28.03903,36.56347],[28.04097,36.56264],[28.04014,36.56208]]],[[[28.05764,36.61792],[28.05764,36.61681],[28.05681,36.61625],[28.05625,36.61514],[28.0557,36.61458],[28.05486,36.61403],[28.0543,36.61347],[28.0532,36.61347],[28.0532,36.61486],[28.05403,36.6157],[28.05486,36.61653],[28.05541,36.61903],[28.05708,36.61847],[28.05764,36.61792]]],[[[28.05375,36.6232],[28.05292,36.62375],[28.05181,36.62375],[28.05069,36.62514],[28.05125,36.62569],[28.05181,36.6268],[28.05292,36.6268],[28.05347,36.62431],[28.05375,36.6232]]],[[[28.05597,36.64847],[28.05792,36.64847],[28.05847,36.64903],[28.06014,36.64736],[28.05847,36.64681],[28.05736,36.64625],[28.0532,36.64708],[28.05264,36.64792],[28.05208,36.64847],[28.05125,36.64847],[28.04875,36.64847],[28.04931,36.64931],[28.04986,36.64986],[28.05236,36.64986],[28.05458,36.64958],[28.05514,36.64903],[28.05597,36.64847]]],[[[28.03653,36.66708],[28.03708,36.66597],[28.0382,36.66514],[28.03875,36.66458],[28.03931,36.66375],[28.04153,36.66264],[28.04236,36.66208],[28.04319,36.66125],[28.04292,36.65958],[28.04292,36.65764],[28.04403,36.65681],[28.04597,36.65625],[28.04597,36.65347],[28.04542,36.65292],[28.04458,36.65236],[28.04403,36.65153],[28.04375,36.6507],[28.04292,36.65014],[28.04153,36.64958],[28.03847,36.65014],[28.03736,36.6507],[28.03681,36.65208],[28.03625,36.65319],[28.03569,36.65375],[28.03514,36.65625],[28.03458,36.65681],[28.03403,36.65792],[28.03125,36.65792],[28.02986,36.65792],[28.02903,36.65792],[28.02847,36.65875],[28.02791,36.65986],[28.02791,36.66069],[28.02847,36.66153],[28.02903,36.66264],[28.02958,36.66375],[28.03014,36.66458],[28.03097,36.66514],[28.03153,36.6657],[28.03292,36.66625],[28.03403,36.66681],[28.03458,36.66903],[28.03514,36.67014],[28.03569,36.67097],[28.03625,36.67042],[28.03625,36.6693],[28.03653,36.66708]]],[[[28.01236,36.66708],[28.01181,36.66764],[28.01181,36.66986],[28.0143,36.66681],[28.01292,36.66681],[28.01236,36.66708]]],[[[28.04097,36.67042],[28.04153,36.66986],[28.04153,36.66847],[28.03986,36.6693],[28.03931,36.67209],[28.04014,36.67264],[28.04208,36.67292],[28.04125,36.67153],[28.04097,36.67042]]],[[[28.04514,36.68347],[28.04403,36.68236],[28.04264,36.68181],[28.04319,36.68319],[28.04514,36.68347]]],[[[27.99792,36.70903],[27.99764,36.7082],[27.99708,36.70736],[27.9957,36.70736],[27.99514,36.70792],[27.99458,36.70903],[27.99542,36.70958],[27.99653,36.71014],[27.99792,36.70958],[27.99792,36.70903]]],[[[28.00264,36.71875],[28.00375,36.71819],[28.00431,36.71569],[28.00486,36.71458],[28.00542,36.71375],[28.00458,36.7132],[28.0032,36.71458],[28.00264,36.71597],[28.0018,36.71681],[28.00125,36.71681],[28.00069,36.71736],[28.00014,36.71792],[28.00042,36.71931],[28.00097,36.71986],[28.00208,36.71986],[28.00264,36.71903],[28.00264,36.71875]]],[[[28.03347,36.7243],[28.03292,36.72319],[28.03236,36.72181],[28.03181,36.72042],[28.03125,36.71958],[28.03181,36.71847],[28.0307,36.71764],[28.02736,36.71708],[28.02625,36.71625],[28.02264,36.71542],[28.02181,36.71542],[28.0207,36.71458],[28.01958,36.71403],[28.01875,36.71347],[28.01792,36.71292],[28.01681,36.71236],[28.01486,36.71181],[28.0143,36.71514],[28.01347,36.71597],[28.01208,36.71653],[28.01208,36.71847],[28.01264,36.71931],[28.01594,36.71931],[28.01653,36.72042],[28.01597,36.72097],[28.01514,36.72208],[28.01653,36.72264],[28.01708,36.72319],[28.01764,36.72375],[28.01875,36.7243],[28.02208,36.72486],[28.02264,36.7243],[28.02569,36.7243],[28.02791,36.72486],[28.02847,36.72569],[28.03042,36.72625],[28.03375,36.72625],[28.03375,36.72486],[28.03347,36.7243]]],[[[28.0532,36.73431],[28.05625,36.73375],[28.06069,36.73375],[28.06236,36.73431],[28.06403,36.73486],[28.0657,36.73431],[28.06653,36.73375],[28.06597,36.73292],[28.06514,36.73236],[28.06458,36.73125],[28.06403,36.73014],[28.06347,36.72931],[28.06292,36.72875],[28.06236,36.7282],[28.06153,36.72764],[28.06097,36.72709],[28.05958,36.72653],[28.05708,36.72597],[28.05597,36.72542],[28.05514,36.72486],[28.05208,36.7243],[28.04986,36.7243],[28.04764,36.7243],[28.04569,36.72486],[28.04542,36.72569],[28.04708,36.72569],[28.04761,36.72625],[28.0482,36.72681],[28.04903,36.72736],[28.04958,36.72792],[28.05014,36.72858],[28.05069,36.72903],[28.05181,36.72958],[28.05292,36.73014],[28.05208,36.73125],[28.04986,36.7318],[28.04792,36.73236],[28.04681,36.73292],[28.04681,36.73403],[28.04883,36.73486],[28.05042,36.73542],[28.05236,36.73486],[28.0532,36.73431]]],[[[28.05986,36.76042],[28.05903,36.75986],[28.05847,36.7593],[28.05597,36.76069],[28.05653,36.76125],[28.05708,36.76181],[28.05986,36.76125],[28.05986,36.76042]]],[[[28.03736,36.75986],[28.03347,36.76097],[28.03347,36.76236],[28.03458,36.76125],[28.03736,36.75986]]],[[[28.12569,36.76181],[28.12681,36.76042],[28.12597,36.76042],[28.12486,36.76097],[28.12403,36.76153],[28.12375,36.76209],[28.12347,36.76292],[28.12458,36.76236],[28.12569,36.76181]]],[[[27.51181,36.66208],[27.51181,36.66097],[27.51125,36.66014],[27.51125,36.65708],[27.51042,36.65653],[27.50986,36.65597],[27.50958,36.65458],[27.50875,36.65514],[27.50875,36.65625],[27.50931,36.65764],[27.50847,36.65792],[27.50764,36.65903],[27.5082,36.65958],[27.50903,36.66014],[27.50958,36.66208],[27.51042,36.66292],[27.51097,36.66236],[27.51181,36.66208]]],[[[27.98958,36.7032],[27.99014,36.70264],[27.99014,36.70125],[27.98903,36.70125],[27.98764,36.70181],[27.98764,36.70458],[27.98903,36.70458],[27.98958,36.70375],[27.98958,36.7032]]],[[[27.96625,36.75208],[27.96625,36.75125],[27.96597,36.75014],[27.96486,36.74986],[27.96375,36.75014],[27.96264,36.75097],[27.96208,36.7518],[27.96236,36.75264],[27.96542,36.75236],[27.96625,36.75208]]],[[[27.40681,36.74153],[27.40819,36.7407],[27.41042,36.74014],[27.41153,36.73958],[27.41236,36.73903],[27.41347,36.73847],[27.41403,36.73764],[27.41264,36.73819],[27.41153,36.73875],[27.40958,36.73931],[27.40819,36.73986],[27.40681,36.74042],[27.4057,36.74097],[27.40431,36.74153],[27.40431,36.74292],[27.4057,36.74236],[27.40681,36.74153]]],[[[27.46986,36.76931],[27.46875,36.76847],[27.4682,36.76903],[27.46764,36.76959],[27.46764,36.7707],[27.46847,36.76986],[27.46986,36.76931]]],[[[27.46236,36.77403],[27.46292,36.77347],[27.46347,36.77292],[27.46431,36.77236],[27.46486,36.77125],[27.46431,36.7707],[27.46236,36.77125],[27.46153,36.77181],[27.46014,36.77236],[27.45931,36.77292],[27.45875,36.77375],[27.45875,36.77486],[27.4607,36.77486],[27.46181,36.77431],[27.46236,36.77403]]],[[[27.30597,36.95042],[27.30458,36.95014],[27.30403,36.95125],[27.30375,36.95208],[27.30625,36.95208],[27.30625,36.9507],[27.30597,36.95042]]],[[[27.43125,36.99653],[27.43403,36.99542],[27.43625,36.99431],[27.43847,36.99292],[27.44181,36.99181],[27.4432,36.9907],[27.44542,36.98931],[27.44764,36.98819],[27.44931,36.98708],[27.45209,36.98597],[27.45458,36.98542],[27.45708,36.98403],[27.46236,36.98292],[27.46431,36.9818],[27.47042,36.98069],[27.47208,36.98042],[27.47708,36.97931],[27.47959,36.9782],[27.48236,36.97764],[27.4857,36.97653],[27.48708,36.97542],[27.48903,36.97403],[27.49042,36.97264],[27.4918,36.97042],[27.49291,36.96847],[27.4918,36.96653],[27.49042,36.96514],[27.4882,36.96375],[27.48708,36.96042],[27.4857,36.96042],[27.48292,36.96069],[27.48153,36.96208],[27.4793,36.96069],[27.47819,36.95903],[27.47597,36.9582],[27.47431,36.96069],[27.47264,36.96014],[27.46986,36.96236],[27.46847,36.96375],[27.46653,36.96597],[27.46097,36.96431],[27.45764,36.96431],[27.45653,36.96597],[27.45514,36.96736],[27.45236,36.96875],[27.45069,36.97014],[27.4482,36.9707],[27.44542,36.97014],[27.44486,36.97292],[27.44542,36.97653],[27.44431,36.97847],[27.44375,36.97986],[27.44236,36.98125],[27.4407,36.9818],[27.4393,36.98292],[27.43819,36.98403],[27.43681,36.98514],[27.43375,36.98736],[27.4307,36.98792],[27.42931,36.98847],[27.42514,36.98986],[27.42403,36.99292],[27.42555,36.99681],[27.4282,36.99736],[27.43125,36.99653]]],[[[27.23292,36.9832],[27.23236,36.98208],[27.23153,36.98264],[27.22958,36.98264],[27.22903,36.98431],[27.22958,36.9857],[27.23014,36.98681],[27.23181,36.98681],[27.23264,36.98431],[27.23292,36.9832]]],[[[27.19931,36.99181],[27.19848,36.99181],[27.19791,36.99209],[27.19736,36.99153],[27.19625,36.99209],[27.19569,36.99347],[27.19764,36.99347],[27.19903,36.99292],[27.19931,36.99181]]],[[[27.38681,37.00014],[27.38681,36.99792],[27.38653,36.99681],[27.38598,36.99569],[27.38541,36.99403],[27.38486,36.99307],[27.38486,36.99181],[27.38486,36.9907],[27.38403,36.99014],[27.38319,36.9907],[27.38236,36.99125],[27.38153,36.99181],[27.3807,36.99236],[27.38014,36.99292],[27.37958,36.99375],[27.38014,36.99514],[27.38153,36.99569],[27.38208,36.99681],[27.38264,36.99931],[27.38319,37.00014],[27.38375,37.00069],[27.3843,37.00125],[27.38514,37.0018],[27.38708,37.00125],[27.38681,37.00014]]],[[[27.22125,37.01209],[27.22208,37.01153],[27.22292,37.01069],[27.22348,37.00958],[27.22403,37.00847],[27.22375,37.00792],[27.22319,37.00736],[27.22042,37.00681],[27.21792,37.0057],[27.21736,37.00514],[27.21736,37.00208],[27.21653,37.00153],[27.21597,37.00069],[27.21542,36.99986],[27.21597,36.99875],[27.21458,36.99875],[27.2118,36.99875],[27.21069,36.99736],[27.20958,36.99653],[27.20486,36.99653],[27.20431,36.99708],[27.20347,36.9982],[27.20542,36.9982],[27.20653,36.99931],[27.2082,36.99986],[27.20986,37.00042],[27.21014,37.00153],[27.21069,37.0018],[27.21153,37.00292],[27.21236,37.00375],[27.21292,37.00431],[27.21403,37.00542],[27.21458,37.00597],[27.21542,37.00597],[27.21681,37.00681],[27.21625,37.00847],[27.21625,37.01042],[27.21681,37.01153],[27.21736,37.01209],[27.2182,37.01264],[27.21875,37.0132],[27.21986,37.0132],[27.22069,37.01264],[27.22125,37.01209]]],[[[27.18264,37.00431],[27.18014,37.00514],[27.18014,37.00625],[27.18125,37.0057],[27.18264,37.00431]]],[[[27.36153,37.0093],[27.36236,37.00764],[27.36181,37.00681],[27.36042,37.00625],[27.3593,37.00625],[27.35847,37.00681],[27.35792,37.00792],[27.35736,37.00875],[27.35681,37.01014],[27.35792,37.00986],[27.35903,37.01042],[27.36014,37.01014],[27.36097,37.00958],[27.36153,37.0093]]],[[[27.20431,37.04931],[27.20347,37.04875],[27.20431,37.04709],[27.20347,37.04597],[27.20125,37.04681],[27.19986,37.04736],[27.19931,37.04792],[27.19875,37.04875],[27.19819,37.04986],[27.19903,37.05042],[27.20014,37.05069],[27.20153,37.05069],[27.20236,37.05069],[27.20347,37.05069],[27.20458,37.05014],[27.20431,37.04931]]],[[[27.59208,36.97931],[27.59236,36.97709],[27.5932,36.97709],[27.59375,36.9782],[27.59597,36.9782],[27.59653,36.97764],[27.59792,36.97709],[27.59847,36.97653],[27.5993,36.97597],[27.59986,36.97542],[27.59986,36.97403],[27.59903,36.97347],[27.59708,36.97319],[27.59764,36.97236],[27.59819,36.97181],[27.59819,36.9707],[27.59819,36.96958],[27.59903,36.96903],[27.60097,36.96847],[27.60153,36.96792],[27.60208,36.96736],[27.6007,36.96681],[27.59903,36.96736],[27.59764,36.96792],[27.59708,36.96847],[27.59653,36.96903],[27.59597,36.96958],[27.59458,36.97014],[27.59403,36.96958],[27.5932,36.96903],[27.59181,36.96847],[27.59181,36.97097],[27.59125,36.97236],[27.58875,36.97292],[27.5882,36.97542],[27.58764,36.97625],[27.5882,36.97903],[27.58875,36.97986],[27.59049,36.97986],[27.59181,36.97931],[27.59208,36.97931]]],[[[27.57847,36.97847],[27.58153,36.9782],[27.58097,36.97764],[27.57986,36.97709],[27.57847,36.97709],[27.57847,36.97847]]],[[[27.65681,36.97875],[27.65764,36.97792],[27.65681,36.97792],[27.65597,36.97847],[27.65542,36.97903],[27.6557,36.97958],[27.65653,36.97903],[27.65681,36.97875]]],[[[27.21458,37.08847],[27.21458,37.08736],[27.21431,37.08597],[27.21375,37.08431],[27.2118,37.08375],[27.21125,37.08319],[27.21042,37.08264],[27.20986,37.08153],[27.20931,37.08153],[27.20764,37.0807],[27.20542,37.08125],[27.20486,37.08181],[27.20431,37.08236],[27.20431,37.08458],[27.20569,37.08514],[27.20653,37.08625],[27.20653,37.08792],[27.20708,37.08875],[27.20764,37.08931],[27.20847,37.08986],[27.21403,37.08931],[27.21458,37.08847]]],[[[27.23792,37.08958],[27.23903,37.08903],[27.24097,37.08847],[27.24097,37.08736],[27.23792,37.08681],[27.23653,37.08597],[27.23514,37.08681],[27.23403,37.08736],[27.23292,37.0882],[27.23208,37.08986],[27.23264,37.08931],[27.23431,37.08986],[27.23514,37.09042],[27.2368,37.09042],[27.23764,37.08986],[27.23792,37.08958]]],[[[27.4757,37.12264],[27.47514,37.12125],[27.47458,37.12042],[27.47403,37.11986],[27.47347,37.11932],[27.47292,37.11847],[27.46958,37.1182],[27.46903,37.11875],[27.47014,37.11986],[27.47097,37.12042],[27.47153,37.12097],[27.47208,37.12153],[27.47292,37.1232],[27.47458,37.12375],[27.47514,37.12375],[27.4757,37.12292],[27.4757,37.12264]]],[[[27.25792,37.13097],[27.25708,37.13153],[27.25542,37.13208],[27.25625,37.13264],[27.25625,37.13375],[27.25681,37.13319],[27.25792,37.13097]]],[[[27.48153,37.12708],[27.48097,37.12597],[27.48042,37.12486],[27.47708,37.12542],[27.47653,37.1268],[27.47708,37.12792],[27.47764,37.12847],[27.47847,37.12931],[27.47959,37.12986],[27.48042,37.13042],[27.48181,37.13042],[27.48181,37.12736],[27.48153,37.12708]]],[[[27.53375,37.16375],[27.53569,37.16264],[27.53625,37.16125],[27.53347,37.16125],[27.53431,37.15764],[27.53402,37.15514],[27.53486,37.15319],[27.53542,37.15125],[27.53125,37.1507],[27.53208,37.14903],[27.53153,37.14708],[27.53097,37.14459],[27.52958,37.1432],[27.52792,37.14097],[27.52569,37.14097],[27.52014,37.14375],[27.51875,37.14486],[27.51764,37.14764],[27.51819,37.14986],[27.51458,37.14958],[27.51264,37.14817],[27.50736,37.14681],[27.50597,37.1457],[27.50514,37.14459],[27.50236,37.14236],[27.49764,37.14125],[27.49291,37.14069],[27.49014,37.14292],[27.49125,37.14403],[27.49291,37.14542],[27.49458,37.14653],[27.49542,37.14903],[27.49625,37.15042],[27.49625,37.15208],[27.49514,37.15325],[27.49431,37.15653],[27.49625,37.15736],[27.50097,37.15792],[27.5032,37.15681],[27.50458,37.15403],[27.50764,37.15319],[27.50875,37.15542],[27.51042,37.15653],[27.51292,37.15764],[27.51458,37.15903],[27.51653,37.15847],[27.51792,37.16014],[27.51903,37.16236],[27.52181,37.16264],[27.52347,37.16153],[27.52625,37.16236],[27.52903,37.16208],[27.53014,37.16319],[27.53125,37.16458],[27.53347,37.16458],[27.53375,37.16375]]],[[[27.52292,37.19569],[27.5207,37.19625],[27.52014,37.1968],[27.5193,37.19736],[27.52208,37.1968],[27.52292,37.19569]]],[[[27.39458,37.13931],[27.39375,37.13875],[27.39292,37.1382],[27.39208,37.13764],[27.39125,37.13709],[27.38931,37.13653],[27.38736,37.13681],[27.38541,37.13764],[27.38541,37.13958],[27.38764,37.14014],[27.38931,37.13986],[27.39069,37.14042],[27.39458,37.13986],[27.39458,37.13931]]],[[[27.36542,37.17375],[27.36875,37.1732],[27.36931,37.17264],[27.36986,37.17153],[27.37042,37.1707],[27.37097,37.16986],[27.37264,37.1693],[27.37403,37.16875],[27.37569,37.16819],[27.37744,37.16764],[27.37847,37.16708],[27.37903,37.16653],[27.37903,37.16319],[27.37792,37.16264],[27.37597,37.16208],[27.37292,37.16153],[27.36931,37.16153],[27.36875,37.16208],[27.36736,37.16292],[27.36681,37.16375],[27.36625,37.16681],[27.36569,37.16764],[27.36514,37.16847],[27.36431,37.16958],[27.36375,37.1707],[27.36319,37.17181],[27.36236,37.17347],[27.36125,37.17431],[27.36181,37.17486],[27.36292,37.17486],[27.36486,37.17431],[27.36542,37.17375]]],[[[27.35959,37.17569],[27.36014,37.17486],[27.35986,37.17375],[27.35819,37.17403],[27.35597,37.17292],[27.35403,37.17375],[27.35347,37.17486],[27.35431,37.17681],[27.35597,37.17681],[27.35903,37.17625],[27.35959,37.17569]]],[[[27.36708,37.28181],[27.36653,37.28069],[27.36569,37.28014],[27.36458,37.28014],[27.36319,37.28125],[27.36375,37.28181],[27.36431,37.28236],[27.36486,37.2832],[27.36542,37.28375],[27.36597,37.28458],[27.37042,37.28403],[27.36986,37.28292],[27.36875,37.28236],[27.36708,37.28181]]],[[[27.55097,37.20181],[27.55153,37.20097],[27.55208,37.19931],[27.55264,37.19819],[27.55125,37.19819],[27.55069,37.19931],[27.55069,37.20097],[27.55014,37.20208],[27.54958,37.20264],[27.55042,37.20208],[27.55097,37.20181]]],[[[27.55097,37.25292],[27.55181,37.25236],[27.55236,37.2518],[27.55375,37.2518],[27.55458,37.25125],[27.55542,37.25042],[27.55597,37.24986],[27.55736,37.24931],[27.55792,37.24875],[27.55875,37.2482],[27.55959,37.24764],[27.56097,37.24708],[27.56153,37.24653],[27.56375,37.24653],[27.56375,37.24569],[27.56375,37.24458],[27.56236,37.24403],[27.56181,37.24458],[27.56042,37.24514],[27.55792,37.24569],[27.55708,37.24625],[27.55653,37.24681],[27.55597,37.24764],[27.55542,37.2482],[27.55458,37.24875],[27.55236,37.24931],[27.55097,37.24986],[27.54986,37.25042],[27.54875,37.25097],[27.5482,37.2518],[27.54764,37.25292],[27.55014,37.25347],[27.55097,37.25292]]],[[[27.56069,37.25431],[27.56125,37.25319],[27.55986,37.25375],[27.55875,37.25514],[27.56042,37.25459],[27.56069,37.25431]]]]}},{"type":"Feature","properties":{"name":"Mus","iso":"TUR"},"geometry":{"type":"MultiPolygon","coordinates":[[[[42.05621,38.69475],[41.97848,38.64627],[41.8745,38.5926],[41.76753,38.60199],[41.57682,38.58787],[41.48917,38.54414],[41.4053,38.5257],[41.37959,38.55856],[41.39457,38.60486],[41.33335,38.67334],[41.28348,38.70128],[41.25476,38.75728],[41.19759,38.82254],[41.15818,38.89404],[41.18694,38.94144],[41.24296,38.99903],[41.27414,39.11057],[41.2044,39.16356],[41.18594,39.25014],[41.17542,39.31401],[41.24506,39.36687],[41.34638,39.38212],[41.44917,39.36378],[41.53429,39.32184],[41.61324,39.24917],[41.65699,39.20374],[41.74512,39.17127],[41.83883,39.16224],[41.95184,39.19599],[42.02906,39.21048],[42.11347,39.25026],[42.19103,39.2964],[42.21206,39.35962],[42.20168,39.39922],[42.28194,39.44186],[42.38665,39.47089],[42.46341,39.4861],[42.49599,39.41711],[42.52386,39.369],[42.61452,39.28639],[42.68422,39.23136],[42.73174,39.1534],[42.74984,39.03715],[42.7644,38.97177],[42.76899,38.9404],[42.62638,38.92692],[42.52036,38.93218],[42.41882,38.93533],[42.31013,38.93563],[42.19296,38.89045],[42.14676,38.83451],[42.04327,38.82349],[41.99596,38.79948],[42.04583,38.74003],[42.05621,38.69475]]]]}},{"type":"Feature","properties":{"name":"Nevsehir","iso":"TUR"},"geometry":{"type":"MultiPolygon","coordinates":[[[[34.38632,38.45207],[34.33554,38.50557],[34.29884,38.57569],[34.24596,38.64008],[34.20462,38.68042],[34.24427,38.74813],[34.28831,38.80582],[34.30895,38.85703],[34.37746,38.88648],[34.45955,38.88373],[34.49936,38.94611],[34.54068,39.00757],[34.57868,39.03834],[34.56758,39.07906],[34.62188,39.08644],[34.6371,39.11599],[34.62434,39.17078],[34.68227,39.21041],[34.68735,39.24832],[34.7016,39.29314],[34.75432,39.34918],[34.74066,39.36289],[34.67129,39.32052],[34.62228,39.3205],[34.62688,39.40959],[34.67719,39.47478],[34.78545,39.43325],[34.79352,39.39883],[34.84751,39.36704],[34.9237,39.33063],[34.90882,39.27361],[34.8986,39.22223],[34.99233,39.14499],[35.01015,39.08291],[35.00578,39.01824],[34.98546,38.96099],[34.96775,38.87572],[34.9602,38.79084],[35.0517,38.76318],[35.07307,38.64008],[35.03178,38.57513],[34.94599,38.54813],[34.90698,38.49049],[34.9218,38.40639],[34.86943,38.36314],[34.78518,38.35391],[34.6778,38.40794],[34.6087,38.3896],[34.53317,38.37545],[34.47068,38.39536],[34.39287,38.44366],[34.38632,38.45207]]]]}},{"type":"Feature","properties":{"name":"Nigde","iso":"TUR"},"geometry":{"type":"MultiPolygon","coordinates":[[[[34.9228,37.70719],[34.87721,37.71083],[34.85201,37.7038],[34.82201,37.68015],[34.81659,37.65838],[34.83308,37.62986],[34.84926,37.59533],[34.86094,37.56116],[34.85731,37.51385],[34.83175,37.49845],[34.79663,37.47516],[34.78491,37.45066],[34.70718,37.39587],[34.65702,37.3777],[34.5998,37.35137],[34.50206,37.36221],[34.47634,37.40234],[34.41468,37.44981],[34.38426,37.454],[34.3802,37.5004],[34.39223,37.52866],[34.39962,37.56085],[34.42791,37.60521],[34.45324,37.64763],[34.45345,37.69588],[34.42825,37.73503],[34.40402,37.76359],[34.37401,37.79852],[34.34213,37.83559],[34.31725,37.86482],[34.27433,37.90557],[34.24944,37.92959],[34.22374,37.94199],[34.18108,37.9833],[34.13924,38.01117],[34.12998,38.02684],[34.15157,38.05561],[34.18676,38.07006],[34.21161,38.07052],[34.25737,38.05341],[34.27059,38.05756],[34.29768,38.08946],[34.31671,38.11711],[34.33482,38.13827],[34.36628,38.15329],[34.38952,38.1619],[34.39626,38.1827],[34.39628,38.23383],[34.379,38.26893],[34.36603,38.30812],[34.37018,38.37345],[34.38405,38.41722],[34.41679,38.42785],[34.45804,38.39973],[34.50877,38.38404],[34.52778,38.3761],[34.55953,38.38164],[34.60235,38.38772],[34.64715,38.40491],[34.67074,38.40872],[34.72268,38.38892],[34.77081,38.35998],[34.80607,38.3507],[34.85221,38.36036],[34.89867,38.37404],[34.91962,38.39821],[34.95848,38.43279],[34.98403,38.42867],[35.00963,38.39638],[35.0241,38.36127],[35.04336,38.31029],[35.06126,38.28385],[35.11538,38.26086],[35.20844,38.25784],[35.24277,38.25187],[35.27958,38.2215],[35.308,38.17734],[35.31248,38.05026],[35.30006,38.01184],[35.26938,37.96542],[35.23033,37.94804],[35.20634,37.90438],[35.20922,37.86544],[35.21662,37.83659],[35.1811,37.80649],[35.13788,37.77217],[35.12255,37.75107],[35.0816,37.71866],[35.04303,37.70193],[35.01475,37.69853],[34.9228,37.70719]]]]}},{"type":"Feature","properties":{"name":"Ordu","iso":"TUR"},"geometry":{"type":"MultiPolygon","coordinates":[[[[38.13749,40.55928],[37.6254,40.5154],[36.91183,40.74467],[37.0057,41.05382],[37.1743,41.14608],[37.20986,41.14347],[37.25153,41.14597],[37.28597,41.14514],[37.29042,41.13514],[37.29625,41.12292],[37.32264,41.11514],[37.34125,41.11708],[37.35403,41.10986],[37.38958,41.10625],[37.40792,41.09557],[37.42014,41.08319],[37.44792,41.07403],[37.47236,41.06403],[37.48292,41.0493],[37.49486,41.0368],[37.52264,41.02542],[37.55986,41.02653],[37.58597,41.03486],[37.60236,41.04542],[37.61208,41.05764],[37.62069,41.07403],[37.63347,41.08625],[37.64375,41.10042],[37.65375,41.11625],[37.6707,41.12597],[37.68347,41.13625],[37.69625,41.12125],[37.7207,41.11542],[37.74153,41.11764],[37.76597,41.11552],[37.78819,41.11322],[37.78181,41.09681],[37.77458,41.07875],[37.77875,41.06014],[37.79014,41.04792],[37.80208,41.03764],[37.81792,41.02319],[37.85514,41.02069],[37.86625,41.01514],[37.87403,40.9982],[37.88708,40.98542],[37.93319,40.98289],[37.94847,40.98292],[38.02069,40.97687],[38.04764,40.9707],[38.06403,40.96847],[38.09958,40.96208],[38.09176,40.8919],[38.13749,40.55928]]]]}},{"type":"Feature","properties":{"name":"Osmaniye","iso":"TUR"},"geometry":{"type":"MultiPolygon","coordinates":[[[[36.60643,37.166],[36.5325,37.10746],[36.506,37.06283],[36.48237,37.02779],[36.46857,36.99551],[36.44259,36.95329],[36.36496,36.95289],[36.33818,36.95887],[36.30577,36.97511],[36.28161,36.99868],[36.20462,37.0124],[36.16446,37.02231],[36.04161,37.02555],[36.05064,37.07058],[36.06145,37.10886],[36.04942,37.14035],[36.02658,37.16172],[35.98444,37.17028],[35.95147,37.15201],[35.89479,37.12913],[35.86649,37.12002],[35.85597,37.12447],[35.85183,37.1339],[35.86787,37.16182],[35.9043,37.20827],[35.88108,37.25007],[35.88182,37.35119],[35.89326,37.37318],[35.92047,37.41314],[35.95396,37.45443],[35.98399,37.501],[36.01376,37.54766],[36.03329,37.57089],[36.06652,37.58695],[36.10839,37.61411],[36.15035,37.63544],[36.19472,37.64778],[36.30237,37.65125],[36.28612,37.61095],[36.26532,37.5774],[36.22962,37.5457],[36.21281,37.51701],[36.21623,37.48696],[36.227,37.43695],[36.23889,37.40297],[36.24474,37.37318],[36.25803,37.36203],[36.32787,37.3484],[36.39421,37.35228],[36.44196,37.37012],[36.48895,37.36886],[36.53362,37.38375],[36.5582,37.4045],[36.58278,37.4052],[36.61327,37.38462],[36.65104,37.32999],[36.70928,37.28859],[36.71627,37.26315],[36.68133,37.23315],[36.6687,37.21466],[36.63627,37.1908],[36.60643,37.166]]]]}},{"type":"Feature","properties":{"name":"Rize","iso":"TUR"},"geometry":{"type":"MultiPolygon","coordinates":[[[[40.47891,40.62859],[40.33597,40.99625],[40.34708,41.00542],[40.35875,41.01403],[40.37959,41.02375],[40.42542,41.02597],[40.45292,41.03125],[40.47625,41.03514],[40.49542,41.04042],[40.51264,41.03986],[40.51458,41.03042],[40.55125,41.03042],[40.5643,41.03903],[40.58097,41.04736],[40.61139,41.05181],[40.62625,41.05931],[40.63986,41.06542],[40.66403,41.07292],[40.68069,41.0793],[40.69514,41.0793],[40.7132,41.08569],[40.72764,41.09403],[40.73986,41.10347],[40.74986,41.11681],[40.75958,41.12764],[40.77097,41.1382],[40.78181,41.14736],[40.79514,41.15653],[40.81569,41.16208],[40.83042,41.16986],[40.84097,41.17216],[40.8568,41.17708],[40.87903,41.1818],[40.9082,41.18208],[40.9318,41.17625],[40.94736,41.18347],[40.96514,41.19014],[40.98708,41.19569],[41.00736,41.19847],[41.02431,41.2057],[41.04486,41.21125],[41.06319,41.21819],[41.07431,41.22542],[41.08541,41.23458],[41.09681,41.24236],[41.11014,41.25014],[41.12875,41.26014],[41.13931,41.27097],[41.14819,41.27903],[41.17486,41.2868],[41.19264,41.29375],[41.20958,41.30153],[41.31956,41.0085],[40.81523,40.64936],[40.47891,40.62859]]]]}},{"type":"Feature","properties":{"name":"Sakarya","iso":"TUR"},"geometry":{"type":"MultiPolygon","coordinates":[[[[30.54286,40.35845],[30.27769,40.39609],[30.05086,40.4218],[29.92488,40.57753],[30.21835,40.62565],[30.29649,40.76813],[30.37189,40.8546],[30.3164,40.98561],[30.34651,41.12116],[30.37292,41.17792],[30.38042,41.17514],[30.38653,41.17264],[30.39625,41.16986],[30.40514,41.16708],[30.41569,41.16459],[30.42653,41.1618],[30.43708,41.15958],[30.44847,41.15681],[30.45903,41.15403],[30.47236,41.15125],[30.48653,41.14847],[30.50292,41.14569],[30.51931,41.14292],[30.53708,41.14014],[30.55903,41.13736],[30.58292,41.13458],[30.60792,41.13181],[30.63097,41.12903],[30.65292,41.12875],[30.65847,41.12542],[30.66764,41.12264],[30.67292,41.12014],[30.67903,41.11708],[30.68708,41.11514],[30.69125,41.11208],[30.70097,41.10931],[30.70708,41.10653],[30.71264,41.10375],[30.72042,41.10069],[30.7282,41.09792],[30.73542,41.09514],[30.74125,41.09236],[30.74847,41.08958],[30.75458,41.08681],[30.7718,41.08569],[30.78486,41.08514],[30.81181,41.08264],[30.83236,41.07986],[30.84708,41.07764],[30.86236,41.0757],[30.91153,41.07292],[30.96014,41.07236],[31.02774,41.02679],[30.911,40.90034],[30.94821,40.75186],[30.94281,40.56413],[30.61882,40.46332],[30.64291,40.3548],[30.54286,40.35845]]],[[[30.36931,41.17931],[30.36891,41.17931],[30.36931,41.17931]]]]}},{"type":"Feature","properties":{"name":"Samsun","iso":"TUR"},"geometry":{"type":"MultiPolygon","coordinates":[[[[36.4012,40.89507],[35.10371,41.37346],[35.53569,41.63392],[35.60764,41.63458],[35.66069,41.64347],[35.71208,41.65542],[35.76486,41.6693],[35.81653,41.68486],[35.86153,41.69931],[35.89375,41.71153],[35.93014,41.72486],[35.96069,41.73292],[35.99447,41.71514],[36.0332,41.69847],[36.06542,41.67958],[36.08569,41.65764],[36.10403,41.63625],[36.12208,41.58764],[36.12764,41.52431],[36.12542,41.47236],[36.14486,41.44959],[36.16958,41.42781],[36.18875,41.40736],[36.20792,41.38958],[36.23153,41.37069],[36.25403,41.34653],[36.30292,41.32847],[36.34486,41.31347],[36.34069,41.29125],[36.37021,41.27236],[36.39375,41.25229],[36.47875,41.24847],[36.52228,41.26403],[36.5532,41.27958],[36.57459,41.29808],[36.59264,41.32341],[36.61153,41.35069],[36.62514,41.37042],[36.65597,41.37653],[36.67875,41.37208],[36.75958,41.35986],[36.85125,41.34311],[36.89931,41.32486],[36.93908,41.3068],[36.9832,41.28847],[37.01597,41.26903],[37.02458,41.21275],[37.0257,41.20014],[37.0568,41.17375],[37.11287,41.15514],[36.42752,40.87961],[36.4012,40.89507]]],[[[36.65986,41.37986],[36.66014,41.37959],[36.66042,41.37875],[36.66097,41.37792],[36.66125,41.37708],[36.66097,41.37493],[36.65875,41.37458],[36.6582,41.37514],[36.65792,41.37597],[36.65764,41.3768],[36.65681,41.37792],[36.65625,41.37875],[36.65588,41.37931],[36.65653,41.3797],[36.65692,41.38042],[36.65903,41.38042],[36.65986,41.37986]]]]}},{"type":"Feature","properties":{"name":"Sanliurfa","iso":"TUR"},"geometry":{"type":"MultiPolygon","coordinates":[[[[38.59097,36.81742],[38.44939,36.88181],[38.26902,36.91266],[38.18781,36.90458],[38.05561,36.84544],[38.01077,36.82863],[37.99161,36.95781],[37.88892,37.04795],[37.8634,37.10315],[37.83471,37.19113],[37.84837,37.31248],[37.90577,37.35992],[37.97583,37.43397],[38.05151,37.43759],[38.13625,37.41282],[38.19319,37.4181],[38.28303,37.46579],[38.38675,37.48677],[38.51759,37.50515],[38.59038,37.56012],[38.68339,37.60323],[38.77856,37.63407],[38.83769,37.65057],[38.82882,37.68869],[38.92647,37.7373],[38.96235,37.77096],[38.97775,37.89011],[39.03306,37.95293],[39.12526,38.01227],[39.22131,38.01619],[39.41054,37.99598],[39.52974,37.92028],[39.60785,37.87223],[39.68558,37.83484],[39.81219,37.79303],[39.86157,37.74009],[39.88011,37.54991],[39.90505,37.50286],[39.93451,37.43269],[39.98357,37.34669],[40.04348,37.25353],[40.0882,37.17196],[40.12965,37.0919],[40.15737,36.98383],[40.20676,36.93461],[40.18086,36.87868],[40.01836,36.82487],[39.85598,36.76052],[39.67577,36.72948],[39.49827,36.70129],[39.34484,36.6896],[39.07394,36.69821],[38.84706,36.69668],[38.67331,36.74779],[38.59097,36.81742]]]]}},{"type":"Feature","properties":{"name":"Siirt","iso":"TUR"},"geometry":{"type":"MultiPolygon","coordinates":[[[[41.87041,37.75683],[41.83897,37.76422],[41.78863,37.74978],[41.76147,37.74209],[41.74548,37.74689],[41.70774,37.78431],[41.73793,37.82557],[41.73683,37.85108],[41.71403,37.85765],[41.51866,37.85847],[41.46745,37.87783],[41.4333,37.89507],[41.41212,37.91578],[41.41405,37.9312],[41.45219,37.96952],[41.48082,37.98624],[41.48128,38.02125],[41.55058,38.02089],[41.61693,38.05543],[41.64344,38.09767],[41.65205,38.1325],[41.66338,38.15699],[41.67487,38.19519],[41.72716,38.19069],[41.77387,38.17577],[41.82805,38.16296],[41.8848,38.15735],[41.92744,38.14788],[41.96553,38.15639],[41.98841,38.15239],[42.04266,38.15836],[42.09523,38.20077],[42.13064,38.20661],[42.16885,38.2164],[42.20791,38.21694],[42.25727,38.20473],[42.30037,38.18467],[42.32912,38.16183],[42.39294,38.13319],[42.41853,38.1246],[42.46494,38.11592],[42.49809,38.11],[42.54924,38.08712],[42.59676,38.06816],[42.63016,38.06113],[42.6784,38.03727],[42.71719,38.01719],[42.73357,38.01217],[42.77048,38.02693],[42.81693,38.05527],[42.85032,38.06485],[42.89308,38.05467],[42.9546,38.05151],[42.97504,38.03913],[42.99761,38.00616],[43.0128,37.97133],[43.02039,37.91525],[43.00298,37.87832],[42.98537,37.84021],[42.93916,37.81858],[42.89368,37.82473],[42.84539,37.83285],[42.76138,37.83528],[42.69332,37.87243],[42.67292,37.87898],[42.60341,37.87852],[42.56593,37.86588],[42.50595,37.84253],[42.47653,37.82293],[42.44464,37.78639],[42.41054,37.74816],[42.36824,37.7187],[42.32302,37.69592],[42.19517,37.69397],[42.16399,37.68932],[42.13424,37.68395],[42.10231,37.69291],[42.06727,37.68999],[42.02057,37.68242],[41.96859,37.69534],[41.91889,37.71693],[41.88888,37.7286],[41.87041,37.75683]]]]}},{"type":"Feature","properties":{"name":"Sinop","iso":"TUR"},"geometry":{"type":"MultiPolygon","coordinates":[[[[34.79179,41.20668],[34.22903,41.95486],[34.29264,41.94236],[34.34625,41.94708],[34.39736,41.95319],[34.43431,41.96653],[34.48542,41.97153],[34.50347,41.96125],[34.55625,41.9485],[34.60625,41.94514],[34.68042,41.94375],[34.73597,41.94653],[34.78514,41.95403],[34.82014,41.96486],[34.84458,41.97903],[34.86903,41.99541],[34.8932,42.01264],[34.9118,42.02958],[34.93125,42.05292],[34.94653,42.07875],[34.9593,42.09542],[35.00125,42.0918],[35.03153,42.07819],[35.04319,42.06014],[35.04819,42.04736],[35.06569,42.03042],[35.1432,42.02697],[35.17319,42.04097],[35.20153,42.02681],[35.19208,42.01542],[35.13931,42.02208],[35.11625,42.00542],[35.10042,41.97264],[35.08931,41.93153],[35.10403,41.89986],[35.12431,41.88014],[35.13458,41.8532],[35.15792,41.83986],[35.17653,41.81847],[35.20403,41.80431],[35.19903,41.78431],[35.21347,41.76347],[35.2407,41.74875],[35.2632,41.73347],[35.28347,41.7132],[35.33319,41.69986],[35.38931,41.68764],[35.42514,41.67208],[35.44792,41.6582],[35.48594,41.64403],[35.05022,41.35226],[34.79179,41.20668]]]]}},{"type":"Feature","properties":{"name":"Sirnak","iso":"TUR"},"geometry":{"type":"MultiPolygon","coordinates":[[[[42.80326,37.37804],[42.73426,37.3479],[42.74327,37.31804],[42.70819,37.30789],[42.70066,37.28542],[42.66455,37.26199],[42.62702,37.21403],[42.59165,37.14725],[42.50756,37.13295],[42.45372,37.1297],[42.40359,37.11214],[42.35631,37.13974],[42.35742,37.22753],[42.30316,37.26509],[42.2271,37.27662],[42.2322,37.31736],[42.15377,37.25976],[42.01634,37.17744],[41.87758,37.17097],[41.87781,37.23854],[41.85604,37.30355],[41.80611,37.29663],[41.75642,37.29671],[41.74073,37.46834],[41.83321,37.49396],[41.93159,37.51573],[41.93355,37.5859],[41.95734,37.63767],[41.90385,37.7053],[41.91889,37.71693],[42.02057,37.68242],[42.10231,37.69291],[42.16399,37.68932],[42.32302,37.69592],[42.41054,37.74816],[42.47653,37.82293],[42.56593,37.86588],[42.67292,37.87898],[42.76138,37.83528],[42.89368,37.82473],[42.98907,37.79926],[43.07023,37.76237],[43.20805,37.74307],[43.31773,37.72792],[43.48334,37.66826],[43.46199,37.57708],[43.43498,37.38175],[43.46594,37.30672],[43.38366,37.31992],[43.32873,37.30625],[43.27969,37.32673],[43.18194,37.35734],[43.14071,37.37007],[43.06799,37.35821],[43.0022,37.32814],[42.91212,37.33281],[42.84213,37.35133],[42.80326,37.37804]]]]}},{"type":"Feature","properties":{"name":"Sivas","iso":"TUR"},"geometry":{"type":"MultiPolygon","coordinates":[[[[37.01151,38.60775],[36.83504,38.61535],[36.76723,38.68805],[36.84293,38.83919],[36.91772,38.99067],[36.91714,39.10745],[36.76521,39.17606],[36.46979,39.13188],[36.30744,39.13026],[35.96096,39.18782],[35.81363,39.30302],[35.95716,39.41066],[36.06919,39.53653],[36.14163,39.66542],[36.11034,39.75968],[36.03825,39.86015],[36.01618,39.94498],[36.30593,39.95699],[36.57619,39.98748],[36.71238,40.09578],[36.76101,40.21111],[37.01263,40.20258],[37.18392,40.18868],[37.40246,40.15706],[37.4988,40.25154],[37.58262,40.34763],[37.66271,40.42186],[37.77896,40.32986],[37.9405,40.39952],[38.1671,40.49207],[38.21662,40.34903],[38.25192,40.1963],[38.40905,40.11554],[38.57721,40.11421],[38.74494,40.06057],[38.69979,39.95419],[38.41126,39.94027],[38.38422,39.82738],[38.53884,39.84372],[38.45618,39.78964],[38.3849,39.70446],[38.34833,39.55469],[38.39358,39.21339],[38.24178,39.09991],[37.93951,39.05908],[37.71183,39.00113],[37.55365,38.96843],[37.58493,38.80167],[37.48601,38.70621],[37.3212,38.60672],[37.03039,38.60022],[37.01151,38.60775]]]]}},{"type":"Feature","properties":{"name":"Tekirdag","iso":"TUR"},"geometry":{"type":"MultiPolygon","coordinates":[[[[27.03112,40.71579],[26.7446,41.06042],[27.41025,41.27715],[28.01987,41.55388],[28.18208,41.57125],[28.18681,41.55458],[28.14216,41.23486],[28.08653,41.05792],[28.05847,41.0493],[28.02458,41.03931],[28.00403,41.02792],[27.98958,41.01653],[27.98708,40.99181],[27.96375,40.98097],[27.96625,40.96736],[27.93069,40.96597],[27.89292,40.96514],[27.86181,40.97403],[27.84708,40.98903],[27.81125,40.99986],[27.78014,41.00958],[27.73347,41.01264],[27.69958,41.00236],[27.66375,40.99847],[27.61597,40.99014],[27.57514,40.98347],[27.53208,40.97792],[27.50458,40.96708],[27.49069,40.94653],[27.47986,40.92264],[27.46653,40.90097],[27.4607,40.86486],[27.44764,40.84042],[27.43097,40.82736],[27.40958,40.81625],[27.38931,40.80208],[27.37125,40.78736],[27.35264,40.77125],[27.33514,40.75514],[27.32625,40.73042],[27.31569,40.71041],[27.29792,40.69542],[27.27681,40.68458],[27.2532,40.67236],[27.22903,40.65903],[27.20653,40.64903],[27.18597,40.63736],[27.16125,40.62292],[27.13431,40.61292],[27.1057,40.60903],[27.06319,40.60431],[27.03597,40.59375],[27.03112,40.71579]]]]}},{"type":"Feature","properties":{"name":"Tokat","iso":"TUR"},"geometry":{"type":"MultiPolygon","coordinates":[[[[36.27236,39.96583],[36.14751,39.95425],[35.97913,39.95713],[35.96183,40.04338],[35.90816,40.08545],[35.82484,40.0737],[35.64013,40.08562],[35.54657,40.1534],[35.51778,40.21683],[35.58846,40.2809],[35.69384,40.31527],[35.74987,40.36515],[35.81004,40.45831],[35.85947,40.5041],[35.98906,40.49128],[36.07051,40.45601],[36.17234,40.44756],[36.26516,40.49559],[36.34745,40.54673],[36.40538,40.6003],[36.4584,40.66385],[36.4701,40.72611],[36.44729,40.78381],[36.41856,40.83133],[36.48819,40.86433],[36.57824,40.8904],[36.67178,40.89556],[36.68522,40.83191],[36.7307,40.7961],[36.845,40.75217],[36.94123,40.73285],[36.98253,40.70132],[37.09484,40.68897],[37.22647,40.6916],[37.30153,40.66252],[37.32266,40.62939],[37.43306,40.57607],[37.59508,40.55878],[37.62906,40.50426],[37.61557,40.43359],[37.58489,40.35891],[37.55685,40.32398],[37.52271,40.26638],[37.45557,40.21522],[37.41955,40.15407],[37.34259,40.1689],[37.23041,40.1872],[37.11792,40.20998],[37.04246,40.21449],[36.90651,40.20151],[36.77358,40.22377],[36.70993,40.15504],[36.71104,40.10392],[36.68602,40.04818],[36.59984,39.99199],[36.50959,39.96895],[36.42102,39.9563],[36.27236,39.96583]]]]}},{"type":"Feature","properties":{"name":"Trabzon","iso":"TUR"},"geometry":{"type":"MultiPolygon","coordinates":[[[[40.23803,40.50227],[39.83899,40.68364],[39.23006,40.71732],[39.2007,41.07375],[39.21708,41.06486],[39.23597,41.05208],[39.28597,41.05014],[39.31514,41.0607],[39.34375,41.06903],[39.36153,41.07819],[39.37875,41.08569],[39.39597,41.0957],[39.41403,41.10597],[39.43764,41.10042],[39.47764,41.09319],[39.50292,41.08236],[39.51625,41.0682],[39.5293,41.05819],[39.54625,41.04736],[39.55986,41.03486],[39.57847,41.02153],[39.61153,41.01375],[39.63681,41.00236],[39.67181,40.99764],[39.69903,41.00681],[39.73847,41.00875],[39.75347,41.00153],[39.78819,40.99736],[39.81764,40.98708],[39.83986,40.97014],[39.85209,40.96069],[39.90958,40.9543],[39.95347,40.9593],[39.99514,40.9632],[40.02486,40.95819],[40.04958,40.95264],[40.05819,40.94042],[40.07486,40.92681],[40.1068,40.91653],[40.1543,40.91375],[40.18986,40.91819],[40.20458,40.92542],[40.22181,40.92681],[40.24042,40.93403],[40.25819,40.94236],[40.27958,40.95764],[40.28736,40.95792],[40.30375,40.96847],[40.31625,40.97736],[40.32847,40.98792],[40.51182,40.6904],[40.23803,40.50227]]]]}},{"type":"Feature","properties":{"name":"Tunceli","iso":"TUR"},"geometry":{"type":"MultiPolygon","coordinates":[[[[39.59479,38.78753],[39.49058,38.74916],[39.38441,38.78021],[39.29186,38.82214],[39.1964,38.84928],[39.0969,38.88061],[38.94997,38.89457],[38.85641,38.87209],[38.77063,38.89613],[38.78246,38.94236],[38.77409,39.00616],[38.74165,39.07092],[38.72913,39.1204],[38.77146,39.1803],[38.84495,39.19542],[38.92249,39.24321],[38.8339,39.25762],[38.82414,39.32198],[38.89021,39.34692],[38.97726,39.38253],[39.08103,39.45123],[39.16561,39.47666],[39.26701,39.48943],[39.33489,39.49835],[39.4435,39.48547],[39.56646,39.48615],[39.60999,39.47368],[39.64005,39.44075],[39.72397,39.48232],[39.80076,39.53017],[39.90934,39.54382],[40.07723,39.54344],[40.2388,39.54986],[40.53966,39.52605],[40.48011,39.48956],[40.37454,39.44327],[40.33386,39.41778],[40.37992,39.40073],[40.33252,39.35154],[40.25697,39.31706],[40.17711,39.29063],[40.07948,39.29137],[40.03421,39.20999],[40.04332,39.15574],[40.01405,39.09768],[39.91342,39.08332],[39.86697,39.03698],[39.89506,38.96994],[39.86143,38.89517],[39.7788,38.81804],[39.69131,38.80104],[39.59479,38.78753]]]]}},{"type":"Feature","properties":{"name":"Usak","iso":"TUR"},"geometry":{"type":"MultiPolygon","coordinates":[[[[29.41221,38.25927],[29.37299,38.24308],[29.34259,38.22781],[29.29812,38.21634],[29.23261,38.20153],[29.17228,38.21187],[29.11156,38.21588],[29.05178,38.22968],[29.00679,38.2414],[28.9522,38.26098],[28.90961,38.27737],[28.87319,38.30964],[28.84807,38.33792],[28.83828,38.36959],[28.85374,38.38274],[28.85608,38.43296],[28.85102,38.46141],[28.84029,38.49908],[28.84327,38.53791],[28.85243,38.55912],[28.8488,38.5807],[28.87878,38.63742],[28.89613,38.64303],[28.94168,38.67643],[28.97804,38.68937],[29.00889,38.71812],[29.03649,38.7277],[29.0791,38.73873],[29.20424,38.73808],[29.23098,38.73283],[29.24613,38.74281],[29.26875,38.76715],[29.31165,38.78401],[29.35667,38.79035],[29.41093,38.81104],[29.45601,38.82603],[29.51853,38.8415],[29.56713,38.86086],[29.60428,38.87795],[29.6538,38.88773],[29.70828,38.88997],[29.73537,38.88187],[29.77691,38.86851],[29.82647,38.85629],[29.86618,38.83295],[29.88928,38.79594],[29.89437,38.70968],[29.87977,38.6768],[29.87276,38.64422],[29.84446,38.5999],[29.81445,38.55333],[29.79056,38.52084],[29.7671,38.48137],[29.74431,38.44992],[29.68576,38.43269],[29.66697,38.40316],[29.65485,38.36523],[29.64538,38.33946],[29.61521,38.30267],[29.59683,38.27704],[29.59086,38.23353],[29.57946,38.20225],[29.55022,38.19338],[29.51316,38.21661],[29.48429,38.2304],[29.44461,38.25138],[29.41898,38.26074],[29.41221,38.25927]]]]}},{"type":"Feature","properties":{"name":"Van","iso":"TUR"},"geometry":{"type":"MultiPolygon","coordinates":[[[[43.53415,37.71949],[43.27641,37.73786],[43.07023,37.76237],[42.98537,37.84021],[43.0128,37.97133],[42.9546,38.05151],[42.8084,38.08972],[42.77975,38.14872],[42.72006,38.20351],[42.73443,38.28802],[42.69822,38.37894],[42.72961,38.45822],[42.88175,38.51926],[42.95969,38.61477],[43.04057,38.70202],[43.13693,38.77451],[43.19769,38.83376],[43.03442,38.96971],[43.01339,39.05366],[43.11544,39.12546],[43.1685,39.23163],[43.08467,39.28419],[43.11271,39.32338],[43.23735,39.36519],[43.3331,39.40183],[43.44334,39.37751],[43.53624,39.30588],[43.64554,39.30243],[43.86525,39.36857],[44.04536,39.36393],[44.0894,39.29654],[44.10888,39.22471],[44.23231,39.10028],[44.20054,39.06901],[44.19112,38.96119],[44.22202,38.89585],[44.31613,38.83386],[44.27862,38.71343],[44.31604,38.63606],[44.32199,38.41528],[44.38275,38.36532],[44.47986,38.35804],[44.42225,38.27356],[44.3932,38.13672],[44.33108,38.07645],[44.25693,37.95954],[44.28725,37.86717],[44.41212,37.82444],[44.4698,37.79196],[44.56374,37.77439],[44.49103,37.68317],[44.3896,37.64609],[44.2924,37.64323],[44.22033,37.64778],[44.23106,37.74408],[44.14261,37.74819],[44.0075,37.71775],[43.84592,37.70569],[43.71762,37.71543],[43.53415,37.71949]]]]}},{"type":"Feature","properties":{"name":"Yalova","iso":"TUR"},"geometry":{"type":"MultiPolygon","coordinates":[[[[29.03705,40.53331],[29.01958,40.47347],[28.99875,40.46792],[28.97986,40.45958],[28.97069,40.45958],[28.95375,40.46292],[28.92125,40.46597],[28.90264,40.47208],[28.88403,40.47903],[28.87625,40.48736],[28.86569,40.49597],[28.85681,40.50375],[28.83597,40.50847],[28.81431,40.51153],[28.79375,40.51597],[28.78042,40.53653],[28.7907,40.54847],[28.80264,40.55653],[28.81681,40.56514],[28.84736,40.5718],[28.87208,40.57819],[28.89431,40.58514],[28.90486,40.59125],[28.92403,40.59792],[28.93625,40.60486],[28.94958,40.61153],[28.95514,40.62208],[28.96347,40.63125],[28.97875,40.63903],[28.9907,40.64403],[29.00736,40.64653],[29.02764,40.6468],[29.05264,40.64847],[29.07375,40.64514],[29.09903,40.64347],[29.1218,40.64764],[29.13931,40.65125],[29.14403,40.66069],[29.16486,40.65569],[29.19375,40.65653],[29.22431,40.65708],[29.25319,40.65903],[29.27486,40.66069],[29.2893,40.66319],[29.31208,40.6693],[29.34403,40.6743],[29.3532,40.68153],[29.36319,40.69042],[29.37319,40.69792],[29.39486,40.70181],[29.40847,40.69486],[29.42792,40.68819],[29.44097,40.69069],[29.03705,40.53331]]]]}},{"type":"Feature","properties":{"name":"Yozgat","iso":"TUR"},"geometry":{"type":"MultiPolygon","coordinates":[[[[35.47181,39.18677],[35.46771,39.14294],[35.48297,39.09958],[35.38833,39.06269],[35.24122,39.00565],[35.16181,39.01484],[35.08007,39.03767],[35.00056,39.10211],[34.97756,39.15331],[34.89484,39.23294],[34.91138,39.29913],[34.92025,39.33757],[34.8172,39.37812],[34.8019,39.41566],[34.7587,39.44341],[34.64759,39.48812],[34.57194,39.5238],[34.52546,39.55776],[34.54645,39.60877],[34.51918,39.64412],[34.45675,39.68904],[34.37278,39.74776],[34.23462,39.73669],[34.17025,39.7706],[34.09827,39.80413],[34.05746,39.89199],[34.14625,39.93206],[34.32066,39.94769],[34.38709,39.98984],[34.77755,39.99199],[34.86378,40.03539],[34.96256,40.05064],[35.057,40.02979],[35.12135,40.062],[35.18261,40.11116],[35.16643,40.18897],[35.35103,40.20958],[35.51207,40.18978],[35.61305,40.09906],[35.78476,40.08398],[35.85893,40.07661],[35.93652,40.07973],[35.96208,39.99548],[35.97062,39.91819],[35.9966,39.88116],[36.05145,39.84254],[36.08072,39.77379],[36.12522,39.7432],[36.13356,39.6895],[36.12766,39.63224],[36.09034,39.56681],[36.06618,39.50249],[35.99869,39.43833],[35.89328,39.36864],[35.83141,39.33168],[35.72369,39.22583],[35.65407,39.19998],[35.49503,39.18914],[35.47181,39.18677]]]]}},{"type":"Feature","properties":{"name":"Zinguldak","iso":"TUR"},"geometry":{"type":"MultiPolygon","coordinates":[[[[31.93325,41.01881],[31.34458,41.14458],[31.35653,41.16125],[31.36986,41.17153],[31.38264,41.18292],[31.38542,41.19264],[31.39736,41.20042],[31.40634,41.20875],[31.40292,41.22403],[31.40542,41.24681],[31.40375,41.2682],[31.41736,41.26375],[31.41903,41.27958],[31.40403,41.28792],[31.39264,41.29792],[31.39653,41.31236],[31.41264,41.31458],[31.42875,41.32319],[31.44681,41.32708],[31.46736,41.3293],[31.48042,41.34208],[31.49653,41.35236],[31.52069,41.36014],[31.53958,41.36403],[31.55736,41.37069],[31.57847,41.3732],[31.59847,41.37819],[31.6193,41.38292],[31.63486,41.39292],[31.65375,41.40153],[31.67264,41.40958],[31.69069,41.41486],[31.70625,41.42347],[31.72486,41.43236],[31.74625,41.4393],[31.75708,41.4557],[31.78375,41.45458],[31.78875,41.46625],[31.79903,41.47014],[31.81625,41.4782],[31.83097,41.49153],[31.84375,41.50042],[31.86486,41.50764],[31.88597,41.51625],[31.89875,41.52347],[31.91542,41.52486],[31.93069,41.53181],[31.95569,41.53625],[31.98625,41.54542],[32.00681,41.55375],[32.01875,41.56042],[32.14834,41.16673],[31.93325,41.01881]]]]}}]}